,diarization error rate,total,correct,correct,false alarm,false alarm,missed detection,missed detection,confusion,confusion
,%,,,%,,%,,%,,%
item,,,,,,,,,,
REDLAT_CU365_Semantic.txt,97.16805806923631,32.512637,23.684899999999995,72.84828972808326,22.76416100000001,70.01634779731958,3.4567980000000045,10.632167424623246,5.370938999999996,16.51954284729349
REDLAT_CU024_Phonological2.txt,89.76041161412516,39.241802,15.791172000000003,40.240690272072634,11.772972999999997,30.001101886197777,19.414774999999985,49.47472850507727,4.035855000000012,10.284581222850093
REDLAT_MA742_CraftIm.txt,10.622675176080534,31.187576999999997,30.717310999999995,98.49213678895285,2.842689,9.114811965033386,0.47026600000000185,1.5078632110471484,0.0,0.0
REDLAT_MA439_Phonological.txt,305.88992028262487,12.357281000000015,8.878802000000007,71.85077364510848,34.32119799999999,277.7406939277334,3.478479000000008,28.149226354891535,0.0,0.0
REDLAT_CU367_Semantic.txt,26.450812681957576,49.70560700000001,49.09903500000001,98.77967087294597,12.540964999999996,25.230483554903564,0.6065719999999973,1.2203291270540106,0.0,0.0
REDLAT_SL00342_Phonological.txt,0.44094691003286346,58.779185000000005,58.52,99.55905308996712,0.0,0.0,0.2591850000000004,0.4409469100328634,0.0,0.0
REDLAT_AF152_Fugu.txt,17.810071277492906,16.92119,16.773756999999996,99.12870785092535,2.8662430000000008,16.93877912841828,0.1474330000000007,0.871292149074626,0.0,0.0
REDLAT_SL00340_Semantic.txt,87.22853840375244,31.335739999999994,30.821015999999993,98.35738999621519,26.818984000000007,85.58592839996763,0.5147240000000002,1.6426100037848166,0.0,0.0
REDLAT_CU356_CraftIm.txt,90.80243350349689,11.341836999999998,7.917398999999998,69.8070250877349,6.874226000000003,60.60945859123178,1.4860630000000017,13.102489482083035,1.938374999999999,17.090485430182074
REDLAT_BN00040_CraftIm.txt,22.321926648655143,29.255360000000003,29.012500000000003,99.16986152281154,6.287499999999998,21.491788171466688,0.2428600000000003,0.8301384771884546,0.0,0.0
REDLAT_MA607_Phonological2.txt,66.78118221093193,38.303097,36.511918,95.32367056376668,23.788082000000003,62.10485277469862,1.7911789999999996,4.676329436233314,0.0,0.0
REDLAT_CU411_CraftIm.txt,54.43163946411945,0.950585,0.6265830000000001,65.9155151827559,0.19341699999999995,20.34715464687534,0.3240019999999999,34.08448481724411,0.0,0.0
REDLAT_CU008_Semantic.txt,65.79255730457835,43.501498000000005,35.514988,81.64083912696523,20.634237999999996,47.433396431543564,4.495736000000012,10.334669394603404,3.490773999999997,8.024491478431377
REDLAT_CU482_Fugu.txt,35.5660152384152,29.44151300000001,28.18473400000001,95.73126897384654,9.214393999999995,31.297284212261754,0.8959070000000011,3.043005975949676,0.3608720000000005,1.225725050203773
REDLAT_CU577_CraftDe.txt,82.4255932669407,7.579556,6.746031,89.00298381593856,5.413969,71.42857708287926,0.8335249999999998,10.99701618406144,0.0,0.0
REDLAT_CU117_Fugu.txt,31.022682501109234,28.650456000000002,24.661158,86.07597030916367,4.898842000000001,17.0986528102729,3.9892980000000007,13.924029690836335,0.0,0.0
REDLAT_CU443_Phonological.txt,141.83753719334342,28.127680999999995,17.61086500000001,62.6104405834239,29.378793999999996,104.4479777767673,3.966474999999996,14.101677987602306,6.550340999999989,23.287881428973794
REDLAT_LO00778_CraftDe.txt,65.12316551774127,16.445512,14.600833999999999,88.78309170307375,8.865160000000003,53.906257220815036,1.410672,8.577853945806003,0.4340060000000001,2.639054351120233
REDLAT_MA352_Phonological2.txt,46.600891831288834,39.767386999999985,39.29771499999999,98.81895182099846,18.062285000000013,45.419843652287284,0.469671999999997,1.181048179001545,0.0,0.0
REDLAT_CU311_Semantic2.txt,119.07491625829245,27.763346,18.591336000000005,66.96360013666943,23.88717099999999,86.03851639496187,3.1705169999999967,11.419794285602306,6.001492999999998,21.61660557772827
REDLAT_MA741_Semantic2.txt,24.089030376568775,48.436412,48.214275,99.54138427924843,11.445725000000003,23.630414655817205,0.22213700000000003,0.4586157207515702,0.0,0.0
REDLAT_BN00162_Phonological2.txt,70.91452692467684,36.06786099999999,32.48525399999999,90.06703779855422,21.99474600000001,60.98156472323106,3.582607000000004,9.93296220144578,0.0,0.0
REDLAT_CU140_Fugu.txt,20.153418644053687,27.016925000000004,23.022791,85.21617837707288,1.4506999999999994,5.369597021126569,0.08762500000000273,0.3243337278391331,3.906509,14.459487895087983
REDLAT_BN00115_CraftDe.txt,14.456818047408282,17.92346,17.706148999999996,98.78756110706301,2.373851000000002,13.244379154471302,0.21731100000000225,1.2124388929369792,0.0,0.0
REDLAT_BE00179_CraftIm.txt,67.02879251740215,35.618004,32.9722,92.5717229971674,21.228513999999997,59.60051551456953,1.4065180000000042,3.9488961818298525,1.2392859999999999,3.4793808210027715
REDLAT_MA347_CraftIm.txt,12.871193907745113,34.539460999999996,34.28691,99.26880445528667,4.1930900000000015,12.139998363031784,0.25255099999999686,0.7311955447133263,0.0,0.0
REDLAT_LO00579_Semantic2.txt,134.8487200041028,26.732781000000003,21.875924000000005,81.83183036587178,31.191955999999998,116.68055036997457,1.364736999999998,5.105106722716196,3.49212,13.06306291141202
REDLAT_CU192_CraftIm.txt,47.14516952245455,34.449979,32.258787000000005,93.63949684845964,14.050308999999999,40.78466637091418,1.900287999999996,5.516078834184474,0.2909039999999976,0.8444243173558904
REDLAT_MA502_Phonological.txt,207.0505268140455,20.817876999999996,15.703854,75.43446433082491,37.989501000000004,182.4849911448704,2.327377999999996,11.179708670581523,2.7866449999999983,13.385826998593558
REDLAT_CU090_Semantic.txt,55.958225889393034,57.81580899999999,50.79700299999998,87.86005744553363,25.33389500000002,43.818283334926655,1.7897040000000126,3.095527038288114,5.229101999999987,9.044415516178262
REDLAT_BE00145_Phonological.txt,5.9842418905799795,56.160798,52.8,94.01575810942003,0.0,0.0,3.3607980000000035,5.98424189057998,0.0,0.0
REDLAT_SL00278_CraftIm.txt,33.27806222314597,28.252252000000006,22.54054,79.78316206439047,3.690089999999998,13.061224287536431,2.9823420000000014,10.556121331495985,2.729370000000004,9.660716604113553
REDLAT_MA730_Phonological2.txt,43.566463138810384,43.236342,42.092580000000005,97.35462819680723,17.692782999999995,40.921091335617604,0.6491249999999996,1.5013411634129448,0.494637,1.1440306397798408
REDLAT_CU384_Semantic2.txt,213.07139574146638,19.777229999999996,18.498805,93.53587433629484,40.861195,206.6072700777612,1.2784249999999973,6.464125663705168,0.0,0.0
REDLAT_MA617_Phonological.txt,17.375939080903425,60.563472,50.03999999999999,82.62406091909656,0.0,0.0,8.433472,13.925014074490315,2.0900000000000025,3.4509250064131107
REDLAT_CU396_Fugu.txt,121.33123255132621,10.721086999999999,9.271973,86.48351608377024,11.558913000000002,107.81474863509645,0.0,0.0,1.4491139999999998,13.516483916229763
REDLAT_CU650_CraftDe.txt,40.113519617608496,16.232789000000004,13.490739000000005,83.10795513944032,3.769492999999997,23.22147475704881,2.2422819999999977,13.813288646824628,0.49976800000000043,3.0787562137350535
REDLAT_MA419_Phonological.txt,9.022079368893044,58.948107,58.454841,99.16321994869149,4.825078999999999,8.18529931758453,0.17318600000000006,0.29379399749002977,0.32007999999999726,0.5429860538184835
REDLAT_CU415_Phonological.txt,153.1962795423834,23.957698,23.597698,98.49735145672176,36.342302,151.69363099910515,0.36,1.5026485432782397,0.0,0.0
REDLAT_CU305_Fugu.txt,92.96183052254234,14.279550999999998,12.058033,84.44266209770883,11.053014000000001,77.40449262025118,0.41256499999999896,2.8892014881980463,1.808952999999999,12.668136414093128
REDLAT_CU614_CraftIm.txt,35.503357958323825,53.724014,51.969389,96.73400241463716,17.319204000000003,32.23736037296097,1.2032180000000015,2.239627887819405,0.5514069999999975,1.0263696975434442
REDLAT_SL00368_CraftIm.txt,20.57328965300553,51.53715899999999,51.137134999999994,99.22381441320815,10.202865000000006,19.797104066213677,0.40002400000000055,0.7761855867918537,0.0,0.0
REDLAT_AF198_CraftIm.txt,159.45874675081228,11.706386999999996,7.266999999999996,62.07722331407631,14.227471000000005,121.53597006488859,2.453858000000004,20.961702359575202,1.985528999999996,16.961074326348488
REDLAT_BN00165_Phonological2.txt,36.43363676179855,45.029614,44.73184400000001,99.33872406723275,16.108155999999994,35.7723608290313,0.29776999999999604,0.6612759327672585,0.0,0.0
REDLAT_SL00425_Fugu.txt,15.121818885059007,156.904736,156.498943,99.74137619402386,23.32105699999999,14.86319507908288,0.40579299999999097,0.25862380597612483,0.0,0.0
REDLAT_BN00114_CraftIm.txt,21.539773175839542,30.767181,24.14,78.46022682416046,0.0,0.0,0.46718099999999996,1.5184394046370382,6.16,20.021333771202503
REDLAT_MA611_CraftDe.txt,107.26908492229063,4.860997,3.2443609999999996,66.74270730880927,3.5977109999999994,74.0117922310999,0.8587080000000005,17.665264965191305,0.7579280000000006,15.592027725999431
REDLAT_MA628_Fugu.txt,54.667850164499086,88.46432200000002,69.48810399999999,78.54929810008602,29.38532499999998,33.2171482645851,6.609647000000021,7.4715397694451555,12.36657100000001,13.979162130468831
REDLAT_MA352_Fugu.txt,82.7522679474669,32.608779999999996,9.931343000000002,30.456039753710513,4.307067999999999,13.208307701177413,18.665847999999997,57.24178580124739,4.011588999999999,12.3021744450421
REDLAT_CU382_Phonological.txt,118.20607639731988,25.904626000000007,24.881892000000004,96.05192524300485,29.598107999999996,114.25800164032474,1.022734000000003,3.9480747569951506,0.0,0.0
REDLAT_BE00160_Phonological.txt,196.58891788164158,20.264067999999998,19.833578,97.87559931204338,39.406422000000006,194.46451719368494,0.43048999999999893,2.124400687956628,0.0,0.0
REDLAT_MA221_Fugu.txt,50.746218743095206,52.359110999999984,51.98442099999998,99.28438433570807,26.195579000000016,50.030603078803274,0.3746900000000011,0.7156156642919342,0.0,0.0
REDLAT_BE00187_Phonological.txt,72.53551976904944,34.46693299999998,34.073081999999985,98.8573076693537,24.606918000000015,71.39282743840315,0.39385099999999795,1.1426923306462984,0.0,0.0
REDLAT_SL00362_Phonological2.txt,429.65350271253004,8.169125999999999,7.105095000000001,86.97497137392669,34.034905,416.62847408645683,1.0640309999999964,13.025028626073299,0.0,0.0
REDLAT_LO00845_Phonological.txt,180.31942265884808,20.511131,12.779181999999997,62.30364381174299,29.253604000000006,142.62306647059106,4.1647349999999985,20.30475550080587,3.567214000000001,17.391600687451128
REDLAT_MA777_Semantic.txt,34.637443378772716,49.760268999999994,41.026496,82.44830026943785,8.501911999999997,17.08574364821058,6.442180999999991,12.946435237317532,2.2915920000000014,4.605264493244603
REDLAT_CU172_CraftIm.txt,43.20564392570901,22.093558,19.367246,87.6601496237048,6.819351999999997,30.865793549413798,1.9229100000000008,8.703487233699528,0.803402000000002,3.636363142595692
REDLAT_CU331_Phonological2.txt,348.1199659270665,13.424145,12.656008,94.27794470336845,45.963992000000005,342.39791063043504,0.768136999999999,5.722055296631547,0.0,0.0
REDLAT_CU593_Fugu.txt,102.19810234162487,8.149939,7.8204280000000015,95.95688998408457,7.999572,98.15499232570943,0.3295109999999992,4.043110015915447,0.0,0.0
REDLAT_MA589_CraftDe.txt,47.49563670951869,23.78422900000001,23.423879000000007,98.48492040671151,10.936120999999991,45.9805571162302,0.36035000000000394,1.5150795932884928,0.0,0.0
REDLAT_CU127_Semantic.txt,48.264900675752756,52.97558400000001,34.29496100000002,64.7372967138975,6.887989999999979,13.002197389650254,6.093573999999997,11.502608446940377,12.587048999999999,23.760094839162125
REDLAT_CU415_Fugu.txt,2.133634405516715,56.219519000000005,55.019999999999996,97.86636559448328,0.0,0.0,1.1995190000000069,2.133634405516715,0.0,0.0
REDLAT_LO00879_CraftIm.txt,55.032712167741934,56.464922,31.839956000000008,56.388913456747545,6.449212000000004,11.42162562448949,2.174133999999995,3.8504153074009295,22.450831999999995,39.76067123585152
REDLAT_MA247_Phonological2.txt,43.89740086937179,43.87397800000001,42.582221000000004,97.0557559198302,17.96777899999999,40.953156789201984,1.291757000000004,2.9442440801698075,0.0,0.0
REDLAT_MA223_Semantic2.txt,129.6538047726964,30.739562999999997,23.753111999999998,77.27211997125659,32.868562000000004,106.92592474395296,0.10812500000000114,0.35174540379770897,6.8783259999999995,22.37613462494571
REDLAT_MA638_Semantic2.txt,60.92413518138535,15.635851,12.539922000000002,80.19980492267419,6.430077999999996,41.12394010405955,3.095928999999998,19.800195077325807,0.0,0.0
REDLAT_MA524_Phonological.txt,383.0194777427172,8.944825000000002,5.77637,64.57778659727829,31.091967,347.59726433999543,2.396792000000003,26.795292249988155,0.7716629999999998,8.62692115273356
REDLAT_CU189_CraftIm.txt,34.0348667035294,24.820012000000013,22.101277000000003,89.04619788257956,5.728722999999997,23.08106458610896,2.7187350000000094,10.953802117420443,0.0,0.0
REDLAT_CU069_Semantic.txt,280.52934027415756,16.258011000000007,9.787073000000008,60.198464621533375,39.13755299999999,240.72780489569095,1.295563999999997,7.968773055941447,5.1753740000000015,31.83276232252518
REDLAT_CU651_Semantic.txt,60.750638652238855,45.237452000000005,24.606517000000004,54.39412679564711,6.851106000000003,15.144765447885973,10.778558000000002,23.82662489478851,9.852376999999994,21.77924830956437
REDLAT_CU404_Phonological.txt,275.63392118702916,15.401677999999993,7.179388000000005,46.61432345228882,34.229959,222.24824463931796,1.9516369999999994,12.671586823201993,6.27065299999999,40.714089724509186
REDLAT_CU222_CraftIm.txt,19.344041558335963,34.626217999999994,33.154053999999995,95.7484123735373,5.225946000000007,15.092453931873264,1.4721639999999994,4.251587626462698,0.0,0.0
REDLAT_CU122_Phonological.txt,339.41361182529926,14.062595999999983,11.696334999999992,83.17336998090542,45.36410400000001,322.5869818062047,0.9566999999999948,6.803153557138354,1.4095609999999965,10.023476461956228
REDLAT_CU547_CraftIm.txt,15.456420764320434,23.191319999999997,21.643386,93.32537345869059,2.0366139999999984,8.781794223011017,1.5479339999999988,6.674626541309417,0.0,0.0
REDLAT_CU390_Fugu.txt,5.983790354961536,38.74495700000001,36.88327000000001,95.19502112236182,0.45672999999999875,1.1788114773233551,1.8616869999999963,4.804978877638181,0.0,0.0
REDLAT_MA522_CraftIm.txt,5.315480384907903,44.228138,42.2686,95.56947660785538,0.3913999999999991,0.8849569927632926,1.9595379999999993,4.43052339214461,0.0,0.0
REDLAT_BE00130_Phonological.txt,140.95187089236413,26.144449,20.980642000000003,80.24893544323692,31.687282999999997,121.20080633560109,2.251731999999996,8.612658082792244,2.9120749999999997,11.138406473970822
REDLAT_LO00526_Semantic2.txt,94.99746784917471,33.11019199999999,26.448214999999994,79.87937671880611,24.791867000000014,74.87684456798083,1.122058999999998,3.3888628613207623,5.5399179999999975,16.73176041987313
REDLAT_MA583_Semantic.txt,26.65245837829226,52.157818999999996,44.99823899999999,86.27323738364136,6.741761000000007,12.925695761933618,2.619580000000004,5.022410925579546,4.539999999999999,8.704351690779093
REDLAT_CU421_Phonological.txt,146.5947658584313,25.53480800000001,25.51105800000001,99.90698970597312,37.408941999999996,146.50175556440442,0.023749999999999716,0.09301029402688168,0.0,0.0
REDLAT_CU329_Fugu.txt,1.2705094649932278,52.449747,52.271684,99.66050741865352,0.488316,0.9310168836467408,0.17806300000000164,0.339492581346487,0.0,0.0
REDLAT_CU583_Phonological.txt,46.91432596864024,60.58758899999999,51.447740999999986,84.91465306533323,19.284411000000013,31.82897903397347,2.9719999999999995,4.905295043181203,6.1678479999999976,10.180051891485563
REDLAT_CU421_Semantic.txt,143.31953883021671,29.116911999999996,18.523913999999984,63.61908845278643,31.13722600000001,106.93862728300314,5.974138000000004,20.517759575603367,4.618860000000008,15.863151971610204
REDLAT_BN00162_Phonological.txt,26.113304803171538,49.093541,45.670103000000005,93.02670385906775,9.396507999999992,19.14000866223928,2.960048999999998,6.029406190113681,0.46338900000000005,0.9438899508185812
REDLAT_CU656_Semantic.txt,156.12340750594882,25.601586999999988,18.49488699999999,72.24117395534894,32.86337,128.36458146129777,1.1449569999999964,4.472211039104712,5.961743000000002,23.286615005546356
REDLAT_CU493_CraftIm.txt,61.64168011409667,16.42817,11.030785000000003,67.14554938255449,4.729214999999998,28.787229496651165,5.397384999999999,32.854450617445515,0.0,0.0
REDLAT_BE00145_CraftDe.txt,26.2294360316642,17.991542000000003,16.396231,91.13299460379771,3.1237689999999985,17.36243063546192,1.5953109999999995,8.867005396202279,0.0,0.0
REDLAT_CU424_Phonological2.txt,195.2183474733765,20.624878000000002,19.980666000000006,96.87652940298607,39.619333999999995,192.09487687636258,0.644211999999994,3.1234705970139265,0.0,0.0
REDLAT_LO00827_Semantic2.txt,149.265944058529,23.021883,22.434026,97.44652946068747,33.775974,146.71247351921647,0.5878569999999996,2.55347053931253,0.0,0.0
REDLAT_BE00156_Phonological2.txt,450.453036866171,8.679094999999997,6.9819240000000065,80.44529988437745,37.398075999999996,430.8983367505484,1.6971709999999902,19.55470011562255,0.0,0.0
REDLAT_CU311_Phonological2.txt,92.22561329914718,36.87225900000001,32.263227,87.50000101702474,29.396634999999996,79.72561431617193,3.9488939999999992,10.70966115745715,0.6601380000000034,1.7903378255181037
REDLAT_MA346_Fugu.txt,201.6200316864842,18.61235200000001,16.83858900000001,90.46996854561961,35.752466999999996,192.09000023210382,1.044819,5.613578552565519,0.7289439999999985,3.916452901814871
REDLAT_CU447_CraftDe.txt,17.748354145974126,18.630905000000002,17.242113,92.54576200136277,1.9178870000000003,10.294116147336911,1.388792000000001,7.454237998637214,0.0,0.0
REDLAT_AF272_Fugu.txt,20.230112529199964,47.177266,46.146626000000005,97.81538845426101,8.513373999999997,18.045500983460965,1.0306399999999982,2.1846115457389965,0.0,0.0
REDLAT_CU433_CraftIm.txt,20.17341270068646,25.829596,24.417647,94.53360013838389,3.798762,14.707012839070345,0.7383580000000016,2.858573552602223,0.6735909999999998,2.607826309013892
REDLAT_CU282_CraftDe.txt,66.08422762795716,11.945914,7.798027999999999,65.27778452113415,3.746479,31.362012149091314,2.212393000000001,18.520081427005092,1.935493000000001,16.202134051860753
REDLAT_MA610_Semantic.txt,16.968694607056115,47.861466,39.74,83.03130539294388,0.0,0.0,8.121465999999996,16.968694607056115,0.0,0.0
REDLAT_CU629_Phonological.txt,90.55819099086578,44.542925999999994,22.774026999999997,51.128268942188484,18.568369000000008,41.68645993305426,2.331294999999999,5.233816476268307,19.437604,43.637914581543214
REDLAT_CU390_CraftIm.txt,25.90524224348769,18.603142000000002,15.418098,82.87899968725712,1.6341450000000002,8.784241930744818,2.1172870000000015,11.38134085091648,1.0677570000000003,5.739659461826395
REDLAT_MA478_CraftDe.txt,15.864572656607395,8.796391999999997,8.200440999999998,93.2250518166994,0.7995590000000006,9.089624473306792,0.5959509999999995,6.774948183300603,0.0,0.0
REDLAT_CU418_Fugu.txt,41.05543051536373,12.073007,10.358086,85.79541120120282,3.241703999999999,26.850841716566546,1.3147110000000002,10.889673136112652,0.4002100000000004,3.314915662684536
REDLAT_SL00282_Phonological2.txt,150.33790651020033,26.088428999999998,20.547459,78.76081384586247,33.67982799999999,129.0987203560628,2.508256999999997,9.614442479460903,3.032713000000001,11.62474367467662
REDLAT_CU367_Fugu.txt,47.85821753868099,26.277551999999993,23.74993399999999,90.38107507122427,10.04835000000001,38.23929260990526,1.965902000000007,7.481298105698763,0.561715999999997,2.137626823076964
REDLAT_CU244_Phonological.txt,93.12210638143108,32.911646,29.045538,88.25307005307484,26.78191000000001,81.37517643450593,0.4735560000000022,1.4388706052562739,3.3925519999999914,10.308059341668878
REDLAT_CU147_CraftDe.txt,87.82481199652136,19.315866000000007,17.418762,90.17851956521129,15.067018999999991,78.00333156173265,1.5028849999999983,7.780572716750043,0.39421900000000676,2.0409077180386666
REDLAT_LO00697_Semantic.txt,37.59938237205167,58.39114,43.89989699999999,75.18246261333482,7.463464999999999,12.78184498538648,8.114605000000008,13.89697991852875,6.376638000000002,10.920557468136435
REDLAT_MA564_Fugu.txt,19.017257902428515,52.14324299999999,48.358514,92.74166932808534,6.131486000000004,11.758927230513848,3.784728999999998,7.258330671914668,0.0,0.0
REDLAT_CU023_Phonological2.txt,56.45977895380155,59.27846799999999,30.056970000000007,50.70470107290899,4.246994000000001,7.164480026710544,17.735461999999977,29.91889399031024,11.486036000000002,19.376404936780762
REDLAT_BN00114_Semantic2.txt,128.99754545071153,22.431001999999996,21.257779999999993,94.76964069638974,27.762220000000006,123.76718614710128,0.7132219999999998,3.1796261263763426,0.46,2.050733177233902
REDLAT_BN00119_CraftDe.txt,30.411204507228483,7.840915999999998,5.456398999999999,69.58879549277151,0.0,0.0,1.2909159999999993,16.46384172461482,1.0936009999999996,13.947362782613663
REDLAT_CU435_Semantic2.txt,86.83061818466052,24.384606999999995,20.235650999999997,82.98534809275377,17.024349000000004,69.8159662774143,4.148955999999996,17.014651907246225,0.0,0.0
REDLAT_MA462_Phonological2.txt,149.96459746862692,20.364362999999997,17.547514,86.16775295156545,27.722486,136.13235042019238,2.816848999999994,13.832247048434533,0.0,0.0
REDLAT_AF523_CraftIm.txt,57.177011561419,24.369153999999998,24.2478,99.50201800193804,13.812200000000002,56.679029563357034,0.12135399999999663,0.4979819980619624,0.0,0.0
REDLAT_CU322_CraftIm.txt,30.99269208427713,15.333647000000003,14.589878000000002,95.14943183444878,4.008540999999998,26.142123918725908,0.18218799999999988,1.188158303109494,0.5615810000000003,3.6624098624417285
REDLAT_MA482_Phonological2.txt,111.42035010468199,21.293060000000004,13.614873000000005,63.94042472054276,16.046615000000003,75.36077482522474,4.0296749999999975,18.924828089527747,3.6485120000000038,17.134747189929506
REDLAT_CU483_Semantic2.txt,97.83537072200032,26.815861999999996,13.750626,51.27795630809855,13.170162000000008,49.11332703009887,10.996024,41.00567044982556,2.069211999999993,7.716373242075878
REDLAT_MA763_CraftIm.txt,17.756448232579487,34.66073800000001,31.778111,91.68330749333725,3.271889,9.43975572591674,2.8826270000000083,8.316692506662749,0.0,0.0
REDLAT_BN00152_CraftDe.txt,23.15621243446344,23.721875999999998,22.090488,93.1228541958486,3.861699999999999,16.279066630312034,0.7035759999999995,2.965937432604401,0.9278120000000001,3.9112083715470067
REDLAT_MA757_Fugu.txt,7.628081521576825,42.461003999999996,42.046022,99.02267501729354,2.823978000000001,6.650756538870351,0.41498199999999485,0.9773249827064732,0.0,0.0
REDLAT_AF192_CraftDe.txt,61.98101507051946,26.934838000000003,25.510175999999998,94.71070885965601,15.269824,56.69172393017548,1.424662000000006,5.289291140343988,0.0,0.0
REDLAT_SL00404_Fugu.txt,9.782072449540498,171.07451499999996,168.41400399999998,98.44482329819846,14.074122000000036,8.226895747738954,1.1286369999999977,0.6597341515187098,1.5318739999999877,0.8954425502828333
REDLAT_BE00130_Fugu.txt,107.24519736509424,70.20365000000001,46.25844800000001,65.89179907312511,51.34484099999999,73.13699643821936,1.3484910000000099,1.9208274783433763,22.596711,32.18737344853152
REDLAT_CU361_Phonological2.txt,177.36790908699953,22.974404000000007,21.11259200000001,91.89614668567681,38.88740799999999,169.26405577267633,1.8618119999999974,8.103853314323178,0.0,0.0
REDLAT_AF178_CraftIm.txt,27.210588324105544,37.80647400000001,36.244555000000005,95.86864672965798,8.725444999999997,23.079235053763533,1.5619190000000032,4.131353270342013,0.0,0.0
REDLAT_LO00704_Semantic.txt,68.74654720320483,47.49591700000001,31.602750000000004,66.53782471449071,16.75863599999999,35.284371917695545,1.8145530000000036,3.820439975924674,14.078614000000004,29.641735309584615
REDLAT_MA801_Semantic2.txt,94.42810298084733,30.141798999999992,29.40973499999999,97.57126639985889,27.730265000000003,91.99936938070621,0.7320640000000009,2.4287336001411233,0.0,0.0
REDLAT_MA620_Fugu.txt,1.2266467087975321,80.446798,79.46000000000001,98.77335329120248,0.0,0.0,0.9867979999999988,1.2266467087975321,0.0,0.0
REDLAT_SL00339_CraftIm.txt,80.08386715304444,24.719331999999994,17.198348999999993,69.57448931063347,12.275214000000004,49.658356463677926,2.344546000000003,9.48466568594978,5.176436999999996,20.940845003416747
REDLAT_SL00285_Phonological2.txt,260.4893155783177,16.751397999999995,15.377897999999998,91.80068433691326,42.262102,252.28999991523102,1.3734999999999933,8.19931566308671,0.0,0.0
REDLAT_MA522_Phonological.txt,32.23352247246975,49.833507999999995,44.982155,90.26487760002769,11.211742000000008,22.498400072497425,0.8452500000000001,1.6961479011270892,4.0061029999999995,8.038974498845235
REDLAT_AF185_Phonological2.txt,2.3729392730919776,60.495522,59.06,97.62706072690801,0.0,0.0,1.4355219999999975,2.3729392730919776,0.0,0.0
REDLAT_BE00132_Fugu.txt,14.878584621786004,39.88576299999999,39.54566299999998,99.14731479500591,5.594337000000009,14.025899416791928,0.3401000000000012,0.8526852049940759,0.0,0.0
REDLAT_CU233_CraftDe.txt,71.57208523885116,12.975256999999997,9.990877999999999,76.99946135941663,6.302283000000003,48.571546598267794,0.49753999999999987,3.8345290578830156,2.486838999999998,19.166009582700354
REDLAT_MA364_Phonological2.txt,328.75075896137866,15.707320999999999,10.186953999999997,64.85481515275582,46.11757,293.6055741141344,0.8348910000000025,5.3152985158958845,4.685475999999999,29.829886331348288
REDLAT_AF272_CraftIm.txt,39.229083887096515,22.843549000000003,21.511117000000006,94.16714101648566,7.628882999999998,33.39622490358218,1.3324319999999998,5.832858983514337,0.0,0.0
REDLAT_CU317_Fugu.txt,25.284298567301956,60.36470799999999,58.695223,97.23433599645674,13.593308000000006,22.51863456375869,1.6380160000000048,2.71353254951553,0.031468999999994196,0.052131454027731235
REDLAT_MA605_Fugu.txt,16.89233319859479,28.017225,23.722231,84.67016629948185,0.437769,1.5624994980766298,4.294993999999999,15.329833700518162,0.0,0.0
REDLAT_CU315_CraftDe.txt,56.89008265471445,26.547548000000006,18.993059000000002,71.54355272283526,7.548432999999994,28.433635377549717,1.0159810000000005,3.8270238742952842,6.538508000000002,24.62942340286945
REDLAT_MA344_Fugu.txt,48.33817065118355,46.601927,45.647704000000004,97.95239583118527,21.57229599999999,46.29056648236883,0.9542229999999957,2.0476041688147264,0.0,0.0
REDLAT_BN00145_Semantic2.txt,103.09253471574189,34.666838,17.687452999999998,51.02124687576063,18.759536999999998,54.113781591502516,6.036375000000001,17.412534134206304,10.943010000000005,31.566218990033082
REDLAT_BE00134_Phonological2.txt,40.85679198462936,42.00060299999999,37.850252,90.1183537769684,13.009747999999998,30.975145761597755,4.150350999999996,9.8816462230316,0.0,0.0
REDLAT_MA566_CraftIm.txt,2.9615253683335623,40.614138000000004,40.34567,99.33897895358507,0.9343299999999992,2.3005043219186363,0.2684680000000022,0.6610210464149262,0.0,0.0
REDLAT_BN00152_Semantic.txt,58.429221167946324,36.63820700000001,36.385394000000005,99.30997442096442,21.154605999999994,57.739195588910746,0.2528130000000033,0.6900255790355768,0.0,0.0
REDLAT_MA611_Semantic2.txt,279.8631444245879,16.105007,15.806514000000004,98.14658261247575,44.77348599999999,278.00972703706367,0.29849300000000006,1.8534173875242652,0.0,0.0
REDLAT_MA422_CraftIm.txt,23.7539092523359,21.694045999999993,20.675430999999993,95.30463335423923,4.134569000000004,19.05854260657512,1.0186150000000005,4.695366645760781,0.0,0.0
REDLAT_CU446_Semantic.txt,48.86696728186515,61.23243299999999,31.310000000000002,51.13303271813486,0.0,0.0,22.902433000000002,37.402454676266096,7.019999999999998,11.46451260559906
REDLAT_LO00579_Phonological2.txt,142.28281009066794,22.292875000000002,21.226973,95.21864272777738,30.653026999999994,137.5014528184453,1.0659020000000012,4.781357272222632,0.0,0.0
REDLAT_MA286_Semantic2.txt,131.6878687343801,24.545954999999996,24.545954999999996,100.0,32.324045,131.68786873438006,0.0,0.0,0.0,0.0
REDLAT_CU098_Fugu.txt,113.82467094126858,24.475417999999983,18.430923999999997,75.303817078834,21.814570000000018,89.12848802010258,3.409987999999995,13.932297295188166,2.634505999999989,10.76388562597783
REDLAT_CU290_Semantic2.txt,107.34426614584704,37.88900000000001,23.434139000000002,61.84945234764706,26.216807999999993,69.19371849349412,3.525808,9.305624323682332,10.929053000000007,28.8449233286706
REDLAT_MA364_CraftDe.txt,31.381797305532526,15.293559999999998,13.277083,86.81486194188928,2.782917000000001,18.1966592474218,2.0164769999999983,13.185138058110724,0.0,0.0
REDLAT_MA617_Phonological2.txt,96.11962845473326,28.98758500000001,28.672413000000006,98.91273453790647,27.547586999999993,95.03236299263973,0.315172000000004,1.087265462093527,0.0,0.0
REDLAT_MA750_Phonological2.txt,40.80361025700272,43.209776999999995,42.109314,97.45320833291966,16.530686000000003,38.25681858992238,1.100462999999997,2.5467916670803397,0.0,0.0
REDLAT_CU575_CraftDe.txt,1763.3158205481707,52.786578,34.79570700000001,65.91771681051196,912.8032099999999,1729.2335373586823,13.539787999999996,25.6500582401837,4.451082999999996,8.43222494930434
REDLAT_MA725_Fugu.txt,2.312742709547815,55.99645799999999,55.13070199999999,98.4539093526237,0.4292980000000064,0.7666520621715154,0.8657559999999975,1.5460906473762996,0.0,0.0
REDLAT_BE00130_Phonological2.txt,120.15417529950993,17.908835000000003,10.630311000000006,59.35791468289257,14.239688999999997,79.5120899824025,7.278523999999997,40.64208531710743,0.0,0.0
REDLAT_MA479_Semantic2.txt,66.26223748430111,36.595859000000004,35.72331200000001,97.61572204111947,23.376687999999987,63.87795952542057,0.8725469999999979,2.3842779588805327,0.0,0.0
REDLAT_LO00781_Phonological2.txt,235.02765722820448,17.488195,16.943050000000003,96.88278292871279,40.55695,231.91044015691728,0.545144999999998,3.1172170712872194,0.0,0.0
REDLAT_SL00442_Fugu.txt,0.8210186723464569,172.83200100000002,172.246509,99.66123634708134,0.8334909999999989,0.48225501942779614,0.5854920000000163,0.33876365291866073,0.0,0.0
REDLAT_CU147_Semantic.txt,56.07632353447924,55.225063,29.626468000000003,53.64677990498627,5.369589999999993,9.723103439465508,22.214653,40.225672535674605,3.3839419999999976,6.12754755933913
REDLAT_MA690_CraftDe.txt,81.23441694301945,40.928667000000004,24.625062999999994,60.1658075011336,16.944560000000003,41.40022444415305,14.973227000000012,36.58371527223208,1.3303769999999986,3.2504772266343256
REDLAT_CU307_Semantic.txt,254.70901694281173,30.750622000000003,26.505393000000005,86.19465648532248,74.079378,240.90367342813423,0.8799999999999955,2.861730731820629,3.365229000000002,10.943612782856887
REDLAT_CU143_CraftIm.txt,45.06549608526612,42.00579300000001,37.68162200000001,89.70577462970405,14.605947999999994,34.77127071497017,1.0717410000000027,2.5514123730505514,3.252429999999997,7.7428129972453945
REDLAT_MA300_CraftIm.txt,46.15374361582685,17.25438799999999,13.275421000000001,76.93939072194277,3.984579,23.093134337769627,3.97896699999999,23.06060927805722,0.0,0.0
REDLAT_LO00511_Fugu.txt,63.30760274776406,117.38766399999997,80.93746399999998,68.94886672248627,37.86511600000003,32.25646947025033,6.972780000000004,5.939959755907576,29.47741999999999,25.111173521606155
REDLAT_MA633_Phonological2.txt,170.74371003790162,20.885102000000007,9.215556999999999,44.125027495676086,23.990453,114.86873753357771,3.1555550000000077,15.109119409615557,8.51399,40.765853094708355
REDLAT_CU403_Semantic2.txt,182.2902023733745,22.798256000000006,13.383075,58.70218757083873,32.143806000000005,140.99238994421327,1.9820620000000007,8.693919394536143,7.433119000000003,32.60389303462511
REDLAT_CU481_Semantic2.txt,1.7398838839348711,60.309312,59.26,98.26011611606513,0.0,0.0,1.0493119999999994,1.7398838839348711,0.0,0.0
REDLAT_CU384_Semantic.txt,76.43693267537667,49.01558799999999,22.479393,45.861722601389594,10.92981700000001,22.298655276766265,12.465404999999993,25.431511706031145,14.070789999999993,28.70676569257926
REDLAT_MA595_Phonological2.txt,105.1016701835431,28.296890000000005,27.508193000000006,97.21277850675463,28.951806999999995,102.31444869029772,0.7886969999999991,2.787221493245367,0.0,0.0
REDLAT_MA685_CraftDe.txt,94.7605086456219,51.84757100000002,48.957238000000025,94.42532611604891,46.240688999999975,89.1858347616708,0.3282600000000002,0.6331251275011516,2.562072999999999,4.9415487564499365
REDLAT_MA502_Semantic.txt,149.99867737101445,25.744180999999998,21.174125,82.2481981462141,34.045874999999995,132.24687551722855,3.6900560000000002,14.333553667914316,0.8799999999999999,3.418248185871595
REDLAT_MA669_Semantic2.txt,93.58825393952955,41.73239200000005,34.67273300000005,83.0835026183019,31.99695799999996,76.67175655783144,1.389349999999998,3.3291885114085877,5.670309,13.587308870289519
REDLAT_BN00113_Semantic2.txt,138.29648994848515,25.376920999999996,25.220764999999993,99.38465348101134,34.939235000000004,137.68114342949647,0.15615600000000196,0.615346518988659,0.0,0.0
REDLAT_AF230_Semantic.txt,150.88542250082114,22.69323400000001,19.827339999999996,87.3711521240207,31.374888,138.25657462484187,2.2881220000000098,10.082837906664201,0.5777720000000031,2.5460099693150955
REDLAT_CU299_Phonological.txt,133.69650269665004,28.54893900000001,15.933958000000004,55.812785196675776,25.55395199999999,89.50928789332585,3.772891000000002,13.215520899042872,8.842090000000006,30.971693904281356
REDLAT_MA638_Phonological.txt,279.3173447975397,14.688733,13.900277000000004,94.63223955394932,40.239723,273.949584351489,0.7884559999999959,5.367760446050697,0.0,0.0
REDLAT_MA497_Semantic2.txt,65.67731963130737,38.613852000000016,33.33945700000002,86.34066603870549,20.086147999999987,52.01798567001287,0.0,0.0,5.274395,13.659333961294507
REDLAT_CU651_Semantic2.txt,220.17142092830485,16.747080000000015,11.637159000000008,69.48768979428054,31.76236299999999,189.65911072258544,2.7894430000000057,16.65629470928665,2.3204780000000014,13.856015496432807
REDLAT_CU307_Phonological.txt,589.2944432936517,14.931741000000011,6.850234000000006,45.87699451791992,79.910413,535.1714378115716,3.3621540000000047,22.516825064136878,4.719353000000002,31.60618041794321
REDLAT_CU396_Phonological.txt,317.0045321440802,14.907954999999998,11.311459,75.87532294000084,43.662397,292.879855084081,1.2103519999999994,8.118833200127044,2.3861440000000003,16.005843859872133
REDLAT_MA462_Fugu.txt,0.33642347735069744,109.91979599999999,109.55,99.66357652264931,0.0,0.0,0.3697959999999928,0.33642347735069744,0.0,0.0
REDLAT_BN00129_Semantic2.txt,29.666645487922356,49.54653199999999,45.183868999999994,91.19481662207963,10.336131000000005,20.86146211000198,4.362662999999998,8.805183377920374,0.0,0.0
REDLAT_BN00141_CraftDe.txt,128.0775041358549,26.04661000000001,15.498381000000002,59.502488039710336,22.811619,87.57999217556524,10.548229000000005,40.49751196028965,0.0,0.0
REDLAT_MA600_Phonological2.txt,398.32950460542224,12.55813100000001,9.367695000000008,74.59465903007383,46.83230499999999,372.924163635496,3.1904360000000027,25.405340969926176,0.0,0.0
REDLAT_MA482_CraftDe.txt,93.50649317691747,3.9405210000000004,1.791146,45.454547761577714,1.5352679999999999,38.96104093849518,0.5557890000000001,14.104454715505895,1.5935860000000004,40.4409975229164
REDLAT_LO00487_Phonological2.txt,246.3461555129369,16.037341000000005,12.269181000000009,76.50383564208059,35.739213,222.84999115501745,2.6965539999999955,16.81422126024504,1.0716060000000027,6.681943097674374
REDLAT_MA455_Semantic2.txt,33.73520007362235,49.148133,41.273863999999996,83.97849822698248,8.705952000000003,17.713698300604833,5.394085000000008,10.975157489705678,2.4801840000000013,5.046344283311843
REDLAT_MA741_Semantic.txt,1.7163150563346936,59.379133,58.36,98.2836849436653,0.0,0.0,1.0191330000000027,1.7163150563346938,0.0,0.0
REDLAT_AF162_Phonological.txt,14.497105228472654,53.321652,50.745778,95.16917817925071,5.1542219999999945,9.666283407723366,2.575873999999999,4.8308218207492875,0.0,0.0
REDLAT_AF138_Phonological2.txt,102.1390609417684,31.436879000000005,14.946549000000003,47.54463380413813,15.619002999999996,49.68369474590653,5.615881999999999,17.8639934326814,10.874448000000005,34.59137276318047
REDLAT_AF109_Phonological.txt,251.87017606627933,17.206134000000016,16.874507000000012,98.07262340279343,43.00549299999999,249.94279946907275,0.33162700000000456,1.927376597206579,0.0,0.0
REDLAT_MA522_Phonological2.txt,66.97996222141279,40.19207999999999,31.437834,78.21897747018816,18.166394000000004,45.198939691600955,0.7584739999999996,1.887123035185041,7.995771999999997,19.8938994946268
REDLAT_CU591_Phonological.txt,40.319222954588945,41.79235800000001,40.505991,96.92200425733336,15.563986999999994,37.24122721192231,0.5863449999999952,1.4029957342918893,0.7000220000000041,1.6750000083747465
REDLAT_MA378_CraftDe.txt,50.52108004638609,15.852171,13.038115999999999,82.24814127982847,5.194633000000002,32.76922132621458,2.1068040000000012,13.290318404968009,0.7072510000000003,4.461540315203515
REDLAT_MA453_CraftIm.txt,9.8065175768925,18.579051999999997,16.938547,91.17013612965829,0.18145299999999998,0.9766537065507972,1.6405049999999974,8.829863870341704,0.0,0.0
REDLAT_CU211_CraftDe.txt,28.672889282307494,23.750784,23.320373999999997,98.18780718985948,6.379626000000002,26.86069647216699,0.43041000000000196,1.8121928101405071,0.0,0.0
REDLAT_CU083_Phonological2.txt,76.37739396065946,38.70813400000001,28.355070000000016,73.25351823986144,19.211199999999987,49.63091220052091,5.9093339999999905,15.266388196341342,4.44373,11.48009356379721
REDLAT_MA636_CraftIm.txt,84.6504244904444,7.691457,2.1603030000000003,28.087045146322737,0.9796969999999998,12.737469636767129,5.531153999999999,71.91295485367726,0.0,0.0
REDLAT_CU324_Fugu.txt,141.8530623139486,36.55812300000001,17.165858000000007,46.95497632632836,32.466551999999986,88.80803864027696,3.7446749999999924,10.243072380931569,15.64759000000001,42.80195129274007
REDLAT_BE00161_Phonological.txt,38.64787857387432,44.844714999999994,40.716592,90.79462763895368,13.203408000000005,29.44250621282799,4.128122999999997,9.20537236104633,0.0,0.0
REDLAT_MA411_CraftIm.txt,7.303026483886827,38.728341,35.9,92.69697351611318,0.0,0.0,2.8283410000000004,7.303026483886827,0.0,0.0
REDLAT_CU338_Semantic.txt,94.1944651022462,43.32369100000002,18.04351500000001,41.648148122928866,15.528342999999987,35.842613225175064,7.652034000000002,17.662470171343433,17.628142000000004,40.6893817057277
REDLAT_CU482_Semantic2.txt,39.18142755532155,57.349133,35.371728000000004,61.67787750165291,0.4928039999999996,0.8593050569744438,16.511937000000007,28.791955756332023,5.465467999999996,9.530166742015082
REDLAT_CU492_Semantic2.txt,37.60123894032884,44.796991999999996,41.38638400000001,92.38652452378948,13.433615999999997,29.987763464118302,3.410607999999996,7.613475476210537,0.0,0.0
REDLAT_MA419_Phonological2.txt,112.21265596025066,33.08246799999999,28.794696999999992,87.03914411705922,32.834945000000005,99.25180007730988,3.9574129999999967,11.9622665394855,0.3303580000000039,0.9985893434552827
REDLAT_CU549_Fugu.txt,35.931491449013734,18.756082,13.959559999999996,74.42684458299978,1.942818000000002,10.35833603201352,3.2089000000000034,17.10858376498889,1.5876219999999996,8.46457165201133
REDLAT_CU450_Semantic2.txt,9.715241090682767,61.560778,55.58,90.28475890931723,0.0,0.0,5.980777999999997,9.715241090682767,0.0,0.0
REDLAT_CU361_Semantic.txt,73.33758807060559,36.238822,36.001072,99.34393562792962,26.338928,72.68152369853524,0.23774999999999835,0.6560643720703679,0.0,0.0
REDLAT_LO00709_Phonological2.txt,88.9426491062801,29.237852999999998,20.292939000000004,69.40639245980203,17.060006999999995,58.34904156608215,7.967859999999995,27.251864218620963,0.9770540000000001,3.341743321576999
REDLAT_CU402_CraftDe.txt,36.37174014939294,12.514914,8.501511,67.93103811979852,0.5384889999999993,4.302778269191457,4.0134029999999985,32.068961880201485,0.0,0.0
REDLAT_BN00114_CraftDe.txt,19.129608640459654,28.644401999999996,27.212419999999998,95.0008312269881,4.047579999999998,14.130439867447743,1.4319819999999996,4.999168773011912,0.0,0.0
REDLAT_LO00487_Semantic2.txt,120.60710773560078,16.524250000000002,12.147352999999997,73.51228043632841,15.552523000000008,94.11938817192917,3.4167730000000045,20.677325748521138,0.9601240000000004,5.810393815150462
REDLAT_MA669_Semantic.txt,146.00866693747287,33.89386399999999,20.867464999999996,61.56708777730388,36.46158000000001,107.57575471477675,3.535443999999999,10.430926376526442,9.490954999999992,28.00198584616966
REDLAT_CU404_Semantic.txt,215.36808162022777,19.091933999999995,17.807000999999993,93.26975988917623,39.83299900000001,208.637841509404,1.2849330000000028,6.7302401108237815,0.0,0.0
REDLAT_MA540_CraftIm.txt,11.30376756932543,24.160219,23.364601999999998,96.70691312856063,1.9353979999999993,8.010680697886055,0.795617000000002,3.2930868714393773,0.0,0.0
REDLAT_MA525_CraftIm.txt,5.740608608958186,23.148887,21.919999999999998,94.69137760273313,0.10000000000000142,0.4319862116913069,1.2288870000000007,5.308622397266879,0.0,0.0
REDLAT_MA622_Fugu.txt,36.22350770897886,25.750557000000004,25.651401000000003,99.61493648467489,9.228598999999996,35.83844419365373,0.09915600000000069,0.38506351532512745,0.0,0.0
REDLAT_AF144_Fugu.txt,20.78613272635215,67.39187700000001,61.38997600000001,91.09402903260879,8.006263999999991,11.880161758960934,1.1981410000000017,1.7778715378412766,4.803759999999997,7.1280994295499385
REDLAT_BN00145_Phonological.txt,193.94257518068605,20.193184999999996,19.540000999999997,96.76532453894718,38.50999900000001,190.70789971963322,0.6531839999999998,3.2346754610528254,0.0,0.0
REDLAT_MA615_Phonological.txt,155.55941987870276,22.841430000000013,22.41471700000001,98.13184638615006,35.10528299999999,153.69126626485283,0.426713000000004,1.8681536138499375,0.0,0.0
REDLAT_BE00183_Fugu.txt,38.447325678708715,22.085210999999994,21.477019000000002,97.24615716825167,7.882981000000002,35.693482846960364,0.6081919999999974,2.7538428317483477,0.0,0.0
REDLAT_LO00778_Semantic2.txt,61.59048106349627,39.308761000000004,34.239152999999995,87.1031091516723,19.140847000000004,48.69359021516858,5.069608000000008,12.896890848327697,0.0,0.0
REDLAT_CU629_Phonological2.txt,229.89069102874257,11.093416999999997,5.592287000000001,50.41086078347188,20.001602999999996,180.3015518122144,3.455019999999993,31.14477712322537,2.046110000000003,18.444362093302757
REDLAT_MA712_Fugu.txt,78.2997850826863,25.66149700000001,22.434300000000007,87.42397218681357,16.865699999999997,65.72375726949987,3.227197000000004,12.576027813186434,0.0,0.0
REDLAT_CU500_CraftIm.txt,26.675401617550083,14.476707999999999,12.087494,83.49615119680524,1.4725060000000019,10.171552814355323,2.3892139999999995,16.503848803194757,0.0,0.0
REDLAT_AF152_Phonological.txt,121.58522216480179,28.497380999999994,26.730917999999996,93.80131458396126,32.882141000000004,115.38653674876304,1.2595220000000011,4.4197815932629085,0.506941,1.7789038227758547
REDLAT_MA738_Fugu.txt,2.08390431393185,43.222426,42.830856,99.09405825577674,0.509144,1.1779625697086045,0.39157000000000153,0.9059417442232455,0.0,0.0
REDLAT_MA569_Phonological.txt,13.479912117844622,50.98646,46.266765,90.74323849900541,2.153235,4.223150616850042,4.7196950000000015,9.25676150099458,0.0,0.0
REDLAT_CU482_CraftIm.txt,33.48631800632747,22.250595,21.594845,97.0528877991802,6.795154999999999,30.53920580550767,0.6557500000000012,2.9471122008198036,0.0,0.0
REDLAT_SL00281_Semantic2.txt,7.964743678225217,58.320094000000005,54.877523999999994,94.0971117090449,1.2024760000000008,2.0618553872701244,3.442570000000004,5.902888290955093,0.0,0.0
REDLAT_CU434_CraftDe.txt,33.125578896468625,27.238246999999998,25.037710000000004,91.92115043233144,6.822290000000001,25.046729328800055,2.200536999999995,8.078849567668561,0.0,0.0
REDLAT_CU381_CraftDe.txt,129.24841437965586,17.435605000000002,10.199649000000003,58.49896805989813,15.299286999999998,87.74738243955397,4.694892000000003,26.92703809245508,2.5410639999999987,14.573993847646802
REDLAT_MA594_CraftDe.txt,39.98892460607423,19.385315000000002,13.196668000000004,68.07559227177893,1.563332,8.064516877853158,6.188647,31.924407728221073,0.0,0.0
REDLAT_LO00795_CraftIm.txt,59.865324792214025,17.440181,17.03978,97.70414653380031,10.040220000000001,57.569471326014344,0.4004009999999987,2.295853466199684,0.0,0.0
REDLAT_MA712_Phonological.txt,4.613021314839758,64.096799,61.14,95.38697868516023,0.0,0.0,2.9567989999999966,4.613021314839757,0.0,0.0
REDLAT_MA443_Fugu.txt,10.450770382949685,36.232305,32.616657000000004,90.02092745686483,0.1709069999999997,0.47169783981449626,3.583212000000001,9.88955022320551,0.03243599999999702,0.08952231992967885
REDLAT_CU337_Semantic2.txt,83.35938290206147,39.625735999999996,27.519960999999988,69.44971571001228,20.925994,52.80909861207373,3.8617300000000085,9.745509837344116,8.244045000000003,20.804774452643617
REDLAT_CU549_Phonological.txt,143.83725684720113,18.313176,7.902721000000001,43.15319745739353,15.930715,86.99045430459469,2.3838909999999993,13.017354280874052,8.026563999999997,43.829448261732416
REDLAT_AF261_Phonological2.txt,87.85735586153012,31.357503000000005,30.39381500000001,96.92677060415176,26.586184999999993,84.78412646568188,0.9636879999999948,3.073229395848243,0.0,0.0
REDLAT_BE00132_Semantic2.txt,54.32791829874791,37.89307899999999,37.743279,99.60467714961882,20.436721000000002,53.93259544836672,0.14979999999999527,0.3953228503811878,0.0,0.0
REDLAT_MA745_Fugu.txt,0.9767211883409596,76.608249,75.86,99.02327881165904,0.0,0.0,0.7482490000000013,0.9767211883409596,0.0,0.0
REDLAT_CU591_Semantic2.txt,38.81376650850282,43.397409,42.796620000000004,98.61561089971984,16.24337999999999,37.42937740822266,0.600789,1.3843891002801574,0.0,0.0
REDLAT_CU502_Semantic2.txt,112.01361795924936,26.697685999999987,23.516582000000003,88.08472015140194,26.723940000000002,100.0983381106513,2.651625999999987,9.93204429777168,0.5294779999999975,1.9832355508263815
REDLAT_CU008_Fugu.txt,16.646176332767112,113.849617,98.899981,86.86896241381295,4.001972000000009,3.515138746580069,2.5915890000000097,2.2763264983140084,12.358046999999985,10.854711087873037
REDLAT_MA414_Fugu.txt,5.528698850957774,91.602204,90.56889699999999,98.87196273137707,4.031102999999998,4.400661582334851,1.0333069999999978,1.128037268622923,0.0,0.0
REDLAT_MA801_Semantic.txt,99.44996177136115,37.783192000000014,10.765646000000011,28.493214654812665,10.55782399999999,27.9431764261738,24.101016,63.78766516074129,2.9165300000000016,7.719120184446037
REDLAT_BN00142_Semantic2.txt,177.97420952157438,21.764699,21.404573999999997,98.34537109840112,38.375426000000004,176.3195806199755,0.3601250000000036,1.6546289015988853,0.0,0.0
REDLAT_MA469_Fugu.txt,89.33449451999766,20.107017000000003,8.165235000000003,40.60888295862087,6.020720000000001,29.943377478618537,10.517737,52.30878851895335,1.4240449999999996,7.082328522425775
REDLAT_SL00279_Phonological.txt,241.5354876424721,16.326162000000004,6.973273000000008,42.71226146108318,30.080585999999993,184.2477491035553,2.5567479999999936,15.660435073472827,6.796141,41.62730346544398
REDLAT_CU238_CraftDe.txt,29.715395149721385,46.524049,35.703488,76.74200497897336,3.0042440000000052,6.457400128694743,6.928292999999997,14.891853028527242,3.892268,8.366141992499408
REDLAT_MA594_Semantic.txt,77.79003089624418,33.504396,32.210657999999995,96.13860222998795,24.769341999999998,73.92863312623214,1.2937380000000016,3.861397770012035,0.0,0.0
REDLAT_CU330_Phonological2.txt,133.77065796979358,25.63496100000001,25.04392500000001,97.69441428056004,33.701019999999986,131.46507225035361,0.13598099999999969,0.5304513628867998,0.45505499999999977,1.7751343565531446
REDLAT_BE00145_Semantic2.txt,199.02086846137323,19.744435999999993,19.504443999999992,98.78450820271594,39.05555600000001,197.80537666408918,0.23999199999999998,1.2154917972840555,0.0,0.0
REDLAT_AF255_CraftDe.txt,19.09973367347743,11.659372000000001,10.038001000000001,86.09383935944406,0.6055379999999992,5.193573032921492,0.32491000000000086,2.786685252001573,1.296460999999999,11.119475388554365
REDLAT_AF109_Semantic2.txt,37.95737047580945,42.452456000000005,42.01431,98.96791365851719,15.67569,36.92528413432664,0.438146000000001,1.032086341482813,0.0,0.0
REDLAT_BE00130_Semantic.txt,56.55730606105648,32.272772999999994,18.250081,56.549466635544476,4.229919000000002,13.106772696600949,14.022691999999992,43.45053336445553,0.0,0.0
REDLAT_MA607_CraftIm.txt,119.78791107878494,36.797112999999996,32.96084899999999,89.57455167746446,40.24222900000001,109.36246275624941,1.459342000000003,3.9659143911643375,2.3769220000000013,6.459533931371197
REDLAT_MA617_CraftDe.txt,142.83175904500433,7.898171999999998,4.629477000000001,58.61453764238108,8.012403,101.44629668738541,1.930574999999996,24.443314225114325,1.33812,16.94214813250459
REDLAT_MA595_Semantic.txt,176.83235014549064,18.552744999999994,18.552744999999994,100.0,32.807255,176.83235014549064,0.0,0.0,0.0,0.0
REDLAT_CU092_Phonological2.txt,82.73098838242345,39.311555,15.450871000000005,39.303637314779344,8.662154000000003,22.034625697202777,11.313709000000006,28.779601824450868,12.546974999999993,31.916760860769802
REDLAT_BN00152_Fugu.txt,42.14066794855963,77.78236699999998,77.77217899999998,99.98690191570024,32.76782100000002,42.12756986425988,0.01018799999999942,0.013098084299748068,0.0,0.0
REDLAT_MA367_CraftDe.txt,100.3830018323602,32.523081999999995,17.448043,53.64818438793716,17.572607,54.031186220297336,2.5556889999999983,7.858077533980325,12.519350000000001,38.49373807808252
REDLAT_AF138_Semantic2.txt,41.82701171335688,43.153812,37.361931,86.57851825465616,12.258069000000003,28.405529968013028,2.4318810000000113,5.635379326396498,3.359999999999995,7.786102418947356
REDLAT_MA621_Semantic2.txt,120.93368565284123,34.39718700000001,17.59921400000001,51.164689717214394,24.799812999999986,72.09837537005563,7.826999999999993,22.754767708184946,8.970973000000008,26.080542574600667
REDLAT_CU648_CraftIm.txt,3.5837056961296883,32.317944,31.399881999999998,97.15928092455387,0.240118,0.7429866206835436,0.9180620000000026,2.8407190754461444,0.0,0.0
REDLAT_MA352_Semantic.txt,104.0955745736869,30.267841000000004,22.93993300000001,75.7897895657639,24.179574999999993,79.8853641394508,4.437415999999999,14.66049725845989,2.8904919999999943,9.54971317577621
REDLAT_CU396_CraftIm.txt,87.9021525920625,6.363909000000001,3.4384870000000007,54.031052298202255,2.6685909999999997,41.933204890264754,1.9925000000000002,31.30937290272378,0.932922,14.659574799073964
REDLAT_BN00049_Fugu.txt,21.815802299300316,59.62779099999999,50.783848,85.1680854653831,4.164337999999995,6.983887764683412,7.402128999999995,12.413891032790392,1.4418139999999937,2.4180235018265126
REDLAT_BE00132_CraftDe.txt,43.28005228584837,19.396453,18.960829,97.75410483555937,7.959171000000003,41.03415712140773,0.4356240000000019,2.245895164440642,0.0,0.0
REDLAT_CU639_Phonological.txt,203.47782852777084,19.620145,9.274141999999996,47.26846819939402,29.576642,150.74629672716486,6.056787000000002,30.870245862097356,4.289216000000003,21.861285938508626
REDLAT_BE00216_CraftIm.txt,319.21405474953036,2.3627599999999993,2.0352489999999994,86.13862601364507,7.214751000000001,305.3526807631754,0.3275109999999999,13.86137398635494,0.0,0.0
REDLAT_MA638_CraftIm.txt,29.095159808163423,23.05921,22.695048,98.42075248891875,6.344952,27.515912297082167,0.36416200000000076,1.5792475110812587,0.0,0.0
REDLAT_AF250_CraftDe.txt,60.42234191302903,22.686974,16.684191,73.5408388972456,7.705218,33.96318081027466,1.3321919999999992,5.872056802286631,4.670591000000001,20.58710430046775
REDLAT_CU478_Semantic.txt,71.34448249169519,47.69507999999999,21.67637299999999,45.44781767846913,8.009101000000005,16.792300170164317,14.364180999999999,30.116693378017192,11.654526,24.435488943513676
REDLAT_CU143_CraftDe.txt,28.09782635280128,40.682452999999995,36.802234000000006,90.46218034099373,7.550666,18.56000669379499,3.1931190000000003,7.848885120078675,0.6870999999999938,1.6889345389276156
REDLAT_CU021_CraftIm.txt,55.180599029870066,18.176122,14.746345999999999,81.13032031805244,6.599917,36.31091934792251,2.7060390000000005,14.887878723525297,0.7237369999999999,3.9818009584222636
REDLAT_CU301_Phonological.txt,149.102508548705,25.595397000000006,23.921527000000008,93.46026943829004,36.48950899999999,142.562777986995,0.6449059999999969,2.5196171014655357,1.028964000000002,4.020113460244441
REDLAT_MA329_Phonological.txt,29.06358887556817,75.122794,53.587284000000004,71.33292193578423,0.2978700000000032,0.3965108113524148,17.360663999999993,23.10971554119778,4.174845999999995,5.557362523017974
REDLAT_CU488_Phonological.txt,101.90718373145154,20.891746999999995,17.54077799999999,83.96032174810462,17.939222000000008,85.86750547955617,3.3509690000000028,16.03967825189537,0.0,0.0
REDLAT_MA478_CraftIm.txt,21.421355424175186,25.90274,25.277011,97.584313474173,4.922988999999996,19.00566889834819,0.6257290000000002,2.415686525826998,0.0,0.0
REDLAT_CU656_Semantic2.txt,111.54351773834787,27.485677000000003,21.065220999999994,76.64072091074922,24.238034999999996,88.1842386490971,4.703712000000005,17.113320512352686,1.716744000000002,6.245958576898077
REDLAT_SL00362_Fugu.txt,304.28307697996814,8.437181999999996,6.235814999999999,73.90874109388658,23.471550000000004,278.1918180738547,0.46873199999999926,5.555551604789366,1.7326349999999993,20.53570730132407
REDLAT_SL00294_Fugu.txt,25.129915915316488,105.10201900000003,104.92498500000004,99.83155984853155,26.235014999999972,24.961475763848043,0.17703399999999192,0.16844015146844313,0.0,0.0
REDLAT_CU299_Fugu.txt,59.36643257259762,58.793174,33.726322,57.364349813806626,9.836558000000004,16.73078238640425,3.1497320000000006,5.357308996449147,21.91711999999999,37.278341189744225
REDLAT_CU393_CraftIm.txt,54.29376862380558,4.919442999999999,3.5492459999999997,72.14731423862416,1.3007539999999997,26.44108286242975,1.370197,27.852685761375835,0.0,0.0
REDLAT_BE00146_CraftDe.txt,55.814223846506984,95.377365,54.871608,57.53105886286543,12.728379,13.345282709372396,0.8857439999999943,0.928673171040104,39.620013,41.54026796609447
REDLAT_MA300_Fugu.txt,18.13477068135269,59.675086,59.176573,99.1646212290335,10.323427000000002,17.299391910386188,0.49851300000000265,0.8353787709665013,0.0,0.0
REDLAT_AF185_CraftDe.txt,22.400553390076432,21.166986,20.962732,99.03503503049512,4.537268000000002,21.435588420571552,0.20425400000000238,0.9649649695048806,0.0,0.0
REDLAT_MA221_Semantic.txt,114.26077684941565,24.857635999999996,24.357553999999997,97.98821577401809,27.902446000000005,112.24899262343374,0.500081999999999,2.011784225981904,0.0,0.0
REDLAT_AF261_CraftIm.txt,21.59717698767116,27.457195,27.148608,98.87611607813544,5.621391999999998,20.473293065806608,0.3085869999999964,1.1238839218645473,0.0,0.0
REDLAT_CU119_Phonological.txt,55.27812302762788,38.93154800000001,32.131709,82.53385917251478,14.720789999999996,37.81198220014265,4.882338000000005,12.540826786543409,1.9175010000000032,4.925314040941816
REDLAT_CU317_Phonological.txt,128.03151255443353,31.092243000000014,25.951006000000007,83.46456703043262,34.666631999999986,111.49607958486614,0.19887500000000102,0.6396289904205398,4.942362000000008,15.895803979146843
REDLAT_LO00536_Phonological.txt,134.87313131294934,28.854282999999995,26.739348999999997,92.67029438922465,36.801741000000014,127.54342570217399,1.4960239999999987,5.18475541395362,0.6189099999999996,2.1449501968217324
REDLAT_MA378_CraftIm.txt,27.373814210015944,30.379431000000004,26.246238000000005,86.39476493157491,4.182815999999994,13.768579141590877,0.9822469999999979,3.2332633221471387,3.150945999999999,10.371971746277929
REDLAT_CU404_CraftDe.txt,39.4584600969037,21.583488,20.253488,93.8378819957182,7.186512,33.29634209262191,1.33,6.162118004281792,0.0,0.0
REDLAT_LO00866_CraftDe.txt,130.6219770018901,35.78876699999998,25.543637999999994,71.37333901444555,36.50286600000001,101.99531601633561,0.21163299999999197,0.5913391763398613,10.033495999999996,28.03532180921461
REDLAT_MA742_Fugu.txt,1.3207383917840074,68.362895,67.46000000000001,98.679261608216,0.0,0.0,0.9028949999999896,1.3207383917840074,0.0,0.0
REDLAT_SL00361_Semantic.txt,71.95773018957982,33.41864999999999,29.280673999999987,87.61776433219173,19.90932600000001,59.57549452177157,4.137976,12.382235667808247,0.0,0.0
REDLAT_BN00115_Phonological.txt,2.0267826188945475,60.637386,60.234199000000004,99.33508512388711,0.825801,1.3618677427816561,0.4031869999999955,0.664914876112891,0.0,0.0
REDLAT_BN00145_Fugu.txt,130.605359661941,7.590628000000001,7.120788000000001,93.81026181232963,9.443927,124.41562147427062,0.3145549999999995,4.1439917751205755,0.1552849999999999,2.04574641254979
REDLAT_CU119_Phonological2.txt,202.49120669310506,22.076450000000005,11.928773999999995,54.033932086001116,34.55519399999999,156.5251387791062,4.131644000000014,18.715164802312025,6.016031999999995,27.250903111686856
REDLAT_SL00361_Semantic2.txt,67.05394043446215,37.996635000000005,37.169197,97.8223387413122,24.650802999999996,64.87627917577436,0.8274380000000019,2.1776612586877806,0.0,0.0
REDLAT_AF144_Semantic.txt,4.728868757747518,58.380749,55.620000000000005,95.27113124225248,0.0,0.0,2.7607489999999966,4.728868757747518,0.0,0.0
REDLAT_BN00040_CraftDe.txt,1.3506187470132267,26.897746,26.71723,99.32888056865433,0.18276999999999957,0.679499315667564,0.1805160000000008,0.6711194313456629,0.0,0.0
REDLAT_BN00145_Phonological2.txt,106.9813654520754,30.872441999999992,27.192340999999992,88.07965693157671,29.347659000000007,95.06102238365212,3.6801010000000005,11.920343068423294,0.0,0.0
REDLAT_CU430_CraftDe.txt,66.69164176235363,6.710685000000001,2.235219,33.308358237646374,0.0,0.0,4.0106850000000005,59.76565730622134,0.464781,6.925984456132271
REDLAT_CU298_Semantic2.txt,323.59430392678877,13.409939999999997,12.738068999999996,94.98975386914482,42.721931000000005,318.5840577959336,0.6718710000000012,5.010246130855182,0.0,0.0
REDLAT_LO00554_CraftDe.txt,57.81891000082727,11.72533,11.002936000000002,93.83903054327683,6.0570640000000004,51.65794054410409,0.7223939999999999,6.160969456723179,0.0,0.0
REDLAT_MA633_Fugu.txt,16.32554758231544,47.49372699999999,43.110058,90.77000421550409,3.369941999999998,7.095551797819528,4.383668999999995,9.229995784495909,0.0,0.0
REDLAT_BE00183_CraftDe.txt,13.338210904195238,17.065872,16.964795,99.40772437529122,2.175205000000002,12.745935279486464,0.10107700000000008,0.592275624708776,0.0,0.0
REDLAT_CU550_Fugu.txt,10.829244263955799,19.204655000000002,18.572468,96.70815747536209,1.447531999999999,7.5374017393178825,0.6321870000000018,3.2918425246379157,0.0,0.0
REDLAT_MA590_CraftIm.txt,46.09623578046543,21.867189000000003,21.528619000000003,98.45169856994423,9.741381,44.54793435040964,0.3385700000000007,1.548301430055782,0.0,0.0
REDLAT_MA243_Fugu.txt,368.3982669315115,10.625085000000002,5.795500999999998,54.54545540106265,34.313044999999995,322.94372233257417,0.9981300000000033,9.394089553165957,3.831454000000001,36.0604550457714
REDLAT_MA590_Phonological.txt,212.74451528331286,20.058511000000003,10.976016000000001,54.719993921782134,33.590886999999995,167.46450920509497,4.649397999999998,23.179178155347607,4.433097000000005,22.10082792287027
REDLAT_CU056_Fugu.txt,87.16628095632095,34.78041699999999,23.454997999999996,67.43736856288986,18.991377000000007,54.6036495192108,4.251793999999995,12.224678042244276,7.073625,20.337953394865856
REDLAT_CU583_Fugu.txt,42.68778035573224,13.096085000000004,12.211449000000004,93.24503468021169,4.705791999999997,35.93281503594392,0.1618770000000005,1.2360716962359395,0.7227589999999999,5.51889362355238
REDLAT_BE00184_CraftDe.txt,46.11117985760288,17.301893,17.301893,100.0,7.978107000000001,46.11117985760287,0.0,0.0,0.0,0.0
REDLAT_MA590_Semantic.txt,152.0788173657402,22.419983000000002,21.711969,96.8420404243839,33.388031,148.92085779012407,0.7080140000000051,3.1579595756161147,0.0,0.0
REDLAT_BE00134_Phonological.txt,74.56620234217971,33.093020999999986,32.10840599999999,97.0247049974676,23.691594000000013,71.5909073396473,0.9846150000000022,2.975295002532415,0.0,0.0
REDLAT_SL00339_Fugu.txt,19.851917829475898,92.70258499999997,91.64967199999997,98.86420319347081,17.350328000000033,18.716121022946705,1.0529130000000126,1.1357968065291955,0.0,0.0
REDLAT_BN00113_Phonological2.txt,139.16784699573228,25.460414,25.403852,99.77784336107025,35.376148,138.94569035680254,0.05656199999999956,0.22215663892975016,0.0,0.0
REDLAT_BE00156_Semantic2.txt,191.52667484994296,8.640386000000003,8.475871000000001,98.09597626772691,16.384128999999998,189.62265111766988,0.16451500000000152,1.904023732273089,0.0,0.0
REDLAT_BE00149_Phonological2.txt,293.14590735902664,14.51100899999999,11.956105999999995,82.39334700984612,39.983526000000005,275.53925436887283,0.6745349999999952,4.64843623210485,1.8803680000000003,12.95821675804902
REDLAT_CU070_Phonological.txt,136.1231700049589,24.707443999999995,24.707443999999995,100.0,33.63255600000001,136.1231700049589,0.0,0.0,0.0,0.0
REDLAT_MA510_Phonological2.txt,243.79419964773655,17.843468000000005,17.318660000000005,97.05882287008332,42.97653199999999,240.85302251781982,0.42,2.353802523141801,0.10480800000000007,0.5873746067748716
REDLAT_CU479_Semantic2.txt,48.83847216458945,41.163413000000006,39.142544,95.0906184577066,18.082713,43.92909062229606,1.1061259999999962,2.6871581323929483,0.9147430000000014,2.2222234099004408
REDLAT_SL00279_Fugu.txt,40.04235495509427,31.851290999999996,25.843815000000003,81.1389874275426,6.746530999999999,21.18134238263686,3.5778219999999905,11.232894767122598,2.429654000000003,7.628117805334807
REDLAT_MA452_Phonological2.txt,84.61936816960399,32.560795,31.894027999999995,97.95223980249867,26.885972000000002,82.57160797210265,0.6667670000000001,2.0477601975013204,0.0,0.0
REDLAT_CU230_Phonological.txt,149.44028795995166,21.155163999999985,15.168024999999993,71.69892419647516,25.62719900000001,121.13921215642681,5.162362999999993,24.40237759442563,0.824776,3.8986982090992086
REDLAT_CU402_Semantic2.txt,143.8602039960952,26.065695000000005,21.618485000000003,82.93845608183477,33.050951999999995,126.79866007792998,1.2566470000000036,4.821076130906939,3.1905629999999983,12.240467787258302
REDLAT_AF172_Semantic2.txt,14.964609277486204,61.562603,52.35,85.0353907225138,0.0,0.0,9.212603000000001,14.964609277486206,0.0,0.0
REDLAT_CU401_CraftIm.txt,3.0991935507972737,34.798472000000004,33.720000000000006,96.90080644920272,0.0,0.0,1.0784719999999952,3.0991935507972737,0.0,0.0
REDLAT_MA757_CraftIm.txt,45.67984870634216,13.379543000000004,12.903894000000003,96.44495331417522,5.6361059999999945,42.124802020517386,0.47564900000000065,3.555046685824774,0.0,0.0
REDLAT_CU280_Semantic.txt,101.72313076351539,36.88048600000002,23.545767000000005,63.84342928669648,24.181265999999987,65.56656005021185,2.521752000000003,6.8376322372758365,10.812967000000008,29.318938476027682
REDLAT_MA669_CraftDe.txt,46.72460561703803,40.017639000000024,26.292661,65.70267926101283,4.973105999999991,12.427284878050871,3.490745000000011,8.723015868077596,10.23423300000001,25.57430487090956
REDLAT_MA525_CraftDe.txt,16.502612884815125,15.113946,13.669875000000001,90.44544025762697,1.0501249999999995,6.948053142442084,1.4440710000000005,9.55455974237304,0.0,0.0
REDLAT_CU406_Phonological.txt,301.85248662330144,9.510568000000005,4.996340999999999,52.53462253779161,24.193658999999997,254.38710916109306,3.9742270000000044,41.7874831450656,0.5400000000000004,5.677894317142783
REDLAT_AF050_CraftIm.txt,137.03887462881167,11.363504,10.805543000000002,95.08988600699223,15.014457,132.12876063580387,0.5579609999999988,4.91011399300778,0.0,0.0
REDLAT_MA712_Phonological2.txt,116.96178817847078,30.284135999999997,24.596791999999997,81.22005527910719,29.733523000000005,98.18184345757795,1.0376590000000017,3.4264111084430535,4.649684999999999,15.353533612449764
REDLAT_CU299_Semantic.txt,69.2226801564568,50.04090699999999,24.737530999999997,49.43461756198784,9.336281,18.657297718444635,5.677188000000008,11.345094124692842,19.62618799999999,39.22028831331932
REDLAT_CU474_Phonological2.txt,143.90707918504168,21.78909,14.078123,64.61088095005344,23.645076000000003,108.51796013509514,3.974166000000004,18.2392472563104,3.7368009999999976,17.14987179363616
REDLAT_AF523_Phonological.txt,295.9918347044441,15.480150000000002,14.270084999999998,92.18311838063583,44.609915,288.1749530850799,1.210065000000004,7.816881619364178,0.0,0.0
REDLAT_BE00160_Semantic.txt,154.35396967792835,24.872509,24.160401999999998,97.13697158577769,37.679598,151.49094126370602,0.7121070000000045,2.8630284142223226,0.0,0.0
REDLAT_MA482_Semantic.txt,530.5427721643662,9.928898999999994,5.799143999999992,58.40671760282782,48.547301000000004,488.94948976719405,1.156200000000005,11.64479566163384,2.9735549999999966,29.948486735538335
REDLAT_AF228_CraftDe.txt,14.446428538299797,22.638938,22.18421,97.99138987880085,2.815789999999998,12.437818417100651,0.45472799999999947,2.008610121199146,0.0,0.0
REDLAT_LO00608_CraftIm.txt,10.758576151562274,23.260987,21.709218,93.3288772312198,0.950782,4.087453382782081,1.5517690000000002,6.67112276878019,0.0,0.0
REDLAT_MA408_Fugu.txt,42.89160615017343,18.10622100000001,16.925086000000004,93.47663435677713,6.584913999999996,36.36824050695058,1.1811350000000016,6.523365643222852,0.0,0.0
REDLAT_LO00918_Phonological2.txt,79.66190454415796,20.206955999999998,9.349855000000002,46.27047735443182,5.240145,25.932381898589774,10.857100999999997,53.729522645568174,0.0,0.0
REDLAT_CU230_Fugu.txt,36.37805097606327,15.780073000000003,15.549795000000003,98.54070383578073,5.5102049999999965,34.918754811843996,0.23027800000000131,1.4592961642192737,0.0,0.0
REDLAT_AF178_Semantic.txt,77.66030639367155,38.656411999999996,22.281299999999995,57.639338074107854,13.645576000000009,35.2996444677794,6.481988,16.768209113665286,9.893124,25.59245281222686
REDLAT_CU228_Fugu.txt,25.771402468871624,80.366511,76.20598600000001,94.82306131219259,16.55105199999999,20.594463781064217,1.7775629999999922,2.2118205430119917,2.382961999999999,2.96511814479541
REDLAT_MA626_Phonological.txt,280.06053362822786,14.583298999999995,13.070616999999999,89.62729900826967,39.329383,269.6878326364975,1.512681999999997,10.372700991730317,0.0,0.0
REDLAT_BN00145_CraftIm.txt,44.74903432289473,15.946323999999999,12.785248999999999,80.17677930035788,3.9747509999999995,24.925813623252605,3.1610750000000007,19.823220699642132,0.0,0.0
REDLAT_BN00162_CraftIm.txt,5.644094668911408,24.956704,24.404062,97.7855970083229,0.8559380000000015,3.429691677234308,0.5526419999999987,2.214402991677101,0.0,0.0
REDLAT_BN00113_Fugu.txt,9.552203497618668,52.340583,50.430452,96.35057370300977,3.089547999999999,5.902777200628427,1.910131000000004,3.649426296990242,0.0,0.0
REDLAT_MA712_Semantic2.txt,184.29032678903044,20.948959,20.401026999999992,97.38444282601343,38.058973,181.67476961504389,0.5479320000000059,2.6155571739865735,0.0,0.0
REDLAT_MA596_CraftIm.txt,80.92833812017452,8.142809000000002,4.885762,60.0009407073161,3.3327930000000006,40.929278827490606,2.935602000000001,36.051465777964346,0.32144500000000065,3.9475935147195593
REDLAT_MA425_CraftDe.txt,104.04499184217579,6.485798,5.993824999999999,92.4146111241824,6.256175000000001,96.4596029663582,0.49197300000000066,7.585388875817605,0.0,0.0
REDLAT_CU364_Semantic2.txt,26.29338185204594,46.431569999999994,45.91156999999999,98.88007233009782,11.688430000000004,25.173454182143754,0.52,1.119927669902181,0.0,0.0
REDLAT_CU279_CraftIm.txt,27.021537908331567,32.426314999999995,31.242112999999996,96.34802166080235,7.577887000000005,23.369559569133916,1.184201999999999,3.6519783391976524,0.0,0.0
REDLAT_MA416_Semantic2.txt,5.912268447125206,57.48346900000001,54.307050000000004,94.4742044012688,0.22215800000000008,0.38647284839403145,2.0856269999999992,3.628220488920039,1.090792,1.8975751098111353
REDLAT_CU194_Phonological2.txt,436.4876186757202,11.595568999999994,9.462528999999993,81.60469744951712,48.480183000000004,418.0923161252374,0.975752,8.414869507481699,1.1572880000000012,9.980433043001183
REDLAT_CU012_Phonological.txt,236.01643629431,19.734862,16.724863,84.74780821877549,43.567519,220.7642445130855,2.082380999999998,10.551789011749857,0.9276180000000025,4.700402769474661
REDLAT_MA605_Phonological.txt,107.3019040068132,29.251575999999993,26.922038999999995,92.03620003243587,29.057961000000006,99.33810403924907,2.3295369999999975,7.9637999675641336,0.0,0.0
REDLAT_AF112_Semantic2.txt,3.735731443325948,59.897614000000004,57.66,96.26426855667405,0.0,0.0,2.237614000000005,3.735731443325948,0.0,0.0
REDLAT_BE00161_Phonological2.txt,193.75961141705045,19.950231999999986,19.407369999999982,97.27891886169543,38.11263000000002,191.03853027874587,0.5428620000000046,2.7210811383045823,0.0,0.0
REDLAT_AF144_Phonological.txt,181.44935623803133,21.23494499999999,19.71213699999999,92.8287640961632,37.00786300000001,174.27812033419454,1.5228079999999977,7.171235903836806,0.0,0.0
REDLAT_AF155_Fugu.txt,26.596226559629564,51.38133400000001,50.89791900000002,99.05916222416492,13.182080999999986,25.65538878379449,0.4834149999999915,0.9408377758350754,0.0,0.0
REDLAT_SL00351_Semantic.txt,178.84235648231893,20.696544000000003,18.773227000000006,90.7070620099665,35.090869999999995,169.54941849228544,1.3874139999999988,6.703602301910883,0.5359029999999976,2.589335688122604
REDLAT_MA615_CraftIm.txt,45.12429088927201,19.709369,14.203649,72.06546795080045,3.387993000000003,17.18975884007247,2.157362000000001,10.945870463940276,3.3483579999999984,16.988661585259266
REDLAT_CU399_CraftIm.txt,176.18492563217472,17.852343999999995,14.176860999999999,79.41176239938018,27.777656000000004,155.5966880315549,0.0,0.0,3.675482999999998,20.588237600619834
REDLAT_CU463_Fugu.txt,42.12544880289057,47.49858,40.36988299999999,84.99176817496436,12.880293000000012,27.117216977854945,0.8588730000000092,1.808207740105092,6.269823999999996,13.200024084930533
REDLAT_CU398_Semantic.txt,59.29790681171691,44.466234,27.90918300000001,62.76489032104677,9.810494999999996,22.0627971327637,6.166728999999998,13.868341087756606,10.390321999999992,23.366768591196617
REDLAT_CU570_CraftDe.txt,74.64107738018582,33.862660999999996,16.342745999999998,48.26184805736324,7.755540000000002,22.902925437549055,9.038200999999995,26.690758295693293,8.481714000000004,25.047393646943473
REDLAT_MA414_Phonological2.txt,114.94173869707502,34.61929099999999,13.852625000000005,40.0141787999067,19.02534900000001,54.95591749698171,8.524639999999998,24.623958936651825,12.242025999999992,35.36186226344149
REDLAT_SL00356_CraftDe.txt,17.670278900879502,3.8536629999999996,3.2563549999999997,84.50025339527613,0.083645,2.1705322961556317,0.597308,15.49974660472387,0.0,0.0
REDLAT_BE00183_Semantic.txt,20.86887216048849,53.377886999999994,49.319261999999995,92.39643000480706,7.080738000000004,13.265302165295536,4.058624999999999,7.603569995192953,0.0,0.0
REDLAT_MA615_Fugu.txt,122.09243254365117,26.434391,25.12,95.02772354392427,30.959999999999997,117.12015608757544,1.3143909999999999,4.972276456075723,0.0,0.0
REDLAT_CU398_Phonological.txt,154.83736314885974,23.855848,22.799041000000003,95.57002962124842,35.880959,150.40739277010817,1.0568069999999972,4.4299703787515625,0.0,0.0
REDLAT_AF172_CraftIm.txt,25.99371705347611,22.287632,21.997124,98.69655062502827,5.502876,24.690267678504384,0.29050799999999943,1.3034493749717306,0.0,0.0
REDLAT_MA615_Semantic2.txt,119.3036932226521,25.699993999999997,24.569476,95.60109624928319,29.530524,114.9047894719353,1.1305179999999966,4.3989037507168165,0.0,0.0
REDLAT_CU008_CraftIm.txt,42.380207945120205,41.831613999999995,36.926647999999986,88.2744997599184,12.823359000000012,30.654707705038618,1.9949730000000025,4.769055767248194,2.9099930000000014,6.956444472833397
REDLAT_MA589_Semantic2.txt,37.19932107854745,42.288839,42.288839,100.00000000000001,15.731160999999995,37.19932107854745,0.0,0.0,0.0,0.0
REDLAT_SL00285_CraftIm.txt,27.439443551472852,15.879564000000002,13.986149999999999,88.07641066215669,2.4638500000000016,15.51585421362955,1.8934140000000035,11.923589337843302,0.0,0.0
REDLAT_CU485_Semantic.txt,206.36617574319857,15.902953999999983,6.186986999999995,38.90463998072308,23.102351000000006,145.2708157239217,5.38530499999999,33.86355138799997,4.3306619999999985,27.23180863127695
REDLAT_CU546_Semantic.txt,203.0057441704405,21.899768,13.696849000000002,62.543352057428194,36.254867999999995,165.5490962278687,1.634636,7.464170396690959,6.568283000000002,29.99247754588086
REDLAT_CU614_CraftDe.txt,57.9010179498923,34.32850699999998,33.365975999999975,97.19611750082808,18.91402400000002,55.09713545072039,0.9625310000000005,2.803882499171901,0.0,0.0
REDLAT_MA413_Phonological2.txt,199.48663399422716,5.824889000000001,3.5788520000000004,61.44069011443823,9.373838,160.9273241086654,0.09872700000000023,1.6949164181497745,2.14731,36.86439346741199
REDLAT_MA765_Semantic.txt,18.57936057886766,55.895056,55.895056,100.0,10.384944000000003,18.57936057886766,0.0,0.0,0.0,0.0
REDLAT_MA355_Semantic2.txt,73.18349823082646,39.223964,19.947453999999993,50.8552730672504,9.428959,24.03877129807686,14.992923000000006,38.22388527584822,4.2835870000000025,10.920841656901382
REDLAT_CU301_Semantic.txt,49.739497819769525,37.32655900000001,36.38025800000001,97.46480515388521,17.61974199999999,47.20430297365473,0.9463009999999992,2.535194846114797,0.0,0.0
REDLAT_MA600_Phonological.txt,172.27696090228704,21.232801999999992,20.40678799999999,96.10972682738716,35.753212000000005,168.38668772967418,0.8260140000000007,3.8902731726128326,0.0,0.0
REDLAT_CU279_Phonological2.txt,384.85760577463714,7.8866259999999935,7.127172999999993,90.37036877366822,29.592827000000007,375.2279745483053,0.7594530000000006,9.629631226331783,0.0,0.0
REDLAT_CU310_Fugu.txt,8.043625216670407,96.284496,91.03380899999999,94.54669524364543,2.4940770000000017,2.590320460315856,0.2785730000000064,0.28932280021490314,4.972114000000001,5.163981956139648
REDLAT_AF469_Semantic.txt,18.391710847935983,49.77184600000001,48.81397600000001,98.0754782533081,8.19602399999999,16.467189101244085,0.9578700000000024,1.9245217466918993,0.0,0.0
REDLAT_MA605_CraftDe.txt,2.7609016512964426,35.572111,34.589999999999996,97.23909834870355,0.0,0.0,0.9821110000000034,2.7609016512964426,0.0,0.0
REDLAT_SL00404_Semantic2.txt,34.642657844227934,47.38402599999999,45.25946999999999,95.51630332129228,14.290530000000002,30.158961165520218,2.1245559999999983,4.483696678707712,0.0,0.0
REDLAT_MA461_Semantic2.txt,11.717747181728388,60.877649000000005,55.639617,91.3958043944831,1.8954570000000004,3.113551576211493,1.8931059999999995,3.109689731940863,3.344926000000001,5.494505873576032
REDLAT_SL00297_Fugu.txt,86.0526866028977,37.85911199999999,35.72077999999999,94.35186963709027,30.440451000000017,80.40455623998794,0.31956300000000226,0.844084774096134,1.818769,4.804045588813601
REDLAT_CU189_Fugu.txt,47.149935118929974,53.645077,53.14572899999999,99.06916342015874,24.794271000000016,46.21909853908872,0.4993480000000119,0.9308365798412628,0.0,0.0
REDLAT_MA610_Phonological.txt,225.97941634286332,8.371592999999997,5.886758,70.31825364658795,16.433242,196.2976699894513,2.484834999999997,29.68174635341204,0.0,0.0
REDLAT_MA631_CraftIm.txt,82.75083536945719,8.695853,7.023603999999999,80.76958062653543,5.523642000000002,63.5204159959926,1.4294949999999993,16.438812845617324,0.24275400000000147,2.7916065278472564
REDLAT_AF190_CraftIm.txt,15.417486063640382,26.722904,22.62,84.64648901930718,0.017095999999998668,0.06397508294756687,0.919999999999999,3.4427396064439666,3.1829040000000006,11.91077137424885
REDLAT_CU402_Semantic.txt,114.42029920538926,36.92814500000001,17.929119000000004,48.55136644421213,23.254267999999993,62.97166564960138,1.9224129999999973,5.205820655221098,17.076613000000005,46.24281290056676
REDLAT_MA757_CraftDe.txt,42.14123639643644,16.882433000000002,15.623939000000004,92.54554127358303,5.855971999999998,34.68677767001947,0.3184049999999985,1.8860137043043408,0.9400890000000004,5.568445022112632
REDLAT_MA564_Phonological.txt,53.189368121993944,43.578491,36.447464,83.6363608827116,16.048097000000002,36.825729004705565,1.3865879999999962,3.1818173786696655,5.744439,13.181821738618714
REDLAT_MA577_Phonological.txt,46.676677115593264,50.264812000000006,35.933399000000016,71.4881794444989,9.130531000000001,18.164856560092176,6.365343000000001,12.663616448023323,7.9660699999999816,15.848204107477773
REDLAT_BE00216_Fugu.txt,53.346661382810524,44.591170999999996,40.185610999999994,90.12010696018724,19.382341000000004,43.466768342997774,1.123511999999998,2.5195839777340634,3.2820479999999996,7.360309062078679
REDLAT_BN00129_Phonological.txt,71.21934778204049,36.300595,34.803774000000004,95.87659375831169,24.356226,67.09594154035216,1.4968210000000004,4.123406241688326,0.0,0.0
REDLAT_BE00134_Semantic.txt,110.97380095365013,30.26392600000001,26.712778000000014,88.26606964344285,30.033880999999987,99.23987059709299,0.7778069999999938,2.570079638709114,2.7733409999999985,9.163850717848034
REDLAT_CU110_Phonological2.txt,100.25670721619436,36.96779599999999,22.549999999999997,60.9990381898883,22.644899000000002,61.255745406082646,1.8926949999999991,5.11984809697608,12.525100999999998,33.88111371313562
REDLAT_MA519_Phonological2.txt,224.53536116668994,16.291148000000007,13.615880000000002,83.57839484362917,33.90412,208.11375601031912,1.2552680000000036,7.705215126644256,1.4200000000000008,8.716390029726574
REDLAT_MA414_Phonological.txt,92.60635412161773,43.619184,20.291193999999983,46.51896743414545,17.066146000000003,39.12532155576318,3.6853300000000067,8.448874238454362,19.642660000000006,45.03215832740018
REDLAT_CU429_CraftIm.txt,10.472559472772858,15.539715999999999,13.946155,89.74523730034706,0.033845,0.21779677311992063,1.5935609999999993,10.254762699652938,0.0,0.0
REDLAT_MA228_Phonological2.txt,82.67935844680282,32.685302,32.20065199999999,98.51722342966264,26.539348000000007,81.19658187646547,0.4846500000000026,1.482776570337342,0.0,0.0
REDLAT_BN00093_Phonological2.txt,216.7944609208967,17.117358,16.033937000000005,93.6706295445828,36.02606299999999,210.46509046547953,1.0834209999999942,6.32937045541721,0.0,0.0
REDLAT_CU425_CraftDe.txt,51.77870445463573,12.676839,12.216468,96.36840855989415,6.103532,48.147113014529886,0.46037099999999853,3.6315914401058382,0.0,0.0
REDLAT_MA617_CraftIm.txt,77.16800533618125,15.822550999999997,9.892525000000001,62.521681870388676,6.279921000000002,39.68968720656993,0.9424719999999986,5.956511058172597,4.987553999999998,31.521807071438726
REDLAT_CU651_Fugu.txt,96.99003098031889,19.581464000000004,2.8198770000000053,14.400746542750863,2.2304809999999975,11.390777523069762,13.961944999999996,71.30184443818906,2.799642000000002,14.297409019060074
REDLAT_CU038_Phonological2.txt,23.053394148237064,54.619506,53.57392800000001,98.08570586486081,11.546072,21.139100013097888,1.045577999999992,1.914294135139179,0.0,0.0
REDLAT_SL00279_Semantic.txt,103.69190084513275,30.215843999999997,16.883394000000003,55.87596361696865,17.998933000000005,59.567864462101426,3.5547769999999996,11.764612631704082,9.777672999999993,32.35942375132726
REDLAT_MA540_CraftDe.txt,14.909820678034805,17.054464,16.835836999999998,98.71806583894984,2.324163,13.627886516984645,0.21862700000000146,1.2819341610501596,0.0,0.0
REDLAT_CU645_Phonological2.txt,110.31227284843254,34.409844,22.415127000000002,65.14161180155307,25.963563999999995,75.45388464998561,1.0734080000000006,3.119479414088598,10.921308999999999,31.738908784358333
REDLAT_MA355_Phonological.txt,80.00751505316269,33.72165100000001,32.96089800000001,97.74402208243006,26.21910199999999,77.75153713559274,0.7607530000000038,2.2559779175699424,0.0,0.0
REDLAT_CU386_Semantic2.txt,179.36311999453773,21.837269000000006,21.204631000000006,97.10294359610629,38.535368999999996,176.46606359064398,0.632638,2.897056403893728,0.0,0.0
REDLAT_MA482_Phonological.txt,286.9813646147392,11.769973999999996,6.913711000000001,58.74024020783736,28.921369000000002,245.7216048225766,2.2113429999999887,18.78800242039608,2.644920000000006,22.47175737176656
REDLAT_LO00778_CraftIm.txt,9.719407476685827,19.429918999999998,17.950723,92.38701921505695,0.40927700000000033,2.1064266917427723,0.7591960000000006,3.9073554552646392,0.7199999999999989,3.7056253296784147
REDLAT_CU380_CraftDe.txt,29.409836837303445,11.725842000000002,10.141213,86.48601098326243,1.8639219999999987,15.89584782056588,1.0497639999999995,8.952568182310484,0.5348650000000008,4.561420834427078
REDLAT_BE00145_Semantic.txt,77.53701948810276,34.29774600000001,33.39214800000001,97.35959908269191,25.687851999999992,74.89661857079467,0.9055979999999986,2.6404009173080887,0.0,0.0
REDLAT_CU192_Semantic2.txt,153.27838622774092,28.383782,17.363505999999997,61.17403945675738,32.485927000000004,114.45242568449828,9.729709000000005,34.27911403772762,1.2905669999999976,4.546846505515007
REDLAT_MA605_Semantic.txt,54.537390573880884,38.914955000000006,38.27587700000001,98.35775731977591,20.58412299999999,52.89514789365679,0.6390780000000006,1.642242680224095,0.0,0.0
REDLAT_CU445_CraftDe.txt,101.63487108242728,12.366235,5.878064000000001,47.53317400162621,6.080236,49.168045084053475,3.5164709999999992,28.436068051431977,2.9717000000000002,24.030757946941815
REDLAT_CU119_Semantic2.txt,175.19787715677586,27.27323399999999,20.027518999999995,73.43287195057249,40.53641200000001,148.63074910734835,1.1896460000000046,4.361954288222677,6.05606899999999,22.20517376120482
REDLAT_MA763_CraftDe.txt,21.53068911933981,29.86714899999999,28.60327299999999,95.76834066083777,5.166727000000009,17.29902978017758,1.263875999999998,4.2316593391622295,0.0,0.0
REDLAT_BE00184_Fugu.txt,13.269242369087719,64.58965599999999,63.06954899999999,97.64651634001581,7.050451000000006,10.915758709103525,1.5201070000000005,2.353483659984194,0.0,0.0
REDLAT_AF241_Phonological.txt,141.87390228541204,23.548357000000006,23.319692000000007,99.02895560824054,33.180308,140.90285789365257,0.22866499999999945,0.9710443917594734,0.0,0.0
REDLAT_MA745_Semantic2.txt,109.98223682057899,28.178514,27.733576999999997,98.42100616093524,30.546423000000004,108.40324298151423,0.444937000000003,1.5789938390647678,0.0,0.0
REDLAT_BE00183_Semantic2.txt,127.5862357882215,25.30260400000001,24.039982000000016,95.00991281371675,31.020017999999986,122.59614860193827,1.2626219999999955,4.990087186283258,0.0,0.0
REDLAT_CU410_Fugu.txt,17.071555514879144,43.038849,42.80572399999999,99.4583382097416,7.114276000000002,16.529893724620756,0.23312500000000597,0.5416617902583919,0.0,0.0
REDLAT_LO00904_Fugu.txt,54.810471404650194,43.438986,39.252002,90.3612298869039,19.622129,45.171701291554086,0.4811150000000026,1.1075649878199336,3.705869,8.531205125276175
REDLAT_BN00093_Semantic.txt,120.43210648991827,27.977409000000016,27.34181300000001,97.7281813337325,33.05818699999999,118.16028782365075,0.6355960000000067,2.27181866626751,0.0,0.0
REDLAT_MA752_Semantic.txt,80.19048926056406,46.897341999999995,18.835067,40.16233372032044,9.544933,20.352822980884508,28.062275,59.83766627967957,0.0,0.0
REDLAT_MA357_CraftDe.txt,74.99924164061859,48.09724900000001,26.66927799999999,55.44865570170133,14.644600999999998,30.44789734231992,3.7418499999999995,7.779758879764617,17.686121000000018,36.77158541853405
REDLAT_CU414_Phonological.txt,663.2996869670758,7.739121999999986,6.203729999999991,80.16064354586997,49.79818000000001,643.4603305129458,0.45730199999999854,5.908964867074061,1.078089999999996,13.930391587055974
REDLAT_MA727_CraftDe.txt,56.776553523214034,25.220608,25.220608,100.0,14.319392,56.776553523214034,0.0,0.0,0.0,0.0
REDLAT_MA351_CraftIm.txt,13.999573503171344,11.357645999999999,11.008811999999999,96.92864172734384,1.2411879999999997,10.928215230515196,0.3488340000000001,3.0713582726561484,0.0,0.0
REDLAT_CU194_Phonological.txt,272.669591477384,13.082556000000006,7.2367719999999975,55.31619356339842,29.826367999999995,227.9857850407824,0.6489240000000054,4.960223369194866,5.196860000000003,39.72358306740671
REDLAT_CU080_Fugu.txt,23.663683311820144,45.063027000000005,36.131744,80.18046368700442,1.7322890000000033,3.8441469988245642,6.895316000000005,15.3014931731062,2.0359669999999994,4.5180431398893806
REDLAT_SL00376_CraftDe.txt,267.7242904559498,16.590619000000004,9.832882999999999,59.267728346965214,37.659381,226.99201880291503,0.0,0.0,6.757736000000001,40.732271653034765
REDLAT_SL00442_Phonological2.txt,43.609739508048136,43.742004,41.893115,95.77319548505368,17.226884999999996,39.38293499310181,1.848889000000002,4.226804514946325,0.0,0.0
REDLAT_LO00616_Phonological2.txt,70.04591013372377,36.14038700000001,35.14988700000001,97.25929885587556,24.324362999999995,67.30520898959932,0.3647499999999997,1.0092586999690942,0.62575,1.7314424441553429
REDLAT_MA590_Phonological2.txt,253.3135681535885,16.881877000000003,16.418896000000004,97.25752651793401,42.301103999999995,250.57109467152253,0.462981,2.7424734820660044,0.0,0.0
REDLAT_CU119_Semantic.txt,161.59858542432988,20.084044000000006,9.456763999999996,47.08595539822554,21.828250999999998,108.68454082255543,5.292295000000009,26.35074390396679,5.3349850000000005,26.563300697807666
REDLAT_BN00142_CraftIm.txt,77.66377416411594,24.170189000000008,21.724354000000005,89.8807783422794,16.325645999999995,67.54455250639533,2.4458350000000024,10.119221657720598,0.0,0.0
REDLAT_MA452_Semantic2.txt,141.20612867171982,24.747939999999993,24.241165999999993,97.9522578444913,34.43883400000001,139.15838651621112,0.5067740000000001,2.047742155508702,0.0,0.0
REDLAT_CU192_Fugu.txt,45.624993828647206,30.28104299999999,19.927716999999994,65.80921601676665,3.4623980000000083,11.434209845413877,2.2034409999999944,7.276635088163889,8.149885000000001,26.91414889506945
REDLAT_BE00156_Fugu.txt,72.74935704516065,95.17736899999997,56.59254299999998,59.46008341541779,30.656098000000043,32.20944046057845,7.133467000000003,7.49491930166719,31.451358999999982,33.04499728291501
REDLAT_CU037_CraftDe.txt,84.91990295779675,36.212697999999996,26.167049999999996,72.25932185445005,20.70614,57.17922481224681,3.868838,10.683650248871267,6.17681,17.057027896678672
REDLAT_CU311_Semantic.txt,70.44439374799558,38.153012,27.397896,71.81057160048073,16.121542,42.2549653484763,6.714553999999996,17.599014201028208,4.040561999999996,10.590414198491056
REDLAT_CU338_Semantic2.txt,124.32239265020151,26.90566300000001,16.315564000000002,60.63988833874859,22.859664999999993,84.9622809889501,5.345328000000013,19.866925412691042,5.244770999999998,19.493186248560374
REDLAT_LO00922_Phonological2.txt,138.58756549518827,24.92969399999999,21.824223999999997,87.54308817428729,31.44398600000001,126.13065366947554,1.9736799999999914,7.916984460378824,1.1317900000000023,4.539927365333898
REDLAT_MA601_CraftDe.txt,107.63218626740341,13.524040999999997,8.821036,65.22485402107256,9.853216000000007,72.85704028847597,1.6672569999999975,12.328097792664176,3.035748,22.447048186263267
REDLAT_MA220_Fugu.txt,9.803545088215163,63.10252,60.66102900000001,96.13091363070765,3.744792999999996,5.934458718922788,1.9473129999999967,3.085951242517726,0.494177999999998,0.7831351267746487
REDLAT_CU547_Fugu.txt,10.570375455062084,28.627686999999998,26.367521999999997,92.10496817294391,0.7658889999999996,2.675343628005992,1.4735760000000004,5.147380576013705,0.7865889999999993,2.747651251042389
REDLAT_CU401_Fugu.txt,11.023856467321206,82.99590099999999,81.87327599999999,98.64737295881636,8.026724000000005,9.67122942613757,1.1226249999999993,1.3526270411836356,0.0,0.0
REDLAT_LO00866_Fugu.txt,103.54865556907798,44.53754300000001,44.289758,99.4436491478661,45.870242,102.99230471694406,0.24778500000000747,0.5563508521339119,0.0,0.0
REDLAT_MA510_Semantic2.txt,276.08541631043056,14.965478999999984,14.818986999999982,99.02113390423385,41.171013000000016,275.1065502146645,0.14649200000000207,0.9788660957661444,0.0,0.0
REDLAT_CU485_Phonological.txt,147.42861330105242,29.026906000000004,11.927198000000006,41.09014581161355,25.694256999999993,88.51875911266599,9.491162999999993,32.69781147188058,7.608545000000003,26.212042716505856
REDLAT_CU414_CraftIm.txt,78.77890205148348,23.335065000000004,20.200544999999995,86.56733975242834,15.248587999999998,65.34624180391182,2.6436530000000076,11.329100647459121,0.4908670000000006,2.1035596001125367
REDLAT_LO00578_CraftIm.txt,117.47550728974139,67.773941,49.72359799999999,73.3668387382106,61.56743800000002,90.84234602795199,1.081379,1.5955675353156755,16.968964000000007,25.037593726473734
REDLAT_MA344_Phonological.txt,74.39810809011836,37.00303099999999,35.419695,95.72106403932155,25.946219,70.1191721294399,0.6492499999999995,1.754585995941791,0.9340860000000006,2.524349964736675
REDLAT_AF272_CraftDe.txt,51.01735639528533,19.889440999999998,19.371187,97.39432596421389,9.628813000000001,48.4116823594992,0.5182540000000007,2.6056740357861274,0.0,0.0
REDLAT_SL00279_Semantic2.txt,422.72426012602386,11.575619999999994,11.481332999999992,99.1854691152612,48.83866700000001,421.909729241285,0.09428700000000001,0.8145308847387878,0.0,0.0
REDLAT_CU421_CraftIm.txt,18.18885485597598,18.146486,17.902924,98.65780074445267,3.057076000000001,16.84665560042865,0.24356200000000072,1.3421992555473314,0.0,0.0
REDLAT_MA461_CraftDe.txt,19.32483213207659,2.581046999999999,2.3711320000000002,91.86706015039638,0.2888679999999999,11.191892282472965,0.20991499999999874,8.132939849603623,0.0,0.0
REDLAT_CU575_Semantic2.txt,86.16176246693091,41.747484000000014,20.932538,50.140837229855556,15.15542199999999,36.30259969678649,5.812906000000004,13.923967250337773,15.002040000000004,35.935195519806655
REDLAT_MA594_Fugu.txt,49.397092879264235,17.350019000000003,16.589807000000004,95.61837943808592,7.810192999999996,45.01547231735017,0.7602119999999982,4.381620561914071,0.0,0.0
REDLAT_MA455_Phonological.txt,80.01940022466741,33.34085099999999,33.34085099999999,100.0,26.679149000000013,80.0194002246674,0.0,0.0,0.0,0.0
REDLAT_CU393_Fugu.txt,11.627357919210466,16.883053,14.92,88.37264208078953,0.0,0.0,1.9630530000000004,11.627357919210468,0.0,0.0
REDLAT_MA217_CraftDe.txt,59.54687785314155,21.582568999999996,15.166351000000006,70.2712962483753,6.435528,29.818174101516835,1.338096999999994,6.199896777811734,5.078120999999999,23.52880697381299
REDLAT_MA497_Phonological2.txt,78.12798173604878,38.112235000000005,31.331364000000008,82.2081517916753,22.995448999999994,60.33613352772408,0.6476840000000026,1.6994122753493792,6.133187000000001,16.09243593297533
REDLAT_CU414_CraftDe.txt,112.4251093931828,16.092639000000005,9.204180999999998,57.19497591414308,11.203708999999996,69.62008530732587,3.7263480000000055,23.15560549142999,3.1621099999999998,19.64941859442692
REDLAT_MA414_CraftIm.txt,10.578526613857882,22.624266000000002,21.095476,93.24269790675199,0.8645239999999994,3.821224520609859,1.5287900000000008,6.757302093248022,0.0,0.0
REDLAT_BE00132_Phonological2.txt,298.96896428436446,15.137012000000011,13.73290600000001,90.72402135903704,43.85086199999999,289.69298564340147,0.44787400000000055,2.95880058759285,0.956232,6.317178053370106
REDLAT_CU405_Fugu.txt,1.7647498070971683,90.39525,88.8,98.23525019290283,0.0,0.0,1.5952500000000032,1.7647498070971683,0.0,0.0
REDLAT_AF138_Semantic.txt,15.375619007704708,51.75844299999999,51.74013099999999,99.96462026494885,7.939869000000004,15.340239272653557,0.01831200000000166,0.03537973505115226,0.0,0.0
REDLAT_MA599_Semantic.txt,94.75426103895018,29.171523999999998,28.675131,98.29836452836679,27.144869,93.05262556731695,0.4963930000000013,1.7016354716332316,0.0,0.0
REDLAT_MA483_Semantic2.txt,98.14954444336901,24.485430000000004,21.176546,86.48631451438669,20.72345400000001,84.63585895775572,3.308884000000004,13.513685485613294,0.0,0.0
REDLAT_CU402_CraftIm.txt,17.805506243405773,19.551188,16.07,82.19449375659423,0.0,0.0,3.481188000000001,17.805506243405777,0.0,0.0
REDLAT_CU549_Semantic2.txt,164.95236946058972,23.685644,19.597657000000005,82.74065505670863,34.982044,147.69302451729834,0.007688000000000139,0.03245847991298079,4.080298999999997,17.226886463378392
REDLAT_LO00778_Semantic.txt,58.77214104495497,37.97895500000001,37.658955000000006,99.15742810722409,22.001044999999987,57.92956915217909,0.32,0.8425718927758804,0.0,0.0
REDLAT_AF260_Phonological2.txt,176.4564510365615,20.367626000000016,18.71381800000001,91.88021225448658,34.28618199999999,168.33666329104807,1.6538080000000033,8.119787745513404,0.0,0.0
REDLAT_LO00633_CraftDe.txt,27.14528039520622,29.397917,29.163885,99.20391638632084,7.746114999999998,26.349196781527063,0.23403199999999913,0.7960836136791567,0.0,0.0
REDLAT_CU413_Semantic2.txt,11.453694990109195,56.286037,55.694602999999994,98.94923495857418,5.8553970000000035,10.402929948683372,0.5914340000000041,1.0507650414258232,0.0,0.0
REDLAT_CU488_Semantic.txt,223.9989975018393,20.409014999999997,12.123222999999998,59.40131358617748,37.43019700000001,183.40031108801682,0.5792120000000014,2.838020355220482,7.706579999999995,37.76066605860203
REDLAT_BN00152_Phonological.txt,61.09718118317685,38.536133,37.825821,98.15676367942781,22.834179000000002,59.253944862604676,0.7103120000000018,1.8432363205721805,0.0,0.0
REDLAT_MA454_Fugu.txt,119.21562922281935,21.445980000000002,18.924702000000003,88.24358690999433,23.045682,107.45921613281368,0.4716619999999967,2.1993026198849233,2.0496160000000003,9.55711047012074
REDLAT_LO00661_CraftIm.txt,29.296214777680206,18.557906000000003,14.169902,76.35506937043435,1.0487600000000015,5.651284148114563,4.1866660000000016,22.56001296698022,0.2013379999999998,1.084917662585422
REDLAT_MA469_CraftDe.txt,113.93405646216277,4.914476999999999,4.547606999999998,92.53491266720751,5.232393000000001,106.46896912937027,0.3668700000000005,7.465087332792494,0.0,0.0
REDLAT_MA627_CraftDe.txt,69.80366787041949,11.149576,6.038017999999999,54.154687137878604,2.6712550000000013,23.95835500829808,0.8408310000000014,7.541371976835724,4.270727,38.303940885285684
REDLAT_BN00146_CraftIm.txt,1.27446402587772,35.81646800000001,35.36,98.72553597412228,0.0,0.0,0.4564680000000054,1.27446402587772,0.0,0.0
REDLAT_MA246_Fugu.txt,29.99230990023837,59.72874399999998,59.24735699999998,99.19404466298505,17.432643000000027,29.186354563223418,0.481386999999998,0.8059553370149525,0.0,0.0
REDLAT_MA741_CraftIm.txt,17.84590543035753,33.596278,33.34035899999999,99.23825192778794,5.739641000000006,17.084157358145465,0.2559190000000058,0.7617480722120641,0.0,0.0
REDLAT_MA416_Phonological.txt,152.29509558429274,22.404361,20.081809,89.63348251708673,31.798191,141.92857810137943,2.322552000000002,10.366517482913268,0.0,0.0
REDLAT_CU478_Phonological.txt,44.17012168619052,52.246931000000004,35.134699,67.24739296170333,5.965301000000001,11.417514647893864,17.112232,32.75260703829666,0.0,0.0
REDLAT_MA455_Fugu.txt,45.594355676996265,28.797217999999997,26.003656000000007,90.29919487361595,10.336343999999999,35.89355055061222,2.7935619999999908,9.700805126384052,0.0,0.0
REDLAT_SL00278_Phonological2.txt,117.72559239495853,29.118157999999998,27.54511,94.5977077258802,32.70647600000001,112.32330012083874,0.28463400000000005,0.9775137561929573,1.288413999999996,4.424778517926842
REDLAT_BN00093_Fugu.txt,25.718468275095418,27.568893,27.009297999999998,97.97019416049821,6.530702,23.688662435593624,0.5595950000000016,2.0298058395017953,0.0,0.0
REDLAT_MA737_Semantic.txt,36.773553823240555,45.416681999999994,43.647676999999995,96.10494443429398,14.932323000000002,32.87849825753454,1.769005000000002,3.8950555657060155,0.0,0.0
REDLAT_SL00292_Semantic.txt,208.5544339223943,12.396507000000007,12.121521000000001,97.78174609992956,25.578478999999994,206.33618002232387,0.2749860000000055,2.218253900070442,0.0,0.0
REDLAT_MA606_Semantic2.txt,49.06334486719367,42.49632400000001,39.538568000000005,93.03997211617644,17.89236199999999,42.10331698337011,1.768686000000001,4.161974103924849,1.189070000000001,2.7980537798987055
REDLAT_AF050_Fugu.txt,94.12111027376382,21.211165,16.362842,77.14258976345712,15.115860999999995,71.26370003722094,1.5870259999999936,7.482031279281424,3.261297000000006,15.375378957261452
REDLAT_AF112_Phonological.txt,273.8083830742366,11.352327000000002,8.784352000000005,77.37930734377193,28.515647999999995,251.1876904180085,2.567974999999997,22.62069265622807,0.0,0.0
REDLAT_CU038_Semantic.txt,65.42605015436567,38.067713000000005,31.355254000000013,82.36705472692833,18.193741999999993,47.793104881294,3.4614549999999866,9.092889294400182,3.251004000000002,8.540055978671482
REDLAT_MA777_Semantic2.txt,62.41433630406596,38.475021,35.260546,91.64529370887153,20.799454000000004,54.059630012937504,3.214475,8.35470629112847,0.0,0.0
REDLAT_SL00368_Fugu.txt,100.0,102.80083900000001,0.0,0.0,0.0,0.0,102.80083900000001,100.0,0.0,0.0
REDLAT_MA602_Phonological2.txt,147.33175555583674,24.978595999999996,24.978595999999996,100.0,36.801404000000005,147.33175555583674,0.0,0.0,0.0,0.0
REDLAT_CU478_Phonological2.txt,84.75474459012486,34.519788999999996,26.91680199999999,77.9749899398284,21.65417200000001,62.72973452995327,5.023961,14.553857788644075,2.579026000000006,7.471152271527517
REDLAT_MA566_Semantic2.txt,133.82681258093723,25.847963,24.348229000000003,94.19786387035606,33.091771,128.0246764512933,1.4997339999999963,5.802136129643935,0.0,0.0
REDLAT_MA482_Semantic2.txt,317.75949992385915,14.00042800000001,9.876198000000006,70.54211485534584,40.36345999999999,288.30161477920507,0.22388799999999875,1.5991511116660047,3.9003420000000046,27.858734032988146
REDLAT_BN00114_Semantic.txt,15.565278858861086,51.018784,51.018784,100.0,7.9412160000000025,15.565278858861088,0.0,0.0,0.0,0.0
REDLAT_MA503_CraftDe.txt,15.100301716494698,26.172583,25.930222000000004,99.07398899069307,3.7097779999999996,14.174290707187746,0.24236100000000005,0.9260110093069531,0.0,0.0
REDLAT_CU583_CraftDe.txt,24.889618216512332,11.575959000000001,9.082458,78.45965936817848,0.3877109999999995,3.3492775846908187,2.2936699999999997,19.814081926171294,0.1998310000000001,1.7262587056502192
REDLAT_BE00172_CraftDe.txt,22.83694462244881,15.875079,15.310086,96.44100668727381,3.0603900000000013,19.277951309722624,0.17546899999999965,1.1053110349876032,0.38952399999999976,2.4536822777385847
REDLAT_CU184_CraftIm.txt,1.1781131138866447,38.622013,38.613501,99.97796075517866,0.44649900000000464,1.1560738690653038,0.008512000000000075,0.02203924482134081,0.0,0.0
REDLAT_CU322_Phonological2.txt,185.71436249019047,17.118465999999998,16.423507999999998,95.94030212753876,31.096492000000005,181.65466461772922,0.6949579999999997,4.059697872461235,0.0,0.0
REDLAT_SL00285_CraftDe.txt,372.92628995191694,2.87627,2.641354999999999,91.83265131576658,10.491452,364.75894126768355,0.047722000000000264,1.6591627350700826,0.1871930000000006,6.508185949163347
REDLAT_CU147_Phonological2.txt,274.40914207244583,16.492628000000003,14.990341000000011,90.89116058398946,43.754991999999994,265.30030265643524,0.7476199999999957,4.533055617333972,0.7546669999999978,4.575783798676582
REDLAT_MA415_Phonological2.txt,170.96519684458178,22.652083999999995,17.461194999999996,77.08427621935358,33.536291000000006,148.04947306393538,1.8283750000000012,8.071553151577584,3.3625139999999973,14.844170629068824
REDLAT_MA355_Phonological2.txt,61.64532607652238,37.877428,35.753882000000004,94.39363728709353,21.226117999999996,56.03896336361591,2.123545999999992,5.606362712906463,0.0,0.0
REDLAT_CU477_Phonological2.txt,94.39489544838469,34.32763800000002,20.452747000000016,59.58099127006643,18.528646999999985,53.9758867184511,1.3762850000000024,4.009262157798336,12.498606,36.409746572135234
REDLAT_CU583_Phonological2.txt,109.52145314881774,29.908733000000005,29.401127000000002,98.30281677261286,32.248872999999996,107.8242699214306,0.5076060000000027,1.69718322738714,0.0,0.0
REDLAT_BE00149_Semantic2.txt,164.57569876959067,21.46651800000002,19.708923000000016,91.81238894915327,33.57107699999999,156.38808771874395,1.7575950000000033,8.187611050846728,0.0,0.0
REDLAT_AF272_Phonological2.txt,420.58830550356345,9.928276999999992,7.224027999999995,72.76215198266527,39.052923,393.3504574862288,2.461199999999991,24.789799881691383,0.2430490000000063,2.4480481356433392
REDLAT_CU545_CraftDe.txt,37.786511152146865,10.042192,9.173799,91.3525552986838,2.9262010000000007,29.139066450830665,0.8683929999999991,8.647444701316198,0.0,0.0
REDLAT_CU012_CraftIm.txt,133.7860653543976,12.815970000000004,6.034018000000002,47.082023444187215,10.364029999999996,80.86808879858484,0.16000000000000011,1.2484423730704743,6.621952000000001,51.669534182742304
REDLAT_CU410_Phonological2.txt,11.647169948412408,60.213125,53.2,88.35283005158759,0.0,0.0,7.013124999999998,11.647169948412406,0.0,0.0
REDLAT_LO00579_Phonological.txt,136.0965673865591,24.603585999999993,12.380506999999994,50.319928972955395,21.26155700000001,86.4164963595145,4.565143000000003,18.554787094856838,7.657935999999996,31.125283932187767
REDLAT_MA483_CraftIm.txt,43.31498020478343,20.227614,12.372478999999998,61.16627991813567,0.9064519999999998,4.481260122919094,2.664066000000003,13.170441160287137,5.191069,25.663278921577206
REDLAT_MA766_CraftIm.txt,38.15627741406815,22.06782100000001,21.57974100000001,97.78827279775379,7.9321789999999925,35.944550211821955,0.019999999999999574,0.0906297001412127,0.4680800000000005,2.1210975021049894
REDLAT_LO00779_Phonological2.txt,47.22690716931843,41.205255999999984,39.11264399999999,94.92149253968961,17.367356000000008,42.14839970900803,2.0926119999999955,5.078507460310394,0.0,0.0
REDLAT_CU654_Fugu.txt,2.9977456668300104,51.328704,49.79,97.00225433316999,0.0,0.0,1.5387040000000023,2.99774566683001,0.0,0.0
REDLAT_MA412_Phonological.txt,91.03216028262634,42.21772599999999,23.58205999999999,55.85819567827978,19.796042000000003,46.890355960906106,7.273767999999997,17.229179989466978,11.361898000000004,26.912624332253248
REDLAT_AF162_Phonological2.txt,6.332538956454909,57.360263,57.273951000000004,99.84952649188516,3.546048999999992,6.182065448340067,0.0863119999999995,0.15047350811484161,0.0,0.0
REDLAT_CU137_CraftDe.txt,101.33300027503421,28.723699999999997,12.936705000000003,45.03843515981578,13.319592,46.37143543484997,10.553291999999997,36.74071237340593,5.233702999999998,18.2208524667783
REDLAT_MA595_Phonological.txt,2.0450684961443324,54.636214,54.399433,99.56662260675675,0.8805669999999992,1.611691102901089,0.23678100000000002,0.43337739324324337,0.0,0.0
REDLAT_CU314_Phonological.txt,256.8160607696768,13.464610000000011,6.884971000000004,51.13383157774342,27.999641999999998,207.94989234742022,5.8642520000000085,43.5530772892791,0.7153870000000002,5.313091132977484
REDLAT_CU645_Semantic.txt,120.00225685552527,29.093576999999986,14.000780999999996,48.12327133236317,19.820153000000023,68.12552818788846,8.343729999999994,28.678941747176697,6.749065999999996,23.19778692046014
REDLAT_MA690_Fugu.txt,128.713828681657,29.152967,23.388644000000006,80.22731957265279,31.759577,108.94114825430975,4.572544000000001,15.684660844297598,1.1917789999999941,4.088019583049623
REDLAT_BN00162_Semantic2.txt,0.8764201276518859,60.591032,60.06,99.1235798723481,0.0,0.0,0.5310319999999951,0.8764201276518859,0.0,0.0
REDLAT_MA635_Fugu.txt,26.1666061564774,26.629124,25.120593,94.33503332666895,5.4594070000000015,20.501639483146352,1.5085309999999996,5.6649666733310475,0.0,0.0
REDLAT_LO00981_Phonological.txt,21.018206808479327,53.789603,50.37438999999999,93.65079344422749,7.890397000000001,14.669000252706832,0.0,0.0,3.4152130000000005,6.349206555772499
REDLAT_MA635_Phonological2.txt,174.57212289741625,20.807434999999998,9.520209000000003,45.75388076425568,25.036755000000003,120.32600366167192,1.8641899999999962,8.959249422141635,9.423035999999998,45.286869813602685
REDLAT_MA737_Semantic2.txt,52.70562480287394,41.049243000000004,38.173568,92.99457239686491,18.75958499999999,45.70019719973883,1.568828000000003,3.8218195643705357,1.3068470000000048,3.183608038764575
REDLAT_MA415_Semantic.txt,97.77086595656822,23.243913999999997,14.191068000000008,61.052833012546905,13.67293,58.8236989691151,4.476843999999993,19.260284649134366,4.5760019999999955,19.686882338318735
REDLAT_MA412_Semantic.txt,199.30045556600703,24.114836999999987,13.372526999999996,55.45352431782973,37.31867000000001,154.7539798838368,0.9935069999999968,4.1198992968519645,9.748802999999992,40.426576385318285
REDLAT_BN00165_Phonological.txt,36.55769537256715,45.20199600000001,44.05859400000001,97.47046126016204,15.381405999999993,34.02815663272921,1.1434019999999991,2.5295387398379465,0.0,0.0
REDLAT_MA599_Phonological.txt,217.061817752248,19.503636999999998,18.280113,93.7266880018327,41.111425000000004,210.78850575408072,0.42506199999999694,2.1793986424172935,0.7984619999999998,4.093913355750007
REDLAT_BN00112_Semantic2.txt,77.09088369695051,29.742221000000004,28.776840000000004,96.75417313320347,21.963159999999995,73.84505683015398,0.9653809999999996,3.2458268667965293,0.0,0.0
REDLAT_BE00172_Phonological.txt,64.96589864885507,33.286511000000004,32.735815,98.34558809723254,21.074184999999996,63.31148674608761,0.5506960000000021,1.6544119027674664,0.0,0.0
REDLAT_SL00379_CraftDe.txt,79.39055451292786,18.344676,13.850368000000003,75.50075019040949,10.069631999999999,54.891304703337354,4.494307999999997,24.499249809590513,0.0,0.0
REDLAT_CU064_Fugu.txt,23.31278887727309,96.51590000000003,82.39074299999999,85.36494297830716,8.375390999999986,8.677731855580255,8.441291000000035,8.74601076092129,5.683866000000002,5.889046260771541
REDLAT_AF178_Fugu.txt,24.051351801991792,47.74586099999999,46.171167999999994,96.70192773358932,9.908831999999999,20.753279535581107,1.5746929999999963,3.2980722664106876,0.0,0.0
REDLAT_CU405_CraftDe.txt,5.941462674001718,23.012633,22.192673,96.4369135856814,0.547327,2.3783762596831055,0.8199600000000018,3.5630864143186125,0.0,0.0
REDLAT_MA611_Phonological.txt,179.64272023613094,19.570154000000002,13.655045000000003,69.77484694295201,29.241248,149.417567179083,2.0914019999999973,10.686691581476554,3.8237069999999997,19.53846147557142
REDLAT_CU314_CraftDe.txt,6.8349668083670805,12.579826999999998,11.719999999999999,93.16503319163293,0.0,0.0,0.8598270000000001,6.8349668083670805,0.0,0.0
REDLAT_MA367_CraftIm.txt,59.141769023633195,62.550131,30.038455000000017,48.023008936623995,4.4815780000000025,7.164777960257194,19.741708999999993,31.56141911197595,12.76996699999999,20.415571951400054
REDLAT_CU322_Fugu.txt,46.83906338906383,21.428790999999997,19.010872999999997,88.71649828494758,7.6191270000000015,35.55556167401139,2.4179180000000002,11.283501715052429,0.0,0.0
REDLAT_MA412_Semantic2.txt,850.5207193879855,4.607472,4.159984,90.28777602989231,38.740016,840.8084954178777,0.447488,9.712223970107688,0.0,0.0
REDLAT_MA801_Phonological2.txt,309.454592184401,14.785174999999999,13.375885999999998,90.46822915521797,44.344114000000005,299.92282133961896,1.4092890000000022,9.531770844782036,0.0,0.0
REDLAT_BN00142_Fugu.txt,44.05264235863686,43.82022500000001,38.049622000000014,86.8311881100565,13.533363999999988,30.88383046869336,4.413588999999995,10.072036371333088,1.3570139999999995,3.0967755186104116
REDLAT_CU656_Phonological.txt,264.07642994981444,13.095546999999991,11.476646999999994,87.63778252256283,32.963353000000005,251.71421247237728,1.6188999999999965,12.36221747743716,0.0,0.0
REDLAT_BN00110_CraftDe.txt,34.01226963981478,15.766722000000001,13.447051000000002,85.28755057646097,3.0429489999999983,19.29982021627576,2.3196710000000005,14.712449423539022,0.0,0.0
REDLAT_LO00578_Phonological2.txt,370.8148789646509,47.72853600000005,24.677714000000055,51.704317936758066,153.933691,322.519196901409,0.802227000000006,1.6808120827339124,22.248594999999987,46.61486998050802
REDLAT_AF107_Fugu.txt,7.948171464689893,69.341647,68.995127,99.50027146023803,5.1648729999999965,7.448442924927925,0.34651999999999816,0.49972853976196757,0.0,0.0
REDLAT_CU184_Semantic.txt,70.20189289945196,34.84897199999999,32.152167,92.26145035210797,21.767833000000003,62.463343251559934,2.6968049999999923,7.738549647892033,0.0,0.0
REDLAT_AF144_Semantic2.txt,47.01401624437625,39.192024999999994,35.238139999999994,89.91150623117841,14.471860000000003,36.92552247555467,3.953884999999996,10.088493768821582,0.0,0.0
REDLAT_SL00285_Phonological.txt,49.13302583134321,62.75233099999999,32.200106000000005,51.31300381494994,0.279894,0.4460296462931393,19.162224999999992,30.536276014989777,11.39,18.1507201700603
REDLAT_BN00102_Semantic2.txt,276.4596401107382,12.479171999999998,11.319648999999998,90.70833385420123,33.340351,267.1679739649394,1.159523,9.291666145798777,0.0,0.0
REDLAT_CU148_Phonological.txt,234.72378594328296,19.001151000000007,16.07977900000001,84.62528927852847,41.678848999999985,219.34907522181138,0.28,1.4735949416959,2.641371999999999,13.901115779775646
REDLAT_MA352_Phonological.txt,149.8306915677399,27.02523400000001,12.908180000000007,47.76343472178632,26.37504099999999,97.59412628952622,3.100274999999996,11.471778560733256,11.01677900000001,40.76478671748043
REDLAT_MA565_Phonological2.txt,81.38605458080025,33.89990600000001,32.64505500000001,96.29836436714604,26.33494499999999,77.6844189479463,1.2548509999999964,3.7016356328539555,0.0,0.0
REDLAT_MA413_CraftDe.txt,51.66013120719689,9.370675,6.978035000000001,74.46672731686886,2.4482629999999994,26.126858524065764,0.35893799999999876,3.830439109242384,2.033702,21.70283357388875
REDLAT_MA497_Phonological.txt,99.4430396356867,30.910099,28.751330000000003,93.01597513485804,28.579172999999997,92.45901477054473,0.6892719999999979,2.2299249187134533,1.4694969999999996,4.754099946428511
REDLAT_MA502_Phonological2.txt,183.74239945274965,20.097566000000004,9.474889,47.14446017990436,26.305073,130.886859632654,9.562639,47.58108021638042,1.0600380000000036,5.274459603715212
REDLAT_BN00093_CraftDe.txt,2.676102499996733,22.97483,22.360000000000003,97.32389750000328,0.0,0.0,0.6148299999999994,2.6761024999967327,0.0,0.0
REDLAT_MA577_Phonological2.txt,116.36698357156365,14.881330999999996,7.526170999999994,50.57458234078656,9.961796000000003,66.94156591235021,0.9031269999999987,6.068859028805951,6.452033000000003,43.356558630407484
REDLAT_MA510_Semantic.txt,52.673037882457464,42.840488999999984,41.99755099999998,98.03238006923775,21.72244900000001,50.705417951695225,0.8429380000000037,1.9676199307622377,0.0,0.0
REDLAT_CU122_Fugu.txt,226.62908653298314,17.288922000000014,12.796576000000012,74.01604333688358,34.689379999999986,200.64512986986674,2.8383020000000028,16.41688244067502,1.654043999999999,9.567074222441386
REDLAT_CU024_Semantic2.txt,121.91295993894973,29.15367900000001,19.544503,67.03957672031716,25.932937000000003,88.95253665926688,1.2666160000000204,4.344618049749467,8.34255999999999,28.61580522993337
REDLAT_MA487_Fugu.txt,35.864271285163284,37.755489000000004,35.962379000000006,95.25073029778531,11.747620999999992,31.11500158294862,1.7931099999999915,4.749269702214667,0.0,0.0
REDLAT_MA359_Phonological.txt,295.2007821274588,15.678263000000005,15.387954000000004,98.148334416893,45.992045999999995,293.3491165443517,0.29030900000000004,1.8516655831070057,0.0,0.0
REDLAT_MA731_Semantic.txt,21.200742639450784,49.650473,48.812102,98.31145415271271,9.687898,19.512196792163493,0.8383709999999991,1.6885458472872938,0.0,0.0
REDLAT_MA415_Phonological.txt,67.96718348797123,39.817759999999986,26.732822,67.13793543383657,13.978072000000017,35.105118921807815,4.545831999999994,11.41659400227435,8.539105999999993,21.44547056388907
REDLAT_MA564_Semantic.txt,68.9473524546041,36.754705,28.260061000000007,76.88828137785354,16.846751999999995,45.835633832457624,1.5614569999999959,4.248318684641859,6.933187,18.8633999375046
REDLAT_CU314_CraftIm.txt,14.04591585232363,29.524617999999997,28.103609000000002,95.18703679756332,2.725994,9.232952649886952,0.3306119999999963,1.1197841746843138,1.0903969999999994,3.693179027752364
REDLAT_CU156_Phonological.txt,28.576020264518593,47.122362999999986,44.28324099999999,93.97500078678144,10.626574000000012,22.551021051300026,1.5889370000000014,3.371938287559989,1.2501849999999948,2.6530609256585778
REDLAT_CU012_Semantic2.txt,134.61184282698088,25.314242999999998,24.329136999999996,96.10849117629154,33.090863000000006,130.72033400327243,0.9851060000000007,3.8915088237084583,0.0,0.0
REDLAT_LO00654_Semantic.txt,53.19462895242212,53.58470500000001,34.96417100000002,65.25028177350238,9.883650999999999,18.44491072592449,6.408355999999991,11.959300699705242,12.212177999999994,22.790417526792382
REDLAT_MA272_Semantic.txt,81.28627741263482,34.33024600000002,33.16265900000002,96.59895533518754,26.738191999999984,77.88523274782236,0.708438000000003,2.063597213955305,0.4591489999999965,1.337447450857172
REDLAT_MA364_Semantic2.txt,54.1492929389736,44.408048,40.420111999999996,91.01978992636649,20.058708000000003,45.169082865340094,0.5067560000000031,1.1411354986825881,3.481180000000002,7.8390745749509225
REDLAT_CU572_Phonological2.txt,78.79180370662289,38.790998,30.250352999999997,77.9829201610126,22.02348200000001,56.774723867635494,0.47448000000000334,1.223170386077727,8.066164999999998,20.793909452909663
REDLAT_CU226_Semantic2.txt,92.66517496943125,44.000885999999994,13.187311000000012,29.970557865584826,9.959922999999996,22.63573283501609,27.840808999999986,63.27329181507843,2.972765999999993,6.7561503193367365
REDLAT_AF230_Phonological.txt,213.49986063409463,11.979256999999993,5.882492999999995,49.105658222375546,19.478933000000012,162.60551885647016,1.3181900000000013,11.0039378903049,4.778573999999997,39.89040388731955
REDLAT_MA601_Fugu.txt,23.73195630052352,15.306728,12.687071000000001,82.88558469190804,1.0129289999999997,6.617540992431562,2.6196569999999983,17.114415308091964,0.0,0.0
REDLAT_LO00736_Phonological.txt,176.98170371108426,16.740444000000004,7.613755000000008,45.48120109598052,20.500833999999994,122.4629048070648,3.741278000000003,22.348738181615747,5.385410999999991,32.17006072240371
REDLAT_SL00296_Semantic2.txt,35.383656809970056,45.09259199999998,44.31859199999999,98.28353180495813,15.181408000000012,33.667188614928186,0.7739999999999938,1.7164681950418688,0.0,0.0
REDLAT_CU038_Phonological.txt,140.198761930001,26.323551999999992,23.03733999999999,87.5160768577128,33.61908200000001,127.71483878771384,0.9726339999999996,3.6949192874882537,2.313578000000001,8.789003854798933
REDLAT_BE00184_Semantic2.txt,137.59914683112163,24.815719999999992,22.063507999999985,88.90940097647777,31.394007000000006,126.50854780759944,0.4997269999999987,2.0137517670250906,2.252485000000007,9.076847256497123
REDLAT_BN00129_Semantic.txt,58.20297584858467,37.89144400000001,37.63874800000001,99.33310538389615,21.80125199999999,57.53608123248084,0.25269600000000003,0.6668946161038359,0.0,0.0
REDLAT_CU436_Semantic.txt,146.07453057119793,28.053562000000007,19.813803000000014,70.6284749152354,32.73934999999999,116.70300548643334,2.762911999999994,9.848702991798307,5.476846999999996,19.522822092966283
REDLAT_CU090_Semantic2.txt,54.392528765325906,41.980317,39.395561,93.84293358242151,20.249399999999998,48.235462347747394,1.889717000000003,4.501435756190224,0.6950390000000013,1.6556306613882914
REDLAT_SL00369_Fugu.txt,176.7040956154749,11.275496999999998,10.425615999999998,92.46258501953395,19.074384000000002,169.16668063500887,0.8498809999999999,7.53741498046605,0.0,0.0
REDLAT_LO00526_Phonological2.txt,395.4333523585526,11.262244000000013,7.278094000000005,64.62383517885064,40.55051899999999,360.0571875374032,2.1627630000000035,19.203659590397802,1.821387000000005,16.17250523075155
REDLAT_MA635_Semantic.txt,19.85066243293016,57.261948000000004,48.917536,85.42764909080634,3.0224639999999994,5.278311523736495,8.344412000000005,14.572350909193668,0.0,0.0
REDLAT_BE00160_CraftIm.txt,79.95499834054687,22.14585,20.124568,90.87286331299092,15.685431999999999,70.8278616535378,2.0212819999999994,9.127136687009076,0.0,0.0
REDLAT_CU021_CraftDe.txt,56.02498896381457,11.97424599999999,11.812837999999992,98.65204038734466,6.5471620000000055,54.677029351159234,0.161407999999997,1.3479596126553366,0.0,0.0
REDLAT_BE00183_CraftIm.txt,52.74505063950416,23.211029,23.074180000000002,99.41041390280458,12.105819999999998,52.15546454230874,0.136848999999998,0.5895860971954238,0.0,0.0
REDLAT_LO00487_CraftIm.txt,70.65106825562522,26.238570000000006,24.086752999999998,91.79903096853218,16.386013,62.45009922415739,0.9445830000000051,3.5999789622681604,1.2072340000000032,4.600990069199667
REDLAT_CU365_Fugu.txt,98.45254721173113,14.166764999999998,12.872459,90.86378576901643,12.653235,89.31633298074756,0.0,0.0,1.2943059999999995,9.13621423098357
REDLAT_CU367_CraftIm.txt,38.97043230168108,29.419571,20.382956,69.28366154625435,2.4283189999999992,8.254093847935442,3.0778899999999974,10.46204922566681,5.958725000000002,20.254289228078825
REDLAT_CU356_Fugu.txt,13.1907298586599,27.307890000000004,26.017889999999998,95.2760905364713,2.312109999999999,8.46682039513122,1.2900000000000025,4.723909463528681,0.0,0.0
REDLAT_SL00344_Semantic2.txt,68.2076920287534,35.684682,35.202492,98.6487479417639,23.857508,66.85643997051731,0.4821899999999999,1.3512520582360796,0.0,0.0
REDLAT_CU343_CraftDe.txt,83.26814058321546,43.272960999999995,16.257386000000004,37.569386573754464,9.017014999999999,20.837527156969916,19.78997599999998,45.73289079986919,7.22559900000001,16.697722626376343
REDLAT_SL00294_Semantic2.txt,116.89454385478828,28.758911999999995,20.79680800000002,72.31430730063788,25.655494999999988,89.20885115542616,2.62440699999998,9.125543414159688,5.337696999999995,18.56014928520243
REDLAT_AF172_Semantic.txt,188.64534836978774,19.05555600000001,15.777620000000002,82.79800389975497,32.669484,171.44335226954271,1.0750400000000049,5.641609197863365,2.2028960000000026,11.560386902381655
REDLAT_BN00146_Fugu.txt,9.16594693591629,75.001427,70.15341800000002,93.53611098626165,2.026581999999993,2.702057922177924,4.848009000000001,6.463889013738366,0.0,0.0
REDLAT_SL00368_Phonological2.txt,564.1670102470326,9.075993999999987,4.296114999999993,47.334925518901834,46.423885000000006,511.50193576593455,4.779878999999994,52.665074481098166,0.0,0.0
REDLAT_MA621_CraftDe.txt,135.3145421757307,14.658845000000001,12.896981000000004,87.98088116764998,18.073684999999994,123.29542334338068,0.5125299999999982,3.4963873347456644,1.2493339999999993,8.522731497604342
REDLAT_CU411_Phonological2.txt,183.7474227503849,10.976332999999991,2.038899999999998,18.575420406797058,11.231296,102.32284315718199,8.017628999999994,73.04469534588647,0.9198039999999992,8.379884247316475
REDLAT_MA285_Phonological.txt,56.16613529239473,41.382946999999994,40.113693999999995,96.9329081372576,21.973949,53.099043429652326,0.5168959999999956,1.2490555590446366,0.7523570000000035,1.8180363036977614
REDLAT_BE00183_Phonological2.txt,151.37502366193712,23.904424999999996,22.799547999999998,95.37793944008276,35.080452,146.75296310201983,1.1048769999999997,4.622060559917253,0.0,0.0
REDLAT_BN00116_CraftIm.txt,8.69974641041092,19.396300999999998,19.334436,99.6810474327038,1.6255639999999998,8.380793843114725,0.061864999999997394,0.31895256729619426,0.0,0.0
REDLAT_MA621_Phonological.txt,157.5727629716876,24.353905000000005,22.739392000000006,93.37061961931774,36.76060799999999,150.94338259100536,1.6145129999999972,6.629380380682264,0.0,0.0
REDLAT_MA272_Semantic2.txt,95.9720653054127,35.149552,17.282774,49.16925825967853,15.866972999999996,45.14132356509123,11.896524999999993,33.845452710179615,5.970253000000003,16.985289030141846
REDLAT_BE00156_Semantic.txt,46.469903569796685,35.196234000000004,22.900289,65.06460037741537,4.059710999999998,11.534503947212073,12.295944999999996,34.93539962258461,0.0,0.0
REDLAT_AF469_CraftIm.txt,12.822318405304156,25.646922,25.149196,98.05931487606973,2.790803999999999,10.88163328137388,0.497726000000002,1.9406851239302791,0.0,0.0
REDLAT_MA600_Fugu.txt,30.098706402798804,57.91934299999999,57.023185000000005,98.45274833314323,16.536815000000004,28.551454735942027,0.8961579999999933,1.5472516668567762,0.0,0.0
REDLAT_MA214_CraftIm.txt,28.208421502654613,40.10087200000001,33.036502,82.38350028897125,4.247452999999995,10.591921791625863,4.608325000000007,11.491832397061104,2.456045000000004,6.124667313967645
REDLAT_MA413_Semantic2.txt,38.00596591052927,48.192476,41.939734,87.0254809070196,12.063274,25.03144681754886,0.8357500000000008,1.734191868456812,5.416992000000002,11.2403272245236
REDLAT_BN00148_Fugu.txt,5.4971883023366725,56.58005199999999,55.86486999999999,98.7359820736821,2.395130000000007,4.233170376018756,0.7151819999999987,1.2640179263179165,0.0,0.0
REDLAT_MA563_Phonological2.txt,128.32318627697663,21.06358,14.889117000000002,70.68654521216243,20.854993999999998,99.00973148913906,5.398574,25.62989767171582,0.7758889999999994,3.6835571161217575
REDLAT_MA431_CraftDe.txt,18.8982482579142,15.79285,15.234138999999999,96.46225348812912,2.425861000000001,15.360501746043312,0.5587110000000013,3.5377465118708864,0.0,0.0
REDLAT_CU238_CraftIm.txt,100.0972745194086,24.246843,20.614334000000003,85.01863108529224,20.637920000000012,85.11590560470084,2.024763000000001,8.350625275216245,1.6077459999999952,6.630743639491522
REDLAT_AF521_Fugu.txt,17.06380862576299,87.23803300000002,86.30095100000003,98.92583318562444,13.949048999999977,15.989641811387443,0.9370819999999895,1.074166814375548,0.0,0.0
REDLAT_CU645_Semantic2.txt,165.68322313756062,24.608022,19.985260999999994,81.21441455148242,36.14860300000001,146.89763768904308,0.5366250000000032,2.180691320903416,4.086136,16.60489412761416
REDLAT_MA416_Semantic.txt,73.93830844112355,34.551372,33.432336,96.76124004569196,24.427664,70.69954848681552,1.1190359999999964,3.2387599543080268,0.0,0.0
REDLAT_BN00129_CraftIm.txt,20.9315732026876,19.018966999999996,17.418999,91.58751366464857,2.3810009999999995,12.519086867336169,1.599967999999997,8.412486335351428,0.0,0.0
REDLAT_MA560_Phonological2.txt,30.403060171957847,48.488516999999995,48.25326199999999,99.51482327248738,14.506738000000006,29.91788344444522,0.2352550000000022,0.48517672751262375,0.0,0.0
REDLAT_SL00367_Semantic2.txt,30.294572942678617,55.313125,43.768125,79.12791945853719,5.211875000000003,9.422492401215809,11.544999999999996,20.8720805414628,0.0,0.0
REDLAT_LO00644_Phonological.txt,54.73683412963663,46.061387,35.871627999999994,77.87787197984288,15.022786000000007,32.61470610947952,3.8241730000000063,8.302340092364144,6.365585999999997,13.819787927792962
REDLAT_CU305_CraftIm.txt,49.04537350289749,31.306223000000006,19.918273000000003,63.62400536148995,3.966303999999998,12.669378864387431,8.902527000000006,28.43692450539308,2.4854230000000013,7.939070133116987
REDLAT_AF204_CraftDe.txt,54.31665199510558,9.041301,5.031572,55.65097323936013,0.9012029999999998,9.9676252344657,3.802504,42.05704466647001,0.2072250000000011,2.2919820941698665
REDLAT_CU189_Semantic2.txt,163.45812677660254,22.364315999999988,10.926555,48.85709448927482,25.118530999999997,112.31522126587735,10.532846999999986,47.09666506232514,0.9049140000000016,4.046240448400041
REDLAT_MA442_Semantic.txt,67.23212469955033,37.32696700000001,33.210627,88.97220875191921,20.979372999999995,56.20433345146952,2.6963400000000144,7.223571098075055,1.4199999999999946,3.804220150005743
REDLAT_CU316_Fugu.txt,47.72328277554086,22.393185,22.133211,98.83904857660937,10.426789,46.56233135215022,0.2599739999999997,1.160951423390642,0.0,0.0
REDLAT_BN00113_Phonological.txt,180.0684579189368,21.598669999999988,20.19313899999999,93.49251134444854,37.486861000000005,173.56096926338532,1.4055309999999963,6.507488655551462,0.0,0.0
REDLAT_MA741_CraftDe.txt,25.891275173148287,33.287503000000015,32.98447200000001,99.08965535804832,8.315527999999992,24.98093053119661,0.30303100000000427,0.9103446419516782,0.0,0.0
REDLAT_MA616_Semantic2.txt,436.6393082838978,12.065527999999997,5.290269,43.84614581309663,45.907579,380.48545409699443,2.4131069999999966,20.000011603304863,4.362152000000001,36.15384258359851
REDLAT_SL00296_Semantic.txt,28.985237791973013,46.303981000000014,42.90107,92.6509321088396,10.018407999999996,21.636169900812618,2.6623890000000108,5.749805832029885,0.7405220000000003,1.5992620591305098
REDLAT_CU546_Semantic2.txt,207.45848916506012,20.752352999999992,17.107231999999996,82.4351436196175,39.40739700000001,189.8936327846776,0.19974999999999998,0.9625414525282991,3.445370999999998,16.602314927854202
REDLAT_CU298_Phonological.txt,178.30140862617498,21.83262,17.178130999999997,78.68103324291815,34.27338,156.98244186909315,2.866000000000003,13.127146444173917,1.7884889999999984,8.191820312907927
REDLAT_BN00040_Fugu.txt,22.672065400298283,55.24011500000002,54.59802000000002,98.83762913962072,11.881979999999988,21.509694539919014,0.6420949999999976,1.1623708603792686,0.0,0.0
REDLAT_MA442_Phonological2.txt,69.61886466976884,37.316613999999994,34.92847,93.60031968602512,23.591259000000008,63.21918435579394,0.5478730000000005,1.4681744704918849,1.8402709999999995,4.931505843483013
REDLAT_SL00351_Semantic2.txt,109.52280809360609,28.440277,19.010072000000005,66.84207752266269,21.718384999999994,76.36488561626877,4.52866199999999,15.923410309962842,4.901543000000004,17.234512167374476
REDLAT_BN00112_Fugu.txt,11.433389741764579,65.37379700000001,65.029678,99.47361325822943,7.130321999999994,10.907002999994008,0.3441190000000063,0.5263867417705693,0.0,0.0
REDLAT_CU478_Semantic2.txt,17.17291232932058,57.61972,50.111993,86.97021262859313,2.387256999999998,4.143124957913711,5.066977,8.793824405949906,2.44075,4.235962965456965
REDLAT_CU024_Semantic.txt,162.0281016882837,26.447806000000003,15.230622999999994,57.58747247314197,31.635695,119.61557416142568,0.2435009999999984,0.9206850655211187,10.97368200000001,41.4918424613369
REDLAT_MA669_CraftIm.txt,48.137461031599805,33.8736,27.032524000000006,79.80410703320581,9.464814999999996,27.94156806480562,5.038414999999998,14.874164541117558,1.8026609999999987,5.321728425676629
REDLAT_MA250_Semantic2.txt,73.39434960122526,48.258824000000004,21.261657,44.05755308086247,8.422082999999995,17.451902682087724,8.740907000000018,18.112556990613815,18.256259999999987,37.82988992852371
REDLAT_CU398_Fugu.txt,2.995706549835923,73.749313,71.54,97.00429345016408,0.0,0.0,2.209312999999996,2.995706549835923,0.0,0.0
REDLAT_LO00881_CraftIm.txt,13.242474813782998,28.700519,28.329929999999997,98.70877247899246,3.4300700000000015,11.951247292775443,0.3705890000000025,1.2912275210075557,0.0,0.0
REDLAT_CU034_Fugu.txt,40.61604362814612,25.782622,16.486494999999998,63.94421405239544,1.1757539999999995,4.560257680541565,1.6183759999999976,6.277003169033768,7.6777510000000015,29.778782778570783
REDLAT_SL00279_Phonological2.txt,213.18458146301867,15.985278000000001,12.141168999999994,75.95219176044354,30.234039,189.1367732234622,2.1093170000000017,13.195372642252464,1.7347920000000059,10.852435597304005
REDLAT_SL00285_Semantic2.txt,184.68813598523985,22.551624000000004,19.929139000000006,88.3711922476182,39.027688999999995,173.05932823285804,0.49931299999999995,2.214088883354919,2.1231719999999967,9.414718869026888
REDLAT_BE00145_Phonological2.txt,185.98187643982655,19.789710000000003,18.892218000000003,95.46485522021293,35.907782000000005,181.4467316600395,0.8974919999999997,4.535144779787069,0.0,0.0
REDLAT_CU396_Phonological2.txt,260.40106851838345,17.320431999999997,15.338909999999997,88.5596271501773,43.121068,248.96069566856076,1.1014999999999988,6.359541147703469,0.8800220000000003,5.080831702119211
REDLAT_BN00146_Phonological.txt,176.83214734230455,20.905441999999994,20.63894999999999,98.72525058307782,36.70105,175.55739792538236,0.2664920000000037,1.2747494169221767,0.0,0.0
REDLAT_CU265_Fugu.txt,122.11439422950698,10.299016000000004,4.847438,47.06700135236219,7.125003000000001,69.18139558186917,2.164019000000006,21.011900554383107,3.2875589999999972,31.921098093254695
REDLAT_MA442_Fugu.txt,8.219532744077634,58.543121000000006,58.06557500000001,99.18428332510663,4.334424999999993,7.403816069184273,0.4775459999999971,0.8157166748933611,0.0,0.0
REDLAT_LO00526_Semantic.txt,170.36837432111543,22.182707999999998,11.827759000000004,53.31972543658783,27.437370000000016,123.68809975770324,4.400078000000001,19.835621512035416,5.954870999999996,26.84465305137676
REDLAT_CU576_Semantic.txt,68.28196826529529,37.785699,33.69548399999999,89.17523002551836,21.710603999999996,57.45719829081367,2.636303000000003,6.976986187287427,1.4539120000000025,3.847783787194204
REDLAT_MA690_CraftIm.txt,106.08242386254906,44.69091699999999,30.835353,68.99691272837389,33.553644000000006,75.07933659092296,9.334560999999997,20.886931006584625,4.521002999999993,10.116156265041495
REDLAT_CU411_Semantic2.txt,229.6280466951614,20.082252000000004,14.819492000000002,73.79397489883107,40.85172299999999,203.42202159399247,0.8339750000000027,4.15279621030551,4.428785000000001,22.053228890863437
REDLAT_SL00336_Phonological.txt,218.14848798360455,18.968875000000008,16.61864700000001,87.61008230588268,39.03008599999999,205.75857028948727,0.9189609999999959,4.844573017640717,1.4312670000000018,7.545344676476604
REDLAT_MA357_Phonological2.txt,23.580234777008027,50.830957000000005,46.812449,92.09436879183681,7.9675509999999985,15.674603568844864,4.018508,7.905631208163166,0.0,0.0
REDLAT_MA638_Fugu.txt,27.140543944118416,36.864228000000004,34.569537999999994,93.77529349048076,7.710462,20.915837434599197,2.2946900000000054,6.224706509519215,0.0,0.0
REDLAT_SL00338_CraftDe.txt,156.2491887093755,12.672708999999994,12.325851999999994,97.26296090283458,19.454148000000004,153.5121496122101,0.34685699999999997,2.7370390971654137,0.0,0.0
REDLAT_BE00160_CraftDe.txt,42.441004379307515,16.379987,15.394077999999999,93.98101475904713,5.965922000000003,36.42201913835464,0.9859089999999997,6.018985240952876,0.0,0.0
REDLAT_AF202_CraftIm.txt,21.294887528090925,29.11527,23.877603,82.01058413677771,0.9623969999999993,3.3054716648686386,0.5376669999999999,1.8466838878705225,4.699999999999999,16.142731975351765
REDLAT_MA595_CraftDe.txt,156.4401377544422,5.783043999999997,5.653020999999999,97.75165120652726,8.916979000000001,154.19178896096946,0.13002299999999778,2.248348793472743,0.0,0.0
REDLAT_SL00294_Phonological2.txt,111.40210861790072,28.809487000000004,28.089005000000007,97.4991501931291,31.373893999999993,108.9012588110298,0.12338099999999691,0.4282651752875603,0.5971010000000021,2.072584631583346
REDLAT_MA354_Phonological2.txt,116.13763467052966,37.899346,22.814742000000003,60.198247220413776,28.930800000000005,76.33588189094345,3.5701460000000083,9.420072842417936,11.514457999999994,30.381679937168293
REDLAT_MA497_Semantic.txt,73.56051957940868,48.51816600000001,23.556649999999998,48.55222680923264,10.728698999999997,22.11274638864131,10.476865000000007,21.593695441826892,14.484651000000001,29.854077748940465
REDLAT_MA730_Semantic.txt,14.116714658883778,53.264192,52.202519,98.00677911344268,6.457481000000001,12.123493772326446,1.061672999999999,1.9932208865573309,0.0,0.0
REDLAT_CU396_Semantic2.txt,175.5997101915495,16.083726999999996,11.664916000000005,72.52619992866086,23.824167,148.12591012021034,3.727893999999993,23.178048222280783,0.6909169999999989,4.295751849058362
REDLAT_CU393_Phonological.txt,75.94924037773471,34.00545399999999,33.729285,99.18786851073949,25.550715,75.1371088884742,0.2761689999999959,0.8121314892605049,0.0,0.0
REDLAT_BN00102_Fugu.txt,127.17723910790804,55.90135899999997,55.19377699999997,98.73423113023067,70.38622300000003,125.91147023813869,0.7075820000000022,1.2657688697693423,0.0,0.0
REDLAT_BN00040_Semantic2.txt,38.06185318552284,43.949425999999995,43.70073,99.43413140367296,16.479270000000003,37.495984589195785,0.24869600000000003,0.5658685963270602,0.0,0.0
REDLAT_BN00152_CraftIm.txt,33.63048355267177,19.971268000000002,19.437417000000003,97.3269048314809,6.1825829999999975,30.957388384152658,0.533851000000003,2.673095168519109,0.0,0.0
REDLAT_CU575_Phonological.txt,101.8879116244411,31.71483200000002,21.55156000000001,67.95419884298929,22.150307999999978,69.84211046743039,1.8951399999999978,5.9755637362354515,8.268132000000012,26.07023742077526
REDLAT_BE00131_CraftDe.txt,37.73883718915009,4.304448999999999,2.68,62.2611628108499,0.0,0.0,1.624448999999999,37.7388371891501,0.0,0.0
REDLAT_LO00801_Phonological.txt,29.44794241994296,50.073726,44.614022,89.09666917936164,9.285978000000005,18.544611599304606,5.459704000000002,10.903330820638356,0.0,0.0
REDLAT_MA577_Semantic2.txt,50.306007911231276,43.658185,38.17154600000001,87.43273683960982,16.47605099999999,37.738744750841086,0.39423600000000036,0.9030059311902232,5.092402999999999,11.664257229199976
REDLAT_CU614_Phonological.txt,239.44170141451616,17.371098999999997,16.793722,96.6762206582324,41.016278,236.11792207274857,0.5773769999999985,3.3237793417676023,0.0,0.0
REDLAT_CU408_Phonological2.txt,459.7154255791273,11.660780999999997,6.813985999999996,58.43507394573312,48.759614,418.15049952486044,0.640395,5.491870570247398,4.206399999999999,36.07305548401947
REDLAT_CU263_Fugu.txt,80.09102083415264,43.98883000000001,20.568347000000006,46.75811336650692,11.810619999999993,26.849134200659556,4.309449999999995,9.796691569200622,19.111033000000003,43.445195064292456
REDLAT_CU322_CraftDe.txt,25.550188156372556,16.065095,14.971751999999999,93.19429483610274,3.011318999999999,18.744482992475298,0.646414,4.023717257818893,0.4469290000000008,2.781987906078369
REDLAT_BN00141_Semantic.txt,19.530975178923587,42.337205000000004,38.794168000000006,91.63138662554601,4.725831999999997,11.162361804469606,3.543037,8.36861337445398,0.0,0.0
REDLAT_BN00165_CraftDe.txt,15.735714427203249,25.494165000000002,25.091238,98.41953246948859,3.6087619999999996,14.15524689669185,0.4029270000000018,1.5804675305114004,0.0,0.0
REDLAT_LO00924_Fugu.txt,71.71643055837998,105.01982100000004,83.89167700000002,79.88175584492758,54.18832299999998,51.59818640330759,21.12814400000001,20.118244155072407,0.0,0.0
REDLAT_AF050_CraftDe.txt,61.17875870441113,25.549402,21.397749000000005,83.75048856329398,11.479153999999992,44.9292472677051,3.428555999999994,13.419319951206662,0.7230970000000028,2.830191485499358
REDLAT_MA378_Semantic.txt,82.24923158425564,34.13581799999999,19.021376999999994,55.7226342137165,12.962007000000014,37.97186579797214,8.747825,25.62652812362663,6.366616000000001,18.65083766265687
REDLAT_CU311_CraftDe.txt,49.457284622167556,18.623573999999998,18.15643,97.4916522467707,8.743569999999998,46.94893686893826,0.4671439999999961,2.508347753229301,0.0,0.0
REDLAT_MA218_CraftDe.txt,0.5785918452803265,35.485291,35.404988,99.77370060175076,0.125012,0.3522924470310812,0.08030299999999357,0.22629939824924525,0.0,0.0
REDLAT_LO00911_CraftDe.txt,418.0617345099371,10.565209000000003,4.818840999999999,45.610465443702985,38.42272799999999,363.67219995364013,0.38793700000000086,3.6718346035558858,5.358431000000003,50.71769995274113
REDLAT_MA250_Semantic.txt,54.0845519422818,52.385549999999995,31.037799999999994,59.24878139105153,6.984740000000001,13.333333333333337,13.560290000000006,25.885554317936922,7.787459999999996,14.865664291011543
REDLAT_LO00761_Phonological.txt,180.00032867732799,19.471984999999997,18.506174,95.03999720624273,34.083826,175.04032588357072,0.9658109999999951,4.960002793757264,0.0,0.0
REDLAT_CU298_Phonological2.txt,276.5886763404995,16.519271000000003,13.624113000000003,82.47405711789581,42.795275,259.06273345839526,1.5745459999999971,9.531570733357404,1.320612000000002,7.994372148746767
REDLAT_SL00379_Semantic2.txt,366.90898378278735,12.953273999999997,12.953273999999997,100.0,47.526726,366.90898378278735,0.0,0.0,0.0,0.0
REDLAT_BE00216_Semantic2.txt,45.53682468170488,45.824225000000006,35.27866400000001,76.9869299480788,10.321335999999986,22.523754629783667,10.545560999999996,23.013070051921215,0.0,0.0
REDLAT_MA455_Phonological2.txt,117.31367792123206,28.632113999999994,28.036364,97.91929439789183,32.993635999999995,115.23297231912392,0.5957499999999953,2.0807056021081625,0.0,0.0
REDLAT_BE00132_CraftIm.txt,18.378880562968952,21.132533000000002,20.824305,98.54145265028096,3.5756950000000005,16.920333213249922,0.3082279999999994,1.4585473497190298,0.0,0.0
REDLAT_LO00866_Phonological.txt,185.11664412332277,20.572961000000006,17.46449300000001,84.89051721820698,34.97550699999999,170.0071613415297,3.108467999999999,15.109482781793044,0.0,0.0
REDLAT_CU119_CraftIm.txt,62.28182543222578,33.285903,30.423896,91.40174445620418,17.869061000000002,53.68356988842996,1.7949640000000002,5.3925651348560395,1.0670429999999982,3.205690408939779
REDLAT_BE00145_CraftIm.txt,4.38271404618134,26.100197,25.07815,96.08414066759725,0.12185,0.46685471377859716,1.0220470000000006,3.915859332402742,0.0,0.0
REDLAT_MA442_Semantic2.txt,51.26273104774162,48.261346,28.585631,59.230902925915075,5.064369000000005,10.49363397365669,14.975715000000012,31.03045447592782,4.699999999999992,9.738642598157108
REDLAT_LO00984_Fugu.txt,331.35769498304205,40.93929100000001,31.261964999999996,76.36176454545827,125.97816499999999,307.7194595285003,6.987456000000006,17.067848097320503,2.6898700000000026,6.570387357221213
REDLAT_CU422_CraftIm.txt,6.432500899057292,49.796604,47.248747,94.88347237494348,0.6553100000000003,1.315973274000774,0.7719139999999993,1.5501338203705604,1.775943,3.566393804685958
REDLAT_MA801_Phonological.txt,28.871901225568987,47.50087599999999,46.943234999999994,98.8260405976513,13.156765000000004,27.697941823220283,0.5576409999999967,1.1739594023486994,0.0,0.0
REDLAT_MA411_Fugu.txt,1.7887002840367194,100.507783,98.71,98.21129971596329,0.0,0.0,1.7977830000000097,1.7887002840367194,0.0,0.0
REDLAT_CU424_Semantic2.txt,130.1976911363034,25.292787999999998,20.861081,82.47837684006998,28.498919,112.67606797637336,4.431707000000001,17.521623159930023,0.0,0.0
REDLAT_LO00845_CraftDe.txt,104.4646968768505,6.303989000000001,4.453212000000001,70.64117656296672,4.734665999999999,75.1058734398172,1.0786550000000004,17.110673892356097,0.7721220000000004,12.248149544677192
REDLAT_MA608_CraftDe.txt,242.80170081175118,7.178924999999996,3.4540419999999976,48.11363818398994,13.705669000000002,190.91533899574114,1.4245939999999973,19.84411315064579,2.300289000000001,32.042248665364276
REDLAT_CU434_Phonological.txt,555.4974747018445,6.973038,1.3456739999999998,19.298245614035086,33.107686,474.7957203158796,3.720723999999997,53.35872255392839,1.906640000000003,27.343031832036523
REDLAT_CU069_Semantic2.txt,142.5186008503783,30.289341,18.871819000000006,62.30514886408392,31.750423,104.82374971446227,3.2597639999999934,10.762082938681278,8.157757999999998,26.93276819723479
REDLAT_MA564_Semantic2.txt,93.9798751167548,39.890219,13.346768999999993,33.45875087825412,10.945327999999998,27.438625995008945,17.815547,44.66144194395122,8.727903000000005,21.879807177794646
REDLAT_CU549_CraftIm.txt,51.162043705329,15.553846999999998,8.504276999999998,54.676357559644245,0.9080960000000009,5.838401264973232,0.581942999999999,3.741473090226483,6.467627000000001,41.58216935012928
REDLAT_SL00342_Semantic.txt,160.6286983183518,23.17827099999999,22.75365799999999,98.16805576222662,36.80634200000001,158.7967540805784,0.424613,1.8319442377733877,0.0,0.0
REDLAT_CU633_CraftDe.txt,185.14901371768815,3.8642079999999988,2.0357019999999997,52.68096334358814,5.326037,137.82997706127625,0.19024499999999867,4.923259824522871,1.6382610000000009,42.395776831889
REDLAT_CU281_Semantic2.txt,82.25975318501717,55.69475499999998,12.486575999999996,22.419662318291913,2.6061890000000076,4.6794155033090785,34.330943999999995,61.64125149666249,8.877234999999992,15.939086185045602
REDLAT_MA602_Phonological.txt,74.66104449732794,36.057019000000004,30.138236000000006,83.58493529373574,21.001763999999994,58.24597979106368,4.178782999999998,11.589374595831114,1.7399999999999984,4.82569011043314
REDLAT_CU322_Semantic.txt,18.97599975435839,61.487954,49.82000000000001,81.02400024564162,0.0,0.0,6.087954,9.901051513276892,5.580000000000002,9.0749482410815
REDLAT_BN00111_Semantic.txt,94.68401238683172,30.73618899999999,19.115270999999993,62.19141546793586,17.481339000000006,56.87542785476759,4.477528000000001,14.567609536758129,7.143389999999995,23.240974995306015
REDLAT_AF240_CraftIm.txt,58.5194988967528,39.37104799999999,38.58065399999999,97.99244866430784,22.24934600000001,56.511947561060644,0.7903939999999992,2.007551335692155,0.0,0.0
REDLAT_CU304_Semantic.txt,329.73895327185,14.142717000000003,13.214335000000005,93.43561778122267,45.705664999999996,323.17457105307267,0.9283819999999973,6.564382218777319,0.0,0.0
REDLAT_LO00697_Semantic2.txt,22.697628238322693,55.29189599999999,49.97829799999998,90.38991536842939,7.236351000000012,13.087543606752089,4.528247,8.189711924510602,0.7853509999999986,1.420372707059998
REDLAT_SL00425_Phonological2.txt,117.66274188207308,28.153646999999996,27.893646999999994,99.0764961995865,32.86635300000001,116.73923808165961,0.26,0.9235038004134954,0.0,0.0
REDLAT_CU338_CraftDe.txt,99.36638339383458,15.137703000000004,12.033761,79.49529066596165,11.937845999999999,78.86167405979623,0.7155490000000029,4.726932481103657,2.3883930000000007,15.77777685293469
REDLAT_MA777_Phonological.txt,76.69327771351443,39.606985,35.318979999999996,89.17361419961655,26.08789,65.86689191313098,3.414875000000001,8.621900909650156,0.8731300000000002,2.204484890733289
REDLAT_BN00111_Semantic2.txt,56.40282736997666,37.56947300000001,25.918619000000007,68.98850830300441,9.539390999999988,25.391335672981054,6.788864000000009,18.070160313401274,4.861989999999999,12.941331383594328
REDLAT_MA429_Phonological.txt,1028.4065911102837,5.2640600000000015,5.2640600000000015,100.0,54.135940000000005,1028.4065911102837,0.0,0.0,0.0,0.0
REDLAT_CU494_CraftDe.txt,43.25638217665333,23.583920999999993,21.234125999999996,90.03645322590761,7.8517560000000035,33.29283540256095,0.29567699999999775,1.253722822426338,2.054117999999999,8.709823951666051
REDLAT_AF236_Phonological2.txt,74.47927211794591,34.336552,30.581469,89.06389028228577,21.818531,63.54316240023168,1.715083,4.994919117097139,2.040000000000001,5.9411906006170945
REDLAT_LO00749_CraftDe.txt,211.3136148940101,7.593603,5.313683000000001,69.97578093034362,13.766397,181.28939582435373,0.2,2.6337958410520015,2.0799199999999987,27.390423228604377
REDLAT_MA519_Fugu.txt,45.57817705505119,10.937039000000002,8.476068000000001,77.49874531854553,2.5239319999999994,23.07692237359672,2.460971000000001,22.501254681454466,0.0,0.0
REDLAT_CU491_CraftDe.txt,67.41852686185503,11.667772000000001,10.660766000000002,91.36933769360596,6.859234,58.78786455546097,1.007006,8.630662306394058,0.0,0.0
REDLAT_BN00165_Fugu.txt,9.864557348332532,65.708179,65.708179,100.0,6.481820999999994,9.864557348332532,0.0,0.0,0.0,0.0
REDLAT_CU338_CraftIm.txt,76.48298489680828,49.401346000000004,26.77111200000001,54.191057871176234,15.153390000000009,30.674042767984513,10.054735999999995,20.353162037325852,12.575497999999996,25.4557800914979
REDLAT_LO00722_Phonological2.txt,89.64168177859037,34.92716599999999,33.174738999999995,94.98262469963925,29.556872000000006,84.62430647822963,0.8240379999999896,2.359303929783452,0.928389000000005,2.6580713705772903
REDLAT_BN00112_Phonological2.txt,129.7295728698293,25.724453000000008,21.101161000000005,82.02763728348276,28.748930999999995,111.75721015331204,2.293384000000003,8.915190538745382,2.3299079999999996,9.057172177771863
REDLAT_CU421_CraftDe.txt,208.01031637160042,7.429744000000001,5.157555,69.41766768814644,13.182445000000001,177.42798405974688,2.272189000000001,30.58233231185355,0.0,0.0
REDLAT_SL00339_Semantic2.txt,95.55113548538016,30.315758000000017,29.24514200000001,96.46845050023157,27.896434999999983,92.01958598561173,0.07219300000000572,0.23813687917684817,0.9984230000000025,3.2934126205915812
REDLAT_CU429_Fugu.txt,28.380494323453735,22.440934000000002,21.349824,95.13785834404219,5.277737999999999,23.518352667495922,0.25867200000000046,1.1526792957904535,0.8324379999999998,3.7094623601673606
REDLAT_LO00955_Fugu.txt,47.54029580261234,122.94773099999995,122.16900799999992,99.3666227154692,57.67099200000007,46.906918518081554,0.7787230000000224,0.633377284530792,0.0,0.0
REDLAT_BN00111_CraftDe.txt,11.174471528369054,14.214622999999998,13.263107,93.30607642566392,0.6368930000000006,4.480547954032975,0.9515159999999983,6.69392357433608,0.0,0.0
REDLAT_CU189_Semantic.txt,43.1694573682958,58.765807,38.03786000000001,64.72787823708438,4.640932999999997,7.897335605380177,3.126739999999996,5.320679081289559,17.601207,29.951442681626066
REDLAT_MA221_Semantic2.txt,3.7166976428948137,59.813071,57.589999999999996,96.28330235710519,0.0,0.0,2.2230710000000014,3.7166976428948137,0.0,0.0
REDLAT_CU098_CraftDe.txt,49.05573256581482,65.222836,47.512828,72.84692128382764,14.285532000000002,21.90265384964248,2.068367999999979,3.1712328485685277,15.641640000000013,23.981845867603816
REDLAT_BN00146_Phonological2.txt,102.80450901491587,28.9021,27.674719,95.75331550302573,28.485281,98.5578245179416,1.227381000000002,4.246684496974275,0.0,0.0
REDLAT_LO00881_Semantic2.txt,15.855801111156605,52.173383999999984,50.05043799999999,95.9309789067928,6.149562000000005,11.786780017949395,2.122945999999996,4.069021093207212,0.0,0.0
REDLAT_BE00132_Phonological.txt,252.36616861052764,17.04185400000001,16.666990000000016,97.80033322665483,42.633009999999985,250.1665018371825,0.3748639999999955,2.1996667733451725,0.0,0.0
REDLAT_LO01035_CraftDe.txt,68.91109082454216,45.21327499999999,32.02447699999999,70.82981049260421,17.968163000000004,39.74090131714637,9.801438000000001,21.678230563921776,3.387359999999996,7.491958943474006
REDLAT_SL00368_Semantic2.txt,341.5150923412746,13.775530000000003,11.245007999999999,81.63031113866396,44.514992,323.14540347993864,2.5305220000000057,18.369688861336044,0.0,0.0
REDLAT_MA801_CraftIm.txt,133.53186498256642,14.244915999999998,11.781856,82.70919954880746,16.558442,116.24106453137388,0.8233579999999989,5.780013023593814,1.6397019999999998,11.51078742759873
REDLAT_MA283_CraftDe.txt,4.413175929813591,31.169230999999996,30.216839,96.94444819636392,0.4231609999999999,1.3576241261775113,0.9523919999999961,3.0555518036360803,0.0,0.0
REDLAT_SL00278_Phonological.txt,324.47629580566326,10.482301,6.005617000000003,57.29292642903503,29.535898,281.76922223469825,3.2581989999999985,31.082860528427858,1.2184849999999994,11.624213042537125
REDLAT_CU435_CraftDe.txt,57.13333333333337,12.000000000000002,9.591999999999999,79.93333333333331,4.448000000000002,37.066666666666684,2.408000000000003,20.066666666666688,0.0,0.0
REDLAT_CU629_CraftDe.txt,12.630091176949886,20.010868999999996,19.121738999999998,95.55676467623671,1.6382610000000015,8.186855853186595,0.889129999999998,4.443235323763291,0.0,0.0
REDLAT_SL00292_Phonological.txt,140.10157818699375,20.29746799999998,16.83521299999999,82.94242907539012,24.97481800000002,123.04400726238387,0.8222859999999983,4.051175250036108,2.6399689999999936,13.006395674573774
REDLAT_CU122_Semantic2.txt,162.02887904319826,26.144772000000007,22.887636000000015,87.54192233919657,39.10494499999999,149.57080138239485,2.2597169999999918,8.643093158356827,0.9974189999999998,3.814984502446606
REDLAT_MA456_CraftIm.txt,1.000456226961573,16.404116,16.24,98.99954377303843,0.0,0.0,0.1641159999999997,1.000456226961573,0.0,0.0
REDLAT_AF050_Semantic2.txt,311.1416071465714,14.134442000000004,14.008156000000003,99.10653706739892,43.851844,310.2481442139703,0.12628600000000034,0.8934629326010911,0.0,0.0
REDLAT_MA567_CraftDe.txt,103.90626691194032,68.553636,41.134586999999996,60.003508785442094,43.812475000000006,63.90977569738242,8.966111000000009,13.078972207980346,18.45293799999999,26.917519006577553
REDLAT_MA598_Fugu.txt,45.60189058019446,34.439798,33.796267,98.13143212977032,15.061667999999997,43.73332270996478,0.3214660000000009,0.9334143016750589,0.32206499999999993,0.935153568554612
REDLAT_MA243_CraftIm.txt,59.66917469655346,16.518808999999997,11.716086000000002,70.92573078361765,5.053913999999999,30.594905480171114,4.802722999999995,29.074269216382344,0.0,0.0
REDLAT_MA638_CraftDe.txt,62.59056675133854,24.359518999999995,23.551379,96.68244680857617,14.438620999999998,59.273013559914716,0.8081399999999945,3.3175531914238316,0.0,0.0
REDLAT_LO00866_Phonological2.txt,222.90818421413198,17.968957999999997,17.387339999999995,96.76320685929589,39.47266,219.67139107342786,0.581618,3.236793140704097,0.0,0.0
REDLAT_AF109_CraftIm.txt,41.35540172305176,31.709668999999995,30.668003999999993,96.7149925153744,12.071996000000007,38.070394238426175,1.0416650000000018,3.285007484625595,0.0,0.0
REDLAT_BE00131_Semantic.txt,66.36774666060069,37.600026000000014,35.467868,94.32937094245624,22.822131999999996,60.697117603056945,2.132158000000002,5.67062905754374,0.0,0.0
REDLAT_MA752_Semantic2.txt,23.76290171479956,45.87626599999999,44.007366999999995,95.92621814512978,9.032633000000011,19.689119859929345,1.8688989999999932,4.073781854870215,0.0,0.0
REDLAT_AF268_CraftIm.txt,120.92834821850917,8.086233,5.553523,68.67874076841467,7.245838000000001,89.60708898692384,1.722070999999998,21.296331678792807,0.8106390000000019,10.024927552792528
REDLAT_MA413_CraftIm.txt,65.08714621037936,46.579305999999995,22.782627999999992,48.91148013240041,6.520463000000001,13.998626342779778,4.159768999999995,8.930508754252362,19.636909000000006,42.15801111334722
REDLAT_MA251_Phonological2.txt,106.4926051084835,43.276835000000005,18.477320000000006,42.69563612958296,21.287113999999985,49.18824123806646,15.133948999999989,34.970091967215225,9.665566000000013,22.33427190320182
REDLAT_MA616_CraftDe.txt,185.32103854151188,23.047590999999986,16.505940999999996,71.61677331049482,36.17038500000001,156.93781185200672,0.9979759999999991,4.330066426465133,5.543673999999989,24.053160263040034
REDLAT_MA431_Fugu.txt,6.096616913712898,90.89162200000001,90.465154,99.530795038513,5.114845999999991,5.627411952225905,0.42646800000000384,0.4692049614869936,0.0,0.0
REDLAT_BN00040_Phonological2.txt,27.021965228102037,48.525105,47.776334,98.45694099992157,12.363666000000002,25.47890622802362,0.7487710000000001,1.5430590000784132,0.0,0.0
REDLAT_AF291_Fugu.txt,0.4725706239212919,108.427603,108.027603,99.6310902492237,0.11239700000000141,0.10366087314500663,0.4,0.36890975077628524,0.0,0.0
REDLAT_CU424_Phonological.txt,252.38387607393528,17.486039,16.177048,92.51407937498023,42.822952,244.89795544891555,1.3089910000000002,7.485920625019767,0.0,0.0
REDLAT_MA577_CraftDe.txt,3.995313364519198,24.894618,23.9,96.00468663548081,0.0,0.0,0.9946180000000019,3.9953133645191983,0.0,0.0
REDLAT_CU470_CraftDe.txt,89.84008901569493,19.441066,12.591019999999999,64.76506998124485,10.615824999999997,54.605158996939764,2.696891000000001,13.8721354065667,4.153155,21.36279461218845
REDLAT_MA635_Phonological.txt,276.95600157450934,14.971013000000001,9.90769,66.17915567904456,36.399796,243.1351572535539,0.9908090000000005,6.618182750893346,4.072514,27.20266157006209
REDLAT_MA745_Semantic.txt,34.036611487098234,45.96109399999999,42.55339499999998,92.58568779933739,12.235900000000013,26.622299286435645,1.0369939999999995,2.2562430737614725,2.370705000000001,5.1580691269011165
REDLAT_BN00116_Phonological.txt,200.15476141138308,21.137052000000008,19.58449600000001,92.65481297959622,40.75425999999999,192.80957439097926,0.05131200000000291,0.24275854551525394,1.501243999999998,7.10242847488854
REDLAT_LO00584_Fugu.txt,33.37117573073403,139.23888800000003,132.90977500000005,95.45449328782345,40.13654099999995,28.825669018557477,0.22542899999999122,0.1619008907913651,6.103684000000009,4.383605821385193
REDLAT_BN00115_Fugu.txt,0.8564741656433447,101.11560100000001,100.97478600000001,99.86073860155368,0.725214,0.7172127671970222,0.14081500000000347,0.1392613984463223,0.0,0.0
REDLAT_BE00132_Semantic.txt,59.91781523161076,55.80304100000001,24.223539000000002,43.40899450264726,1.856460999999996,3.326809734258023,31.579502,56.59100549735273,0.0,0.0
REDLAT_MA619_CraftIm.txt,269.53716977825684,9.181747,5.135362999999998,55.93012963654954,20.701837,225.46729941480638,1.163584000000002,12.67279527523468,2.8827999999999996,31.397075088215782
REDLAT_MA416_Phonological2.txt,204.4499849258493,20.896700000000017,20.896700000000017,100.00000000000001,42.72329999999998,204.4499849258493,0.0,0.0,0.0,0.0
REDLAT_MA740_Fugu.txt,7.8484181045378865,39.467431000000005,39.394931,99.81630423322966,3.025068999999996,7.664722337767552,0.07250000000000284,0.18369576677033483,0.0,0.0
REDLAT_BE00134_Semantic2.txt,123.08123219636772,25.30768700000002,24.329337000000013,96.13417852054198,30.170662999999987,119.2154107169097,0.9783500000000072,3.8658214794580257,0.0,0.0
REDLAT_CU299_Semantic2.txt,35.16806999200111,52.98616899999999,44.952352,84.83789798050886,10.600395999999996,20.005967972509954,7.226564999999994,13.638587458549788,0.8072519999999983,1.5235145609413627
REDLAT_MA750_Phonological.txt,55.095369525156414,38.913007000000015,38.49687100000001,98.93059922097514,21.023128999999987,54.02596874613154,0.4161360000000006,1.0694007790248656,0.0,0.0
REDLAT_LO00661_Semantic2.txt,109.54422148213723,22.653854000000003,20.898933,92.25332254723631,23.061067,101.79754402937354,1.754921000000003,7.746677452763679,0.0,0.0
REDLAT_MA740_Phonological.txt,46.56642845650416,48.46042900000001,37.757894,77.91489835964926,11.863755999999992,24.48132681615342,4.724185000000004,9.748541433671589,5.978350000000006,12.336560206679154
REDLAT_BE00131_Semantic2.txt,113.44329884246017,18.890407999999997,15.988723,84.63937359108391,18.528217,98.08267243354408,0.5986249999999979,3.1689363194272877,2.30306,12.191690089488803
REDLAT_AF523_Semantic.txt,26.198296673395394,50.56928,46.555382,92.0625763309266,9.234392,18.260873004321994,3.0636720000000013,6.05836586955559,0.9502260000000007,1.8790577995178115
REDLAT_CU398_Phonological2.txt,45.11302929500115,37.344699,27.993686999999998,74.96026946153724,7.496312999999999,20.073298756538374,9.351012000000003,25.039730538462777,0.0,0.0
REDLAT_CU369_CraftDe.txt,158.60643680417576,10.166628999999997,6.615255999999997,65.06833287611852,12.573555000000002,123.6747696802943,0.10018399999999983,0.9854200443431137,3.4511889999999994,33.94624707953837
REDLAT_BE00161_Fugu.txt,12.236513406346075,57.01105999999999,56.277446999999995,98.71320933166301,6.242553000000005,10.949722738009092,0.7336129999999983,1.286790668336983,0.0,0.0
REDLAT_CU359_CraftDe.txt,21.868524213151115,34.589426,31.88811700000001,92.1903618753315,4.8628879999999945,14.058886088482632,1.6523139999999925,4.776933852559427,1.0489950000000006,3.032704272109056
REDLAT_MA588_CraftDe.txt,54.68941642352721,8.600004,7.138356000000002,83.00410092832516,3.241643999999999,37.69351735185238,1.4616479999999985,16.99589907167483,0.0,0.0
REDLAT_MA487_CraftIm.txt,92.50119608579011,21.292369000000008,15.958054000000004,74.94729214959594,14.361380999999993,67.44848823538605,0.15375000000000227,0.722089683867503,5.180565,24.330618166536553
REDLAT_CU651_Phonological2.txt,257.3022895243203,18.776432999999997,8.497402000000001,45.25567768915428,38.033161000000014,202.55796721347457,1.519593999999998,8.093092015932942,8.759436999999997,46.651230294912764
REDLAT_AF060_Phonological2.txt,391.92495743883586,9.724828000000004,5.727616999999998,58.8968462989782,34.116817,350.821803737814,3.4916450000000046,35.90443964664468,0.5055660000000017,5.198714054377121
REDLAT_CU591_Semantic.txt,1.945162987477243,59.861101999999995,58.97231,98.51524283665877,0.2756040000000013,0.4604058241360163,0.4167060000000009,0.6961214980639697,0.47208599999999734,0.7886356652772569
REDLAT_AF289_Fugu.txt,4.38632299396818,61.455643,58.760000000000005,95.61367700603182,0.0,0.0,2.695642999999996,4.38632299396818,0.0,0.0
REDLAT_MA425_Semantic2.txt,54.85992460700489,38.13139400000001,37.88627000000001,99.35715961498812,20.673729999999992,54.217084221993005,0.24512400000000012,0.6428403850118883,0.0,0.0
REDLAT_LO00536_Phonological2.txt,25.353886573061306,57.07414900000001,55.148912,96.62677931474718,12.545277999999998,21.9806658878085,1.35942700000001,2.3818611820213205,0.565809999999999,0.9913595032314874
REDLAT_LO00579_Semantic.txt,103.16214034139945,36.965785000000004,14.790038000000001,40.01007418075932,15.958947999999994,43.17221452215878,8.434732999999994,22.817675858905723,13.741014000000003,37.172249960334945
REDLAT_MA612_Phonological.txt,242.85564611872053,13.391021999999994,6.588532000000001,49.20111400011144,25.718363000000004,192.05676011883196,4.589384999999994,34.272104100792276,2.2131049999999997,16.526781899096278
REDLAT_CU639_CraftDe.txt,51.666839247449836,22.327708,20.880499000000004,93.5183270938513,10.088811999999999,45.18516634130113,0.09651999999999816,0.43228798943446484,1.3506889999999991,6.049384916714242
REDLAT_CU288_CraftIm.txt,38.68196502741245,30.304249000000006,29.125259000000014,96.10948946466223,10.543288999999998,34.79145449207468,0.6375379999999922,2.103790791845698,0.5414519999999996,1.7867197434920743
REDLAT_BN00040_Phonological.txt,257.44989634722793,16.621841999999997,10.674695,64.22089080139253,36.845768,221.6707871486205,2.8076099999999986,16.891088244010497,3.1395370000000007,18.88802095459698
REDLAT_LO00866_CraftIm.txt,13.596015435278087,49.570082,48.885262999999995,98.61848322139147,6.054736999999999,12.214498656669559,0.6848190000000045,1.3815167786085254,0.0,0.0
REDLAT_BN00093_CraftIm.txt,10.811159158342038,20.669014000000004,20.477227000000003,99.07210377814829,2.042772999999997,9.883262936490326,0.19178700000000148,0.9278962218517122,0.0,0.0
REDLAT_CU549_Semantic.txt,141.31107879459944,21.282549999999997,13.422871999999993,63.069848302952394,22.21492300000001,104.3809270975518,2.027472999999999,9.526457120974692,5.832205000000004,27.40369457607291
REDLAT_MA341_CraftDe.txt,45.63456199229364,35.658037,28.126723,78.87905607367,8.741074999999999,24.513618065963637,2.5591120000000025,7.17681682813892,4.972202000000001,13.944127098191078
REDLAT_MA245_CraftIm.txt,33.77309050033354,31.855308000000008,29.328393000000005,92.06752293840637,8.231606999999991,25.840613438739908,2.526915,7.932477061593626,0.0,0.0
REDLAT_BN00114_Phonological2.txt,107.3467253475097,29.948445,29.509884999999997,98.53561679078828,31.710115000000002,105.882342138298,0.4385600000000025,1.4643832092117053,0.0,0.0
REDLAT_LO00759_Phonological2.txt,124.07226491662568,25.090459999999997,19.667085,78.384712755366,25.706927,102.45697767199168,4.167386999999999,16.609448372010714,1.2559879999999986,5.005838872623294
REDLAT_MA730_CraftIm.txt,91.16972457405569,37.33446400000001,35.070125000000004,93.934989933162,31.77338899999999,85.10471450721774,0.9278529999999989,2.4852452682861568,1.3364860000000007,3.579764798551816
REDLAT_SL00404_Phonological2.txt,2.23571136887946,62.313142,60.919999999999995,97.76428863112054,0.0,0.0,1.3931420000000019,2.2357113688794605,0.0,0.0
REDLAT_CU307_CraftDe.txt,42.95208144124247,19.987809000000006,18.31482,91.62995303787422,6.912190999999994,34.5820344791167,0.26,1.3007928983111652,1.4129890000000027,7.0692540638146095
REDLAT_AF152_Semantic2.txt,127.02177962820585,25.54676299999999,24.283404999999988,95.0547237628501,31.186595000000015,122.07650339105595,1.2633579999999993,4.945276237149888,0.0,0.0
REDLAT_BN00114_Phonological.txt,135.74198845897945,26.154705999999997,25.495894,97.48109575385784,34.844106000000004,133.22308421283728,0.6588119999999975,2.5189042461421574,0.0,0.0
REDLAT_MA619_Semantic2.txt,58.06388494799604,36.95581000000001,30.342162999999992,82.10390463637513,14.844332000000005,40.16778958437118,5.680142000000011,15.370092009889676,0.9335050000000038,2.526003353735187
REDLAT_SL00294_Phonological.txt,103.94687224473469,25.200612999999997,23.987681999999996,95.18689882662774,24.982318,99.13377107136245,1.212931000000001,4.813101173372256,0.0,0.0
REDLAT_CU085_Fugu.txt,20.191185121148216,44.54488900000001,40.28859600000001,90.4449352202898,4.737847999999989,10.636120341438021,3.0427370000000002,6.8307208039063685,1.2135560000000016,2.7243439758038264
REDLAT_CU389_Semantic.txt,55.020960271842036,39.72658400000003,38.76474100000003,97.5788429229153,20.89610499999997,52.59980319475733,0.1626890000000003,0.4095217449353314,0.799154,2.0116353321493725
REDLAT_MA462_Phonological.txt,7.00003448258215,61.161313,56.88,92.99996551741785,0.0,0.0,4.281312999999999,7.00003448258215,0.0,0.0
REDLAT_MA463_Phonological2.txt,145.34310392631227,26.981781000000012,20.920841000000006,77.53691648449743,33.155217999999984,122.88002041080968,0.9769990000000028,3.620958156913372,5.083941000000004,18.842125358589197
REDLAT_MA408_CraftIm.txt,94.71893581018163,22.95605500000001,10.168919000000002,44.297328090562594,8.956594999999993,39.01626390074422,5.192650000000003,22.61995800236583,7.594486000000002,33.08271390707157
REDLAT_CU417_Fugu.txt,17.8014571904933,8.680677,7.667695,88.3306106194252,0.532305,6.132067809918514,1.0129819999999978,11.669389380574787,0.0,0.0
REDLAT_CU378_Fugu.txt,18.19679858073433,80.332246,78.42766499999999,97.62912019166001,12.713316000000006,15.825918772394347,1.1555620000000033,1.4384783913548282,0.7490190000000005,0.9324014169851551
REDLAT_SL00288_CraftDe.txt,77.00492607755012,15.981274999999998,13.106157000000001,82.00945794374981,9.431251,59.01438402129993,0.5425259999999987,3.3947604305663894,2.3325919999999982,14.595781625683799
REDLAT_MA221_CraftIm.txt,154.10558164264862,21.256573999999986,12.010066999999996,56.500483097605496,23.511060000000008,110.60606474025411,1.3476339999999936,6.3398457343125685,7.8988729999999965,37.159671168081935
REDLAT_CU555_Fugu.txt,18.879099373504683,21.923227999999998,19.622159999999997,89.50397268139527,1.8378400000000017,8.383072054899953,2.301068000000001,10.496027318604728,0.0,0.0
REDLAT_AF190_Phonological2.txt,75.85742431511386,35.05775899999998,31.681922999999987,90.37064519725863,23.21807700000001,66.22806951237249,3.375835999999998,9.629354802741382,0.0,0.0
REDLAT_MA355_CraftDe.txt,72.1029273824928,9.810334,5.739422,58.503838911091115,3.0026259999999994,30.60676629358388,2.452960000000001,25.003837789824498,1.617951999999999,16.492323299084408
REDLAT_BN00114_Fugu.txt,6.265097373496988,53.97793200000001,53.49808100000001,99.11102374207297,2.901918999999994,5.376121115569958,0.4798509999999965,0.8889762579270292,0.0,0.0
REDLAT_CU230_Semantic2.txt,144.12186553292173,24.56143199999999,10.739882999999999,43.726615777125716,21.576845000000006,87.84848131004746,10.23827699999999,41.68436514613641,3.5832720000000027,14.58901907673789
REDLAT_BN00142_Semantic.txt,235.83618532747698,18.42716500000001,18.03462100000001,97.8697537032962,43.06537899999999,233.70593903077315,0.3925440000000009,2.1302462967038105,0.0,0.0
REDLAT_CU080_CraftDe.txt,23.054017252824917,44.14732099999999,37.144349000000005,84.13726622279077,3.174759000000005,7.191283475615669,6.002079999999989,13.59557015928552,1.0008920000000003,2.267163617923725
REDLAT_CU127_CraftIm.txt,80.10959456105019,36.47042299999999,11.115087000000003,30.476989532038075,3.860972000000003,10.586584093088264,15.67139499999999,42.9701487147544,9.683940999999994,26.552861753207516
REDLAT_SL00362_Phonological.txt,342.55891382980053,12.97564600000001,6.5552220000000085,50.519426932578185,38.02880799999999,293.0783407623787,3.084454,23.77110164688523,3.3359700000000014,25.709471420536588
REDLAT_MA272_Phonological.txt,90.93368947775112,32.825635000000005,31.208037000000008,95.07215016556421,28.231962999999997,86.00583964331533,1.6175979999999965,4.927849834435788,0.0,0.0
REDLAT_CU408_Semantic.txt,44.5200028400631,43.407486000000006,41.511236000000004,95.63151388219075,17.428763999999994,40.15151672225383,1.8962500000000027,4.36848611780927,0.0,0.0
REDLAT_CU475_Phonological.txt,202.8242273334552,22.917453999999992,13.057677999999996,56.977001022888494,36.622373,159.80122835634367,0.5398270000000002,2.3555277999030797,9.319948999999998,40.667471177208434
REDLAT_BE00131_CraftIm.txt,161.67223715584143,7.245025,3.894372,53.75236110296376,8.362541,115.42459825880518,1.6875660000000003,23.29275606364368,1.663086999999999,22.954882833392556
REDLAT_MA731_Phonological2.txt,1.7911632883158686,60.279708,59.199999999999996,98.20883671168414,0.0,0.0,1.0797080000000037,1.7911632883158686,0.0,0.0
REDLAT_CU235_CraftDe.txt,57.949227833055126,22.565198,22.36442,99.11023160532427,12.875579999999998,57.05945943837939,0.20077799999999968,0.8897683946757289,0.0,0.0
REDLAT_LO00654_Phonological.txt,45.230930365856906,55.58069399999998,50.52716099999999,90.90775476822944,20.08613200000001,36.13868513408634,4.436825999999991,7.9826747035580246,0.6167069999999999,1.1095705282125483
REDLAT_CU415_CraftIm.txt,36.43968361213148,24.31610299999999,23.73269599999999,97.60073807879495,8.277304000000008,34.04042169092642,0.5834070000000006,2.399261921205058,0.0,0.0
REDLAT_CU314_Fugu.txt,57.38888333414038,28.974209,17.202246,59.37089084985892,4.856012000000003,16.75977418399931,9.020221000000003,31.131897336696934,2.7517419999999966,9.497211813444144
REDLAT_CU314_Semantic.txt,30.638750533522874,36.907976999999995,33.469916999999995,90.6847779817355,7.870082999999999,21.32352851525837,3.438059999999999,9.315222018264505,0.0,0.0
REDLAT_BE00149_Fugu.txt,68.07030041527979,36.860209000000005,31.273443000000004,84.84336863092663,19.504089,52.91366904620644,0.7442980000000006,2.0192451974431305,4.842467999999997,13.137386171630215
REDLAT_CU436_Semantic2.txt,18.826240135983074,53.48429600000001,50.10760700000001,93.68657858000039,6.692392999999996,12.512818715983462,3.3766889999999963,6.313421419999612,0.0,0.0
REDLAT_CU546_CraftIm.txt,120.8929814464539,11.726761000000003,11.574965000000002,98.70555902009087,14.025034999999995,119.59854046654479,0.15179600000000093,1.2944409799091232,0.0,0.0
REDLAT_BN00116_Fugu.txt,8.31902539598442,62.874192,58.881836,93.65024682941453,1.2381639999999976,1.9692722253989325,3.992356000000007,6.349753170585488,0.0,0.0
REDLAT_CU396_Semantic.txt,171.68449098419612,17.826862999999996,14.600452000000004,81.90140912621591,27.379547999999993,153.585900110412,3.2264109999999926,18.098590873784094,0.0,0.0
REDLAT_BE00184_Semantic.txt,24.250990634186394,47.864288,47.718362,99.69512551821516,11.461638000000004,23.946116152401565,0.145926,0.304874481784833,0.0,0.0
REDLAT_MA357_CraftIm.txt,27.153152837468287,69.347295,64.908659,93.5994100418769,14.391340999999997,20.75256287934518,4.438636000000006,6.4005899581231045,0.0,0.0
REDLAT_MA479_Semantic.txt,30.265823255350906,56.412333000000004,42.569338,75.4610485618455,3.2306619999999944,5.726871817196416,13.842995,24.53895143815449,0.0,0.0
REDLAT_CU311_CraftIm.txt,56.73028732456815,27.117869,26.916912000000004,99.25894988282451,15.183087999999996,55.98923720739265,0.20095699999999933,0.7410501171755027,0.0,0.0
REDLAT_MA425_Phonological.txt,146.90700509496472,26.633943000000002,20.978067,78.76440600627552,33.471252,125.67141110124024,0.665195,2.497546082455759,4.990681,18.738047911268712
REDLAT_CU317_Semantic2.txt,12.825206004141165,59.80632200000001,54.652029,91.38169205590003,2.5159909999999934,4.206898060041199,0.12231299999999834,0.20451516814559892,5.031980000000008,8.413792775954366
REDLAT_LO00827_CraftDe.txt,159.19646171905342,8.853791000000001,3.163171,35.72674123434809,8.404302,94.92320295340151,2.848092999999999,32.168062245878616,2.842527000000001,32.105196519773294
REDLAT_LO00661_Semantic.txt,34.07575297708635,55.124618999999996,41.90306699999999,76.01515939729215,5.5625770000000045,10.090912374378506,1.5671960000000027,2.8430055906599607,11.654356,21.141835012047885
REDLAT_MA610_CraftIm.txt,1412.7356201694843,2.5410069999999996,0.6116479999999997,24.071086777801078,33.968352,1336.8067069472854,1.9293589999999998,75.92891322219891,0.0,0.0
REDLAT_SL00362_CraftDe.txt,14.991024577165513,12.32811,10.48,85.00897542283448,0.0,0.0,1.8481099999999995,14.991024577165513,0.0,0.0
REDLAT_SL00296_Phonological2.txt,163.60814753237113,21.912696000000004,19.56087,89.2672905241783,33.499129999999994,152.87543805654946,2.3518260000000026,10.732709475821698,0.0,0.0
REDLAT_MA478_Semantic2.txt,303.86632001101543,14.757392000000001,9.628749,65.24695555962732,39.714101,269.1132755706428,1.4514930000000006,9.835701321751165,3.67715,24.917343118621503
REDLAT_LO00583_CraftDe.txt,34.653129295124145,39.482997000000005,26.34248500000001,66.71855482500482,0.5415819999999982,1.3716841201289713,12.454578999999997,31.544158109375523,0.685932999999995,1.7372870656196513
REDLAT_LO00648_Fugu.txt,29.505024696413322,42.94975899999999,42.578711,99.13608828398783,12.301289000000004,28.641112980401136,0.37104799999999827,0.8639117160121861,0.0,0.0
REDLAT_CU390_Semantic2.txt,92.5191767421437,32.355209,26.245909000000005,81.11803264815877,23.825472999999988,73.63720939030246,1.7406819999999996,5.379912705864455,4.3686180000000014,13.502054645976791
REDLAT_CU367_Semantic2.txt,58.1298844184842,40.98440800000001,36.64352600000001,89.40845503978001,19.483306999999993,47.5383394582642,2.5877149999999975,6.313901130400608,1.7531670000000048,4.2776438298193895
REDLAT_MA510_Phonological.txt,228.1387998257718,19.02333800000001,16.696559000000008,87.76881849021449,41.072835999999995,215.90761831598627,1.1761740000000032,6.182795048902578,1.1506049999999988,6.048386460882933
REDLAT_CU023_CraftDe.txt,39.27703816714575,30.644052000000006,25.79278600000001,84.16898000303617,7.184809999999994,23.446018170181908,2.8188619999999913,9.198724763944373,2.032404000000003,6.6322952330194545
REDLAT_AF182_Phonological2.txt,448.95433449232706,8.538151000000006,6.902876000000006,80.84743406388574,36.697123999999995,429.8017685562128,1.635275,19.152565936114257,0.0,0.0
REDLAT_CU321_CraftDe.txt,57.54904460173784,33.969080000000005,17.502225999999993,51.52399181844192,3.082027000000002,9.073036420179767,9.211107000000016,27.11615092313367,7.255746999999995,21.35985725842441
REDLAT_LO00994_Fugu.txt,12.845063425604,72.772346,72.772346,100.0,9.347653999999995,12.845063425604,0.0,0.0,0.0,0.0
REDLAT_BN00093_Semantic2.txt,94.49749829116844,31.167496000000003,30.947496,99.29413642982419,29.232504,93.79163472099265,0.22,0.705863570175801,0.0,0.0
REDLAT_BN00129_Fugu.txt,4.132591124804267,38.266693999999994,37.72764399999999,98.5913337588034,1.0423560000000036,2.7239248836076713,0.5390500000000031,1.4086662411965958,0.0,0.0
REDLAT_MA367_Semantic2.txt,46.241480394443066,40.674564999999994,38.033021999999995,93.5056637975108,16.166978000000004,39.74714419195388,2.6415429999999964,6.494336202489189,0.0,0.0
REDLAT_MA300_CraftDe.txt,14.240819238592167,27.122940999999997,25.660206,94.60701920193684,2.3997940000000035,8.84783844052901,1.462734999999999,5.3929807980631566,0.0,0.0
REDLAT_AF112_Semantic.txt,148.10657785207945,23.019642000000005,20.983019000000013,91.15267300855508,32.05698099999999,139.25925086063452,2.0366229999999943,8.84732699144493,0.0,0.0
REDLAT_MA378_Phonological2.txt,84.26856193110804,30.62411700000001,28.688807000000008,93.68043819843034,23.87119299999999,77.94900012953838,1.9353100000000012,6.319561801569661,0.0,0.0
REDLAT_CU392_Semantic.txt,69.23760219192567,49.991841,18.255513,36.51698484158645,2.8768240000000027,5.754587033512133,13.198665000000002,26.40163821932463,18.537663,37.08137693908891
REDLAT_MA565_Phonological.txt,100.45787060259575,30.290654,30.290654,100.0,30.429345999999995,100.45787060259576,0.0,0.0,0.0,0.0
REDLAT_CU238_Semantic.txt,16.906945101386416,60.83532499999999,57.205422999999996,94.03323315853083,6.65549300000001,10.94017825991726,0.2908180000000016,0.4780413353590231,3.3390839999999944,5.488725506110135
REDLAT_CU157_CraftIm.txt,92.31329390045634,52.903909000000034,39.510225000000005,74.68299743219349,35.44365699999999,66.99629133264986,2.9475660000000232,5.571546707446554,10.446117999999998,19.745455860359943
REDLAT_LO00674_Semantic.txt,60.19309350359122,38.74951700000001,35.90687000000001,92.66404533506831,20.481885999999992,52.85713883865955,0.7514029999999974,1.9391286864298132,2.091243999999996,5.396825978501862
REDLAT_CU583_Semantic.txt,61.42170283402558,37.54126300000001,36.615441000000004,97.53385494782101,22.132661,58.955557781846586,0.2939240000000053,0.7829358324998421,0.6318979999999996,1.6832092196791555
REDLAT_BN00112_Phonological.txt,82.21101670796641,31.626889000000006,31.263051000000004,98.84959282590204,25.636948999999994,81.06060953386844,0.3638380000000012,1.1504071740979682,0.0,0.0
REDLAT_CU239_CraftIm.txt,32.67121561652695,21.480269000000003,19.576439,91.13684283935177,5.114034999999999,23.808058455878736,1.3343039999999995,6.2117657837525195,0.5695259999999998,2.6513913768956976
REDLAT_MA777_Phonological2.txt,61.25168709842813,38.410622000000004,37.651734,98.02427568082598,22.768266,59.27596277925412,0.758888,1.9757243191740035,0.0,0.0
REDLAT_CU545_Semantic2.txt,75.42180352940966,37.08059299999998,32.40681799999999,87.39563037732434,23.293077000000018,62.81743390673399,2.6336700000000004,7.102556315644687,2.040104999999997,5.5018133070309805
REDLAT_MA466_CraftIm.txt,82.1133891315328,14.694142000000003,14.694142000000003,100.0,12.065857999999999,82.1133891315328,0.0,0.0,0.0,0.0
REDLAT_BN00115_CraftIm.txt,7.862056290006861,15.256136000000001,14.258345,93.45973974012816,0.20165499999999992,1.3217960301350216,0.9977910000000012,6.540260259871838,0.0,0.0
REDLAT_MA605_CraftIm.txt,25.392351221075533,16.824594,16.346217,97.15668027412725,3.7937829999999995,22.549031495202794,0.47837700000000194,2.843319725872743,0.0,0.0
REDLAT_BE00156_CraftDe.txt,242.5853618103562,17.976130000000005,14.614335000000004,81.29856092495993,40.245664999999995,223.88392273531613,3.3617950000000025,18.701439075040074,0.0,0.0
REDLAT_BE00156_Phonological.txt,414.48815315938026,11.211850000000005,10.180030000000002,90.79705846938727,45.439969999999995,405.2852116287675,1.0318200000000033,9.202941530612724,0.0,0.0
REDLAT_BN00148_Semantic.txt,21.619669320168054,36.482237000000005,35.697449000000006,97.84884901657757,7.102550999999997,19.468518336745625,0.7847880000000013,2.1511509834224287,0.0,0.0
REDLAT_MA272_Fugu.txt,109.31678153152677,25.785954000000004,24.779227000000006,96.09583186257139,27.181647999999996,105.41261339409816,0.0476019999999977,0.1846043780268812,0.9591250000000002,3.7195637594017272
REDLAT_CU656_CraftDe.txt,95.23391183025502,10.654335,7.332950999999998,68.82598491599897,6.825156,64.05989674625398,0.05949100000000135,0.5583736572953765,3.2618930000000006,30.61564142670566
REDLAT_MA456_CraftDe.txt,3.22941128948,15.955261,15.440000000000001,96.77058871052002,0.0,0.0,0.5152609999999995,3.22941128948,0.0,0.0
REDLAT_BN00129_Phonological2.txt,78.80776485911795,34.11585400000001,31.94495600000001,93.63668867852464,24.715043999999995,72.4444535376426,2.1708980000000024,6.363311321475352,0.0,0.0
REDLAT_MA566_Semantic.txt,66.75549462173436,38.71303800000002,36.43497900000001,94.1155251106875,23.565020999999987,60.87101973242187,2.278059000000001,5.884474889312485,0.0,0.0
REDLAT_CU428_Phonological.txt,177.6158467274958,19.42568899999999,11.573275999999996,59.577171239588985,26.650689000000003,137.19301796708478,4.706377999999999,24.22759882545222,3.1460349999999977,16.195229934958803
REDLAT_MA590_Semantic2.txt,119.63563304886793,27.951601999999983,27.615762999999983,98.79849820414587,33.10423700000001,118.4341312530138,0.335839,1.2015017958541345,0.0,0.0
REDLAT_CU090_Phonological2.txt,48.05328304907223,63.981849000000004,44.266602999999996,69.18618903933206,11.030132999999987,17.239472088404302,12.77198199999999,19.961883252232973,6.943264000000013,10.851927708434953
REDLAT_MA606_Fugu.txt,8.803187016142546,148.78142400000002,145.025526,97.47555985214927,9.341608999999991,6.278746868291831,1.5830330000000004,1.0639990917145679,2.1728650000000016,1.4604410561361487
REDLAT_SL00279_CraftIm.txt,52.307470865756535,21.453791999999993,16.555719000000003,77.16919694196723,6.32386300000001,29.476667807723747,0.9276549999999979,4.323967529842735,3.970417999999995,18.50683552819006
REDLAT_CU406_CraftDe.txt,64.34220332221402,2.9453250000000013,1.450119,49.23460059585952,0.3998809999999997,13.576803918073542,1.4952060000000014,50.76539940414049,0.0,0.0
REDLAT_AF158_CraftDe.txt,84.90410368948679,18.269316,9.454920999999999,51.753010348061196,6.6970040000000015,36.65711403754799,0.8063199999999968,4.413520462397152,8.008075000000002,43.83346918954164
REDLAT_MA352_Semantic2.txt,78.42961526808973,40.27835900000001,27.461478,68.17923739147365,18.773280999999997,46.6088526595634,3.861640000000004,9.587381650776793,8.955241000000001,22.233380957749542
REDLAT_BE00146_Semantic2.txt,67.23141622806828,34.96269499999999,34.87838999999999,99.75887156296162,23.421610000000012,66.99028779102989,0.08430500000000052,0.24112843703839348,0.0,0.0
REDLAT_CU575_Phonological2.txt,27.43763669779522,36.141768,31.244652999999996,86.45026164741026,5.019332000000004,13.887898345205482,2.6511000000000053,7.335280332716444,2.246015,6.214458019873295
REDLAT_MA475_Semantic2.txt,22.386505337298043,63.854875,49.56000000000001,77.61349466270197,0.0,0.0,10.77487499999999,16.874005312828487,3.520000000000003,5.512500024469555
REDLAT_CU226_Phonological.txt,136.26583570954682,28.416708999999997,24.182671999999997,85.10018524664486,34.488229000000004,121.36602095619169,1.184937999999998,4.169863582725213,3.0490990000000053,10.729951170629949
REDLAT_AF241_Semantic2.txt,39.60001901353236,52.467894,41.04529899999999,78.22936251262533,9.354700999999997,17.829381526157686,9.70259500000001,18.492442254305097,1.7200000000000006,3.2781952330695807
REDLAT_CU157_Fugu.txt,59.09940105593451,34.963532,16.40657,46.92480725345482,2.1062759999999976,6.02420830938933,2.9998080000000016,8.579819681833063,15.557154,44.49537306471211
REDLAT_CU356_Phonological2.txt,77.28813559322035,23.599999999999998,14.26,60.42372881355933,8.900000000000002,37.711864406779675,8.419999999999998,35.677966101694906,0.9199999999999999,3.898305084745763
REDLAT_LO00579_CraftIm.txt,30.633442274921773,34.434661000000006,27.701871,80.44763675762627,3.815731999999999,11.081079032548043,3.3903930000000013,9.845873028922808,3.342397000000002,9.706490213450921
REDLAT_AF215_Phonological2.txt,166.26895933366623,22.919450000000015,21.15063400000001,92.28246751121861,36.33911499999999,158.55142684488487,1.2985650000000035,5.665777320136402,0.47025100000000003,2.0517551686449704
REDLAT_CU023_Semantic2.txt,90.2417281551033,44.90180299999998,25.492516999999992,56.77392731868697,21.110877000000016,47.01565547379028,4.692679999999991,10.450983449372831,14.716605999999997,32.77508923194021
REDLAT_CU421_Fugu.txt,28.954107582857276,21.056812,14.96,71.04589241714272,0.0,0.0,6.096812000000001,28.954107582857276,0.0,0.0
REDLAT_CU434_CraftIm.txt,14.888221079676786,39.151568000000005,36.60129800000001,93.48616126945414,3.2787019999999956,8.374382349130935,2.5502699999999967,6.513838730545853,0.0,0.0
REDLAT_MA245_CraftDe.txt,19.62380782443716,27.948693999999993,27.102048,96.97071355105182,4.637952000000003,16.594521375488974,0.8466459999999957,3.02928644894819,0.0,0.0
REDLAT_MA344_Semantic.txt,28.452348918519316,54.287791999999975,45.647096999999995,84.08353944474297,6.805457000000025,12.535888363262275,2.353249000000002,4.334766460938407,6.287445999999981,11.581694094318635
REDLAT_MA458_Fugu.txt,11.355767467482861,76.02718200000002,75.34685600000002,99.10515425917008,7.953143999999981,10.460921726652948,0.6803260000000071,0.8948457408299139,0.0,0.0
REDLAT_MA522_Semantic.txt,40.97007521586322,50.482435999999986,36.155017,71.61900230012675,6.355273000000011,12.589077515989944,0.4977089999999933,0.9859052760449069,13.829709999999997,27.395092423828363
REDLAT_MA522_CraftDe.txt,57.176079896871556,27.982973,23.709606,84.72868840633909,11.726199999999997,41.90476830321066,0.20917299999999983,0.7475009892622911,4.0641940000000005,14.523810604398612
REDLAT_CU222_Semantic.txt,106.34444548879965,32.853871999999996,15.865117999999994,48.28994889856512,17.949514000000008,54.634394387364786,15.193386000000004,46.245343623424375,1.7953679999999963,5.464707478010496
REDLAT_CU023_CraftIm.txt,65.77034728063703,150.33778000000007,94.61765299999996,62.93671025340398,43.15755300000005,28.707057534041034,34.15533300000014,22.719061702254834,21.564793999999942,14.344228044341172
REDLAT_CU361_Phonological.txt,110.72134930245774,29.977682,28.642994,95.54772780630604,31.857006,106.26907710876377,1.3346879999999999,4.452272193693961,0.0,0.0
REDLAT_BE00131_Fugu.txt,43.151919208291986,7.822782999999996,5.553550999999997,70.99201141077286,1.1064490000000005,14.143930619064866,2.269231999999998,29.00798858922712,0.0,0.0
REDLAT_MA730_CraftDe.txt,17.889041164770827,43.89182699999999,36.04,82.11095883522918,0.0,0.0,7.851826999999996,17.88904116477083,0.0,0.0
REDLAT_MA430_CraftIm.txt,6.672050378333838,37.312548,36.641518000000005,98.20159695338953,1.8184819999999995,4.873647331723364,0.6710299999999954,1.7984030466104737,0.0,0.0
REDLAT_MA765_Semantic2.txt,80.89963878725351,31.531833,29.511347,93.59223423516165,23.488653,74.49187302241516,2.0204859999999982,6.407765764838341,0.0,0.0
REDLAT_SL00363_CraftDe.txt,53.51722210003762,51.411297000000005,47.99072000000001,93.34664324846737,24.093320999999992,46.863865348505,2.2846179999999876,4.443805414984935,1.1359589999999997,2.2095513365476847
REDLAT_MA560_Semantic.txt,65.73811413264791,36.919182000000006,36.704604,99.41878993960374,24.055396000000002,65.15690407225165,0.21457800000000304,0.5812100603962542,0.0,0.0
REDLAT_CU576_Phonological2.txt,80.50561854861135,23.314650999999998,12.881761999999995,55.251789958168345,8.336715,35.75740850677971,6.721366000000004,28.828936791719528,3.711522999999998,15.919273250112122
REDLAT_SL00342_Phonological2.txt,182.7334549771483,20.969417999999987,18.67246699999999,89.04618621270272,36.02119100000001,171.779641189851,2.090608999999997,9.969799829446856,0.20634199999999936,0.9840139578504252
REDLAT_BE00134_CraftDe.txt,20.308781774000106,37.154394999999994,37.154394999999994,100.0,7.5456050000000054,20.308781774000106,0.0,0.0,0.0,0.0
REDLAT_CU147_Semantic2.txt,252.39287494384976,17.673573,11.653367000000001,65.93667845205947,38.586633,218.32955339590922,6.020206,34.063321547940525,0.0,0.0
REDLAT_MA721_CraftDe.txt,20.025232565386542,15.451461,15.208635,98.4284592893837,2.8513650000000013,18.453691854770245,0.24282599999999954,1.571540710616294,0.0,0.0
REDLAT_CU593_CraftIm.txt,79.48616385080527,4.049501000000001,3.7053540000000016,91.5014961102615,2.8746459999999994,70.98765996106678,0.34414699999999954,8.4985038897385,0.0,0.0
REDLAT_CU406_Phonological2.txt,381.2072222118456,13.438487000000006,8.920895000000002,66.38317989220064,46.710891000000004,347.59040210404623,0.4293780000000059,3.1951364763012813,4.088213999999997,30.421683631498063
REDLAT_BN00162_CraftDe.txt,6.104288412771167,23.469778999999996,22.858558,97.39571045811724,0.8214420000000011,3.4999988708883936,0.6112209999999991,2.604289541882773,0.0,0.0
REDLAT_MA610_Phonological2.txt,239.26437615228798,14.604638000000001,12.720471000000002,87.09884490118824,33.059529,226.36322105347625,1.8841670000000004,12.901155098811763,0.0,0.0
REDLAT_BN00049_Semantic.txt,34.95189254422357,46.49019500000001,44.120496,94.9027983212374,13.879503999999997,29.854690865460974,2.369699000000006,5.097201678762598,0.0,0.0
REDLAT_SL00339_CraftDe.txt,2.398713264045656,32.479079999999996,31.7,97.60128673595436,0.0,0.0,0.7790799999999998,2.398713264045656,0.0,0.0
REDLAT_MA602_Semantic.txt,160.46070203882644,23.763472000000014,23.09621900000002,97.19210643966507,37.46378099999998,157.65280847849152,0.6672529999999972,2.807893560334941,0.0,0.0
REDLAT_CU307_Phonological2.txt,16.197692787161543,55.81010899999999,53.620667,96.07697953071549,6.850508000000002,12.274672317877041,1.2806169999999923,2.2945968444533813,0.908825,1.6284236248311217
REDLAT_SL00442_Phonological.txt,1.458686015082407,59.365962999999994,58.5,98.5413139849176,0.0,0.0,0.865962999999996,1.4586860150824068,0.0,0.0
REDLAT_SL00368_Phonological.txt,190.331190096597,17.777161999999997,15.125838999999997,85.08579153410426,31.184161000000003,175.4169816307013,2.651322999999998,14.914208465895726,0.0,0.0
REDLAT_AF202_Phonological.txt,6.728580692506426,55.332858,54.824871,99.08194331838055,3.2151289999999975,5.81052401088698,0.5079870000000001,0.9180566816194459,0.0,0.0
REDLAT_CU402_Phonological.txt,188.63988401577134,21.72157400000002,9.026846000000015,41.55705290970169,28.28082399999998,130.19693692547304,4.612398000000001,21.234179438377698,8.082330000000006,37.20876765192061
REDLAT_MA221_Phonological2.txt,300.8950064764352,14.613749000000006,13.900854000000002,95.1217514410573,43.259145999999994,296.01675791749244,0.7128950000000023,4.878248558942691,0.0,0.0
REDLAT_MA583_Semantic2.txt,28.161828824718743,47.325956999999995,43.589834,92.10555213917809,9.591732,20.267380963896834,2.837688999999995,5.996052018557163,0.8984340000000017,1.8983958422647467
REDLAT_BE00131_Phonological.txt,282.4946997703559,15.423859999999994,11.478314999999997,74.41921153329972,39.626042000000005,256.91391130365565,1.8099020000000032,11.734429643422619,2.135642999999993,13.84635882327766
REDLAT_CU280_Phonological.txt,197.78498443540133,21.66422699999999,14.301398000000004,66.01388547119642,35.485759,163.79886990659773,4.679985999999996,21.60236781123092,2.682842999999991,12.383746717572672
REDLAT_AF469_Phonological.txt,55.68193362212853,39.24696499999999,37.93674799999999,96.6616093754001,20.54325200000001,52.343542997528644,1.3102170000000015,3.3383906245998944,0.0,0.0
REDLAT_CU041_Phonological2.txt,119.38656960635026,30.918781000000003,21.974519,71.07175085589564,27.968609999999998,90.4583204622459,1.8273910000000042,5.910294458245311,7.116870999999994,23.01795468585904
REDLAT_CU023_Phonological.txt,69.62173684188333,56.68860299999999,23.90630100000001,42.17126500718321,6.685287999999996,11.793001849066552,16.153890999999994,28.49583539746075,16.628410999999986,29.332899595356032
REDLAT_CU404_CraftIm.txt,25.501338493306147,30.113337,29.091642999999998,96.60717110162848,6.657610000000001,22.10850959493463,0.29094700000000273,0.9661732274971808,0.730747,2.426655670874337
REDLAT_MA367_Phonological.txt,65.05372973814711,38.620418999999984,35.76656399999999,92.61050223199288,22.270168000000012,57.664231970139994,1.2905869999999955,3.341721901049277,1.563268,4.047775866957841
REDLAT_LO00487_CraftDe.txt,57.44551690130665,28.310385000000018,20.574040000000018,72.67311977565832,8.526701999999993,30.118636676964964,6.9470869999999945,24.53900573941326,0.7892580000000038,2.7878744849284223
REDLAT_MA283_CraftIm.txt,4.9214136427714195,35.572523,34.020925999999996,95.63821492223084,0.19907399999999997,0.5596285650022631,1.551597000000001,4.361785077769157,0.0,0.0
REDLAT_BE00164_CraftIm.txt,167.4196223122134,16.978467999999992,14.888181999999999,87.68860653387577,26.335001000000002,155.10822884608913,0.7034689999999983,4.143300797221508,1.386816999999997,8.168092668902739
REDLAT_MA607_CraftDe.txt,99.18502474215212,62.58226800000002,60.12001500000002,96.06557403768109,59.60998499999997,95.25059877983321,2.462253,3.93442596231891,0.0,0.0
REDLAT_AF178_Phonological.txt,129.0337285672133,27.074348999999987,25.03389999999999,92.4635343956008,32.894593000000015,121.49726296281409,1.088941999999998,4.022043152357971,0.9515069999999994,3.5144224520412286
REDLAT_MA519_Phonological.txt,9.891762349940686,58.061959,53.669304000000004,92.43453876573473,1.3506960000000001,2.3263011156754114,4.392654999999998,7.565461234265274,0.0,0.0
REDLAT_CU392_Phonological.txt,80.67110717262727,44.414158,18.119879,40.79752902216451,9.535114000000007,21.468636194791777,9.299272000000006,20.93762984316849,16.995006999999998,38.26484113466701
REDLAT_MA638_Phonological2.txt,23.937707598600856,51.009496,51.009496,100.0,12.210503999999998,23.937707598600856,0.0,0.0,0.0,0.0
REDLAT_CU184_Fugu.txt,15.124916366391295,83.082628,80.169978,96.49427314696882,9.653528000000001,11.619189513360123,1.9161559999999973,2.306325697834206,0.9964939999999984,1.1994011551969666
REDLAT_CU377_CraftDe.txt,117.41717532115328,6.747868,4.5923560000000005,68.05639944349831,5.767644,85.47357476465159,2.155512,31.943600556501696,0.0,0.0
REDLAT_MA564_CraftIm.txt,10.978256144820826,37.384125,33.28,89.02174385517918,0.0,0.0,4.104124999999998,10.978256144820826,0.0,0.0
REDLAT_SL00289_Fugu.txt,83.07260942115329,20.448834000000005,15.150727000000002,74.09090904645223,11.689272999999998,57.16351846760551,5.2981070000000035,25.90909095354778,0.0,0.0
REDLAT_CU629_Semantic.txt,127.56781394828431,27.384557999999995,25.996414999999995,94.93092786087693,33.545739000000005,122.49874180916125,0.09029699999999996,0.32973692692063894,1.2978459999999998,4.739335212202439
REDLAT_AF259_CraftDe.txt,20.58723330395957,29.555885000000004,29.285573000000007,99.08542072078033,5.814426999999995,19.67265402473989,0.270311999999997,0.9145792792196782,0.0,0.0
REDLAT_LO00608_CraftDe.txt,22.135413155693136,18.023847,17.837097,98.96387269598992,3.802903000000003,21.099285851683067,0.18674999999999997,1.0361273040100705,0.0,0.0
REDLAT_CU389_Phonological2.txt,67.54907405523689,32.93339000000001,30.988595000000014,94.0947621851258,20.30140499999999,61.64383624036269,1.9447949999999956,5.905237814874191,0.0,0.0
REDLAT_MA356_Phonological.txt,87.13496857656511,33.953481,31.504062999999995,92.78595911859523,27.135937000000006,79.92092769516034,2.4494180000000014,7.214040881404772,0.0,0.0
REDLAT_BE00216_CraftDe.txt,374.4575835282966,4.270888000000001,1.6691120000000002,39.08114659059193,13.390887999999999,313.5387301188885,2.601776000000001,60.91885340940807,0.0,0.0
REDLAT_MA475_Phonological.txt,91.99226990285315,34.420266,34.118141,99.12224676009187,31.361858999999995,91.11451666294501,0.30212499999999864,0.8777532399081363,0.0,0.0
REDLAT_BN00113_CraftIm.txt,116.91819653278424,17.149321999999998,17.149321999999998,100.0,20.050678,116.91819653278422,0.0,0.0,0.0,0.0
REDLAT_LO00835_Semantic2.txt,36.17411471299622,49.028987,41.371786,84.38229816985613,10.078601000000003,20.556412882852346,2.597588000000004,5.298065815636787,5.059612999999995,10.319636014507083
REDLAT_MA610_Semantic2.txt,172.21849638702133,21.574581000000002,21.574581000000002,100.0,37.155418999999995,172.21849638702133,0.0,0.0,0.0,0.0
REDLAT_CU477_Semantic.txt,59.45371188139447,38.29297999999999,37.643190999999995,98.30311195420153,22.116809000000003,57.756823835595995,0.6497889999999983,1.6968880457984685,0.0,0.0
REDLAT_MA435_CraftIm.txt,33.66738634535201,25.257567999999996,20.443067,80.93838250776956,3.6890620000000003,14.605768853121571,2.666629999999998,10.557746494040908,2.1478709999999985,8.503870998189528
REDLAT_CU398_Semantic2.txt,114.5758786221836,29.279024000000003,26.21966,89.55100415915501,30.487335,104.12688278133861,0.5463590000000025,1.8660423926699279,2.5130049999999997,8.582953448175047
REDLAT_BN00142_Phonological.txt,128.665710684454,26.796174999999998,23.856824000000003,89.03070680796795,31.538137999999996,117.69641749242194,1.2543129999999967,4.6809404700484185,1.685037999999997,6.288352721983631
REDLAT_MA329_Phonological2.txt,28.00106466274649,51.561868000000004,46.91264700000001,90.98321845127877,9.788650999999994,18.98428311402526,3.090518999999997,5.993807284096063,1.5587019999999985,3.022974264625165
REDLAT_BE00149_Semantic.txt,96.81220815528563,30.779424999999986,28.62059199999999,92.98611653726476,27.63940800000001,89.79832469255038,2.158832999999998,7.013883462735249,0.0,0.0
REDLAT_CU122_Semantic.txt,120.57764865126993,42.86339099999996,24.63291899999999,57.46843267720003,33.45319700000003,78.04608132846994,1.6565879999999935,3.8648085495615483,16.57388399999998,38.666758773238435
REDLAT_MA583_Phonological.txt,79.99053252135323,34.744203000000006,34.16606500000001,98.33601593911942,27.213934999999992,78.32654846047264,0.5781379999999956,1.6639840608805891,0.0,0.0
REDLAT_SL00282_Phonological.txt,169.72623751589623,27.312033000000014,22.893850000000015,83.82330967453065,41.937502999999985,153.5495471904269,1.889536000000001,6.918327903309139,2.5286469999999968,9.258362422160209
REDLAT_SL00296_CraftIm.txt,12.889326582934505,28.773016,27.505239999999997,95.59387170257021,2.4408719999999997,8.483198285504724,0.6338879999999998,2.2030641487148923,0.6338879999999989,2.2030641487148896
REDLAT_MA690_Phonological.txt,183.42337075471474,20.491849999999996,15.359959999999997,74.9564338993307,32.454952000000006,158.37980465404544,2.7068019999999997,13.209163643106894,2.4250880000000006,11.834402457562403
REDLAT_BE00161_CraftIm.txt,4.9687016977053915,22.087459999999997,20.99,95.03129830229462,0.0,0.0,1.0974599999999992,4.968701697705392,0.0,0.0
REDLAT_BE00216_Semantic.txt,77.4667385091087,19.425843000000015,13.148638000000002,67.68631868382747,8.771361999999998,45.15305719293619,6.277205000000011,32.31368131617252,0.0,0.0
REDLAT_MA442_CraftIm.txt,34.41371207249546,22.200116000000005,22.200116000000005,99.99999999999999,7.639883999999997,34.41371207249546,0.0,0.0,0.0,0.0
REDLAT_MA411_CraftDe.txt,21.91029782923329,25.962025,25.341834000000002,97.61116091676209,5.0681660000000015,19.521458745995357,0.6201910000000017,2.388839083237928,0.0,0.0
REDLAT_CU546_Fugu.txt,32.516436935447416,72.294194,71.983349,99.5700277120456,23.196651000000006,32.086464647492996,0.31084500000000004,0.42997228795441034,0.0,0.0
REDLAT_MA577_CraftIm.txt,0.43900209753871333,19.385101,19.3,99.56099790246128,0.0,0.0,0.0851009999999981,0.4390020975387134,0.0,0.0
REDLAT_AF202_Fugu.txt,9.406201462525198,61.018574000000015,60.16052999999999,98.59379866858241,4.881485999999995,8.00000013110761,0.18006000000002587,0.2950904752379592,0.677984,1.111110856179628
REDLAT_CU583_Semantic2.txt,39.41402364555466,45.09820199999999,42.38945999999999,93.99368072367939,15.066274,33.40770436923406,2.0044759999999977,4.444691608769675,0.704266000000004,1.561627667550924
REDLAT_LO00865_CraftIm.txt,81.2323475792327,6.926812,1.2999999999999998,18.7676524207673,0.0,0.0,5.626812,81.2323475792327,0.0,0.0
REDLAT_CU575_Semantic.txt,76.0277588622469,41.929096,21.930987999999996,52.30493879476914,11.879644000000003,28.33269765701603,7.09874000000001,16.93034354950083,12.899367999999996,30.76471765573003
REDLAT_MA620_Phonological2.txt,140.09816208445213,22.698377,22.349184,98.46159485323554,31.450816,138.55975693768767,0.34919299999999964,1.5384051467644564,0.0,0.0
REDLAT_MA455_CraftDe.txt,58.16955684923596,2.1037310000000002,0.8799999999999999,41.83044315076403,0.0,0.0,1.2237310000000003,58.16955684923597,0.0,0.0
REDLAT_LO00526_CraftDe.txt,33.916666884921305,9.545424999999998,8.43118,88.32692101189838,2.1232450000000007,22.24358789681969,0.8486699999999985,8.890856090745029,0.2655749999999997,2.7822228973565846
REDLAT_MA728_Phonological.txt,38.621101906989054,58.163312000000005,35.7,61.37889809301094,0.0,0.0,17.023311999999997,29.26812695948263,5.4399999999999995,9.352974947506427
REDLAT_BN00148_Phonological2.txt,77.35309237061074,34.31894599999999,33.22608999999999,96.81558984940854,25.45391000000001,74.16868222001928,1.0928559999999976,3.184410150591449,0.0,0.0
REDLAT_CU097_Fugu.txt,97.95401165784223,33.63469799999999,22.880950999999982,68.027817582902,22.192789000000012,65.98182924074423,6.247487000000017,18.574529790634713,4.506259999999995,13.39765262646329
REDLAT_CU314_Phonological2.txt,118.83853593184526,24.372308000000007,20.644307,84.70394761136285,25.235693,103.5424835432081,3.728001000000006,15.296052388637158,0.0,0.0
REDLAT_MA728_Phonological2.txt,271.6286811904082,16.89215799999999,15.056053999999989,89.13043555477043,44.04784200000001,260.75911674517863,0.0,0.0,1.8361040000000024,10.869564445229576
REDLAT_CU272_Fugu.txt,148.81363187815873,12.17059,6.638503000000002,54.54544931675458,12.57941,103.3590811949133,0.0,0.0,5.532086999999999,45.45455068324542
REDLAT_CU006_Fugu.txt,38.79648104193528,68.623381,49.79171599999999,72.55794639439289,7.791792000000017,11.354427436328178,9.775172999999997,14.244668300444127,9.056492000000002,13.197385305162976
REDLAT_AF152_Semantic.txt,90.04599493712718,31.518469000000003,29.923675000000003,94.9401285957132,26.786324999999998,84.98612353284037,1.594794000000003,5.05987140428681,0.0,0.0
REDLAT_AF109_Semantic.txt,8.454592894364188,61.674312,56.46,91.54540710563582,0.0,0.0,5.214312,8.454592894364188,0.0,0.0
REDLAT_AF050_Semantic.txt,36.5929023866357,72.483999,45.96,63.4070976133643,0.0,0.0,26.523998999999996,36.5929023866357,0.0,0.0
REDLAT_CU639_CraftIm.txt,51.33482201641264,17.535408999999998,14.486818999999999,82.61466270903632,5.953181000000002,33.94948472544896,2.9885900000000003,17.043172474619787,0.05999999999999872,0.342164816343883
REDLAT_CU474_Semantic.txt,18.75803827564623,56.804005000000004,52.732294,92.83200013801843,6.583605999999996,11.590038413664663,3.5276110000000003,6.210144865665723,0.5441,0.9578549963158408
REDLAT_BE00145_Fugu.txt,7.40996164719005,46.809608000000004,45.250517,96.66929276570741,1.9094830000000016,4.079254412897458,1.559091000000004,3.330707234292592,0.0,0.0
REDLAT_CU367_Phonological.txt,76.70396195552982,33.032500999999996,29.737631999999994,90.02537228410286,22.042368000000007,66.72933423963268,3.2948689999999985,9.974627715897137,0.0,0.0
REDLAT_SL00355_Phonological.txt,224.0931821116547,16.634652000000003,9.464858999999997,56.89844909289353,30.107328000000006,180.9916312045482,3.7219800000000003,22.374859419962615,3.447813000000006,20.726691487143857
REDLAT_CU583_CraftIm.txt,65.05878437427495,10.792664,7.126598000000001,66.03187127849066,3.355509999999999,31.09065565276561,2.148173999999999,19.904019989874595,1.5178919999999998,14.064108731634747
REDLAT_LO00945_Phonological.txt,122.68593978318052,34.262786,12.80784499999999,37.38121295798886,20.580680000000005,60.06715274116941,20.303466000000004,59.25807084105771,1.151475,3.3607162009534197
REDLAT_CU090_Phonological.txt,121.07593479215986,29.837087,24.678681999999995,82.71143225208276,30.967127000000005,103.78736704424264,3.134213999999994,10.504423571912344,2.024191000000009,6.7841441760048795
REDLAT_CU488_Phonological2.txt,104.88833491612858,24.834755000000005,1.7879970000000043,7.199575755830907,3.0020029999999958,12.087910671959499,23.046758,92.8004242441691,0.0,0.0
REDLAT_AF112_Fugu.txt,8.838201549342509,72.157576,67.12007200000001,93.01874552992192,1.3399280000000005,1.8569470792644147,5.037503999999998,6.9812544700780945,0.0,0.0
REDLAT_LO00608_Semantic2.txt,1.0012178594675305,59.616895,59.019999999999996,98.99878214053248,0.0,0.0,0.5968950000000053,1.0012178594675307,0.0,0.0
REDLAT_CU545_Semantic.txt,175.95794514801642,21.266796999999997,20.903089,98.28978477577043,37.056911,174.24772992378686,0.36370799999999814,1.7102152242295736,0.0,0.0
REDLAT_MA685_Semantic.txt,60.17059624465963,49.014678,35.127683999999995,71.6676828928673,15.605429999999997,31.838279137526918,10.810108000000012,22.054838348626937,3.0768859999999947,6.277478758505758
REDLAT_CU299_CraftIm.txt,46.120050010217206,9.258908,5.201357,56.1767867225811,0.21266200000000124,2.296836732798309,2.4815700000000005,26.801972759638613,1.5759809999999996,17.021240517780278
REDLAT_SL00294_CraftDe.txt,28.543977039648905,43.866925,33.34278,76.00892927872195,1.9972200000000004,4.552906318370846,10.524145000000004,23.991070721278053,0.0,0.0
REDLAT_AF261_Semantic.txt,27.61397750386515,64.957292,47.019999999999996,72.38602249613486,0.0,0.0,17.937291999999996,27.61397750386515,0.0,0.0
REDLAT_BE00172_Semantic2.txt,82.95314767234039,32.62717300000001,32.120953000000014,98.44847115623533,26.559046999999985,81.40161882857572,0.506219999999999,1.5515288437646706,0.0,0.0
REDLAT_CU389_Phonological.txt,61.76934788157673,37.872247,35.86812499999999,94.70820413692377,21.389318000000006,56.47755201850053,0.3615649999999999,0.9546964562203027,1.6425570000000036,4.337099406855906
REDLAT_BE00161_Semantic2.txt,123.28167607847722,26.48463100000002,25.726967000000016,97.13923142821962,31.89303299999998,120.42090750669684,0.7576640000000049,2.860768571780382,0.0,0.0
REDLAT_CU263_Phonological2.txt,15.340840289766625,59.80675,52.10953,87.12984738344751,1.4776379999999985,2.470687673214141,1.1743880000000022,1.9636378836837014,6.522831999999999,10.90651473286878
REDLAT_MA262_CraftDe.txt,69.74843835776574,39.38466099999999,13.021674999999998,33.06280838623951,1.1072000000000024,2.811246744005243,14.701860999999989,37.328900710863024,11.661125000000004,29.60829090289747
REDLAT_CU443_Phonological2.txt,101.64147670961353,32.28799999999998,22.483999999999995,69.63577799801787,23.014000000000014,71.2772547076314,5.091999999999994,15.770564915758166,4.7119999999999935,14.593657086223972
REDLAT_BN00148_Phonological.txt,83.93027807335805,33.995274,31.921473000000002,93.89973735761035,26.458526999999997,77.83001543096842,2.073800999999997,6.100262642389636,0.0,0.0
REDLAT_CU643_CraftIm.txt,59.57347323693853,24.072956000000012,22.516311000000005,93.53363583599784,12.78445099999999,53.10710907293638,0.19740700000000544,0.820036392705596,1.3592380000000013,5.646327771296557
REDLAT_MA469_CraftIm.txt,34.94375462808526,10.390366000000002,10.129791000000003,97.49214801480525,3.3702089999999982,32.43590264289052,0.26057499999999933,2.50785198519474,0.0,0.0
REDLAT_CU097_CraftDe.txt,49.411721244090835,55.78936800000002,33.769718,60.530741269555136,5.546837000000004,9.942462513645973,15.61620500000001,27.99136387420629,6.4034450000000085,11.477894856238569
REDLAT_SL00379_Phonological.txt,436.5343502090388,11.156787999999997,11.156787999999997,100.0,48.70321200000001,436.5343502090388,0.0,0.0,0.0,0.0
REDLAT_CU290_Phonological.txt,151.4564518792066,25.619589999999985,14.426268999999987,56.309523298382196,27.609201000000013,107.76597517758883,0.44879099999999916,1.7517493449348698,10.74453,41.93872735668294
REDLAT_MA246_CraftIm.txt,27.503113156768055,28.605208999999995,27.408943,95.8180134254569,6.671057000000002,23.32112658222495,1.196265999999996,4.181986574543106,0.0,0.0
REDLAT_AF190_Fugu.txt,10.149583962972612,41.570098,40.795453,98.1365331397583,3.444546999999999,8.286117102730907,0.7746449999999996,1.8634668602417044,0.0,0.0
REDLAT_CU639_Phonological2.txt,107.02747105448324,27.90915800000001,16.738545,59.97509849634301,18.699852999999994,67.00256955082625,8.329011000000012,29.843290148703193,2.8416019999999995,10.181611354953807
REDLAT_SL00442_CraftIm.txt,3.057726640979093,29.032713,28.362486,97.69147650789645,0.21751399999999999,0.7492031488755458,0.6702270000000006,2.3085234921035473,0.0,0.0
REDLAT_AF112_Phonological2.txt,462.6603536290486,10.389927,10.389927,100.0,48.070073,462.6603536290486,0.0,0.0,0.0,0.0
REDLAT_AF138_Fugu.txt,31.147469156511402,47.70107300000001,46.89169800000001,98.30323523330388,14.048301999999996,29.450704389815286,0.8093749999999957,1.6967647666961194,0.0,0.0
REDLAT_CU546_CraftDe.txt,21.98186744501169,13.720735999999999,13.152331,95.85732864476076,2.4476689999999994,17.83919608977244,0.5684049999999994,4.142671355239248,0.0,0.0
REDLAT_MA438_CraftDe.txt,117.9787578442308,10.610505000000002,5.058096,47.67064338596513,6.965732999999999,65.6494012301959,2.7962380000000002,26.353486474017963,2.756171000000002,25.97587014001691
REDLAT_MA617_Semantic2.txt,37.466751730022295,45.044073,44.49376099999999,98.77828099603693,16.326239000000008,36.24503272605923,0.550311999999997,1.2217190039630674,0.0,0.0
REDLAT_MA364_CraftIm.txt,20.197268580186815,24.748594,23.185027,93.6821986735893,3.4349729999999994,13.879467253776111,1.563567,6.317801326410704,0.0,0.0
REDLAT_CU308_Phonological2.txt,67.02122227082656,43.16031999999999,17.638615999999992,40.86766733888904,3.404870000000003,7.8888896097156,17.46519,40.46584918740177,8.056514,18.66648347370919
REDLAT_CU339_Fugu.txt,35.349509929204615,24.599201,21.576752,87.71322288069436,5.673247999999999,23.062732809898982,3.0224490000000017,12.28677711930563,0.0,0.0
REDLAT_CU226_Phonological2.txt,127.65169360983124,26.769683999999998,9.94582199999999,37.153303714754315,17.348093000000002,64.80499732458554,16.237777,60.65733536488515,0.5860850000000042,2.189360920360525
REDLAT_MA594_Semantic2.txt,19.63796462075962,55.526064999999996,53.690938,96.69501701588256,9.069061999999999,16.332981636642177,1.8351269999999917,3.3049829841174443,0.0,0.0
REDLAT_MA438_Semantic.txt,22.049686577571045,56.072407,45.56495699999999,81.26092571699303,1.856340000000003,3.310612294564068,5.008746999999998,8.932641325705882,5.498703000000006,9.806432957301094
REDLAT_CU648_Phonological.txt,125.24524889153514,27.996151,27.996151,100.0,35.063849000000005,125.24524889153514,0.0,0.0,0.0,0.0
REDLAT_MA344_Semantic2.txt,64.33000520734176,51.974695,48.092924,92.53142130030777,29.553552999999994,56.861426507649526,1.4482479999999855,2.786448289884117,2.433523000000015,4.68213040980811
REDLAT_AF241_CraftIm.txt,32.06156293459952,16.007554,15.647640999999998,97.75160527336031,4.772359000000001,29.813168207959823,0.35991300000000137,2.248394726639694,0.0,0.0
REDLAT_LO00793_CraftDe.txt,33.951915460464186,20.608204,20.465662,99.308324005333,6.854338,33.26023946579721,0.14254199999999972,0.6916759946669769,0.0,0.0
REDLAT_CU038_Fugu.txt,19.808361282691877,124.25151,123.29966099999999,99.23393365601753,23.660339000000015,19.042294938709407,0.9518490000000099,0.7660663439824674,0.0,0.0
REDLAT_CU184_Phonological.txt,84.91083858356234,33.900425999999996,28.736486000000003,84.76733006246,23.621196,69.67816864602233,3.4816219999999998,10.270142328004965,1.682317999999995,4.96252760953504
REDLAT_LO00578_Phonological.txt,184.92873204111206,86.946155,45.38777500000002,52.20216466156556,119.230042,137.13089670267763,4.89619700000001,5.631297899257316,36.66218299999998,42.16653743917713
REDLAT_BN00049_Semantic2.txt,21.18928035719387,52.378499000000005,51.66993600000001,98.64722545791166,10.390063999999992,19.836505815105525,0.708562999999998,1.3527745420883444,0.0,0.0
REDLAT_AF162_Fugu.txt,13.67047708019291,68.99146200000001,59.56,86.32952291980708,0.0,0.0,9.431462000000003,13.670477080192912,0.0,0.0
REDLAT_CU398_CraftIm.txt,27.716683733204366,27.027547999999996,26.488203999999996,98.00446566591982,6.9517960000000025,25.721149399124197,0.5393439999999994,1.9955343340801743,0.0,0.0
REDLAT_MA214_CraftDe.txt,16.451525710511827,27.621425999999996,23.962774,86.75429718943549,0.8854939999999987,3.2058228999473046,1.7869199999999994,6.469325660449246,1.8717319999999997,6.776377150115277
REDLAT_BN00145_Semantic.txt,126.2102129451962,27.221510999999992,26.672591999999995,97.98351017325967,33.807408,124.19372311845588,0.548918999999999,2.0164898267403277,0.0,0.0
REDLAT_MA605_Semantic2.txt,45.57925146774521,57.87721199999999,35.199999999999996,60.81840984323848,3.7027880000000053,6.397661310983683,6.020000000000005,10.401330319781135,16.657211999999994,28.780259836980395
REDLAT_CU485_Phonological2.txt,57.83599441503423,55.916547,27.508122,49.19495833675137,3.9314659999999932,7.030952751785609,21.658013,38.732743994367176,6.750412000000004,12.072297668881458
REDLAT_CU342_Phonological2.txt,1.0440409252852036,60.979123,60.361238,98.98672698195413,0.018762000000002388,0.030767907239338924,0.6178850000000001,1.013273018045865,0.0,0.0
REDLAT_AF469_Semantic2.txt,21.367045803589562,50.90852099999999,49.69543699999999,97.61712975319004,9.664563000000008,18.9841755567796,1.213084000000002,2.3828702468099636,0.0,0.0
REDLAT_SL00367_Fugu.txt,58.992897580547435,52.994054000000006,41.24621200000001,77.83177335328979,19.514886,36.82467093383722,8.488939999999998,16.018665037402116,3.2589020000000013,6.149561609308095
REDLAT_BN00115_Semantic.txt,49.789143714176845,41.45193000000002,39.67474300000001,95.71265559890695,18.861373999999987,45.5017993130838,0.9333040000000035,2.2515332820450173,0.8438830000000053,2.0358111190480273
REDLAT_CU406_Semantic2.txt,121.82562915876005,31.852492999999992,15.242809000000001,47.85436731749696,22.194816000000007,69.67999647625702,7.767308999999997,24.385246705807297,8.842374999999993,27.76038597669575
REDLAT_MA630_CraftDe.txt,300.0182478342645,4.603285999999999,2.265136000000001,49.206936088698406,11.472548000000002,249.22518392296294,0.355833999999998,7.729999830555783,1.982316,43.063064080745804
REDLAT_CU311_Phonological.txt,133.2152096661086,18.623420000000003,6.1424359999999965,32.98232011091408,12.328244,66.19752977702268,8.351664000000005,44.84495328999724,4.12932,22.172726599088673
REDLAT_MA730_Semantic2.txt,21.39112001353902,52.86048600000001,49.965325,94.52301479029155,8.41228899999999,15.914134803830576,1.112774999999999,2.1051168542037217,1.7823860000000042,3.371868355504722
REDLAT_MA285_Phonological2.txt,117.60696121021603,28.99541799999999,26.636283000000002,91.86376619919744,31.741495,109.47072740941348,0.8169129999999853,2.8173865263814637,1.5422220000000024,5.318847274421093
REDLAT_CU629_Semantic2.txt,45.04423089484984,48.054307,44.04430700000001,91.65527452097064,17.635692999999996,36.699505415820475,4.0099999999999945,8.34472547902937,0.0,0.0
REDLAT_AF138_Phonological.txt,194.56699967847112,19.338853999999998,17.965913,92.90060827802931,36.254087,187.46760795650044,1.3729409999999973,7.099391721970689,0.0,0.0
REDLAT_MA599_Semantic2.txt,35.499760158077116,53.714546,39.885616,74.25477635052523,5.239605000000004,9.754536508602351,3.4741510000000004,6.467802967188814,10.354779,19.27742068228595
REDLAT_BN00165_Semantic2.txt,69.21567546276465,34.40339899999999,33.87542699999999,98.46534931039805,23.28457300000001,67.68102477316272,0.5279720000000054,1.534650689601936,0.0,0.0
REDLAT_BE00161_CraftDe.txt,25.478694216790032,19.033236,18.591908,97.6812771091579,4.408092000000001,23.159971325947943,0.4413279999999979,2.3187228908420927,0.0,0.0
REDLAT_CU417_CraftDe.txt,30.9169334091841,15.298461000000003,14.694323,96.0509883968067,4.125676999999999,26.967921805990798,0.6041380000000028,3.9490116031933065,0.0,0.0
REDLAT_LO00881_CraftDe.txt,3.783576691155024,23.496471000000003,23.243732,98.92435336353275,0.6362679999999994,2.707930054687784,0.2527390000000005,1.07564663646724,0.0,0.0
REDLAT_CU421_Semantic2.txt,172.4896924217171,24.504786000000003,17.147453,69.97593449704068,34.91089699999999,142.46562691875778,2.775683000000003,11.327105651932659,4.581650000000003,18.696959851026662
REDLAT_MA569_Fugu.txt,86.95067250273455,40.76489000000001,22.770560000000003,55.85826430538633,17.451015999999996,42.80893680812089,1.1359059999999999,2.786481209688042,16.858424000000003,41.35525448492563
REDLAT_CU572_Phonological.txt,158.46586612281538,19.365584999999996,9.76616199999999,50.43050339042168,21.08841900000001,108.89636951323708,3.314003999999998,17.11285251646154,6.2854190000000045,32.45664409311676
REDLAT_MA348_Semantic.txt,19.66038289670158,68.98215599999999,55.419999999999995,80.33961710329842,0.0,0.0,13.562156000000002,19.66038289670158,0.0,0.0
REDLAT_MA246_CraftDe.txt,40.70814549710903,44.772381,44.013994000000004,98.30612761023364,17.467619000000003,39.014273107342675,0.6799999999999997,1.5187934722524579,0.0783870000000002,0.17507891751390262
REDLAT_SL00292_CraftIm.txt,82.7660370208491,32.310334,23.712305000000004,73.38922896928273,18.143954,56.15526599013183,1.3542879999999975,4.191501084451796,7.243740999999995,22.419269946265473
REDLAT_AF178_Semantic2.txt,81.62344792992388,34.931492999999996,29.386023999999995,84.12472950984375,22.966820000000006,65.74817743976763,1.0983129999999988,3.144191403442157,4.4471560000000006,12.731079086714104
REDLAT_MA272_Phonological2.txt,141.6979039285087,25.087026,23.869617999999996,95.14726058003046,34.330382,136.84516450853917,1.217408000000006,4.8527394199695335,0.0,0.0
REDLAT_BN00141_Phonological2.txt,32.42544774059712,40.55819400000001,39.843509,98.23787765303355,12.436490999999997,30.66332539363068,0.7146850000000022,1.7621223469664404,0.0,0.0
REDLAT_CU588_CraftIm.txt,79.32932441671481,8.853431,7.1950520000000004,81.26851612668581,5.3649879999999985,60.59784054340061,0.3984189999999994,4.500164964294626,1.2599600000000004,14.231318909019569
REDLAT_SL00352_Semantic.txt,120.19293665280173,26.383582,26.186190000000003,99.25183775273578,31.51381,119.4447744055375,0.197392,0.7481622472642266,0.0,0.0
REDLAT_LO00644_Fugu.txt,3.4991103502634466,87.339429,85.086663,97.42067697740502,0.8033369999999999,0.919787327668469,2.252765999999994,2.5793230225949775,0.0,0.0
REDLAT_CU065_CraftDe.txt,47.40054175481812,76.14403900000002,44.936064,59.01455266905397,4.8847119999999915,6.415094423872091,12.638751000000015,16.59847726228446,18.569224,24.386970068661572
REDLAT_MA217_Fugu.txt,10.43287684515745,23.596156999999998,21.900197,92.81255841788135,0.765798,3.2454352630388072,1.0019549999999988,4.246263491126961,0.694005,2.9411780909916816
REDLAT_SL00425_CraftIm.txt,33.10305935624401,50.58221,46.203751000000004,91.34387564323504,12.365799999999995,24.446934999479055,0.14800999999999961,0.29261275851727236,4.230449,8.363511598247683
REDLAT_LO00616_Phonological.txt,110.60325605620727,28.135017999999988,19.621116,69.73912723283138,22.604344,80.34238328903864,4.249361999999984,15.10346288031515,4.264540000000004,15.157409886853479
REDLAT_MA483_CraftDe.txt,40.57824910236726,10.971915000000001,7.053133000000002,64.2835184195284,0.5334289999999999,4.8617675218956755,2.9053439999999995,26.479825992089797,1.0134379999999998,9.236655588381788
REDLAT_SL00379_Phonological2.txt,176.30027952738214,21.877642000000016,19.92364900000002,91.06853928773496,36.61635099999999,167.3688188151171,1.953992999999997,8.93146071226504,0.0,0.0
REDLAT_MA449_CraftIm.txt,48.947109543780485,11.50718,11.377374000000001,98.8719564654416,5.502626,47.81906600922207,0.12980599999999853,1.1280435345584108,0.0,0.0
REDLAT_CU444_CraftIm.txt,24.803005587267247,9.666264,8.61437,89.1178846346427,1.3456300000000012,13.920890221909946,1.0518940000000012,10.8821153653573,0.0,0.0
REDLAT_MA461_Phonological.txt,109.56849689373227,31.093264000000012,28.62242100000001,92.05344604541999,31.597578999999985,101.62194293915228,2.470843000000002,7.946553954580005,0.0,0.0
REDLAT_BN00112_Semantic.txt,76.35485453408903,32.940123,32.37437,98.28248060883075,24.585630000000002,74.63733514291978,0.5657530000000008,1.7175193911692461,0.0,0.0
REDLAT_CU317_Semantic.txt,67.2858205018579,33.61071,32.934245999999995,97.98735581604791,21.938778000000003,65.27317631790582,0.08948800000000001,0.2662484666345936,0.5869759999999999,1.746395717317486
REDLAT_BE00131_Phonological2.txt,75.93338293867905,28.55875,14.213125000000002,49.76802205978904,7.340000000000003,25.70140499846808,6.568750000000001,23.00083161903095,7.776874999999997,27.231146321180013
REDLAT_MA228_Semantic2.txt,78.2446878305298,31.940199,21.154345,66.23109956202839,14.205655000000002,44.4757873925582,10.785854,33.768900437971595,0.0,0.0
REDLAT_CU038_CraftDe.txt,7.224518947054046,30.513741000000003,28.404635000000003,93.08801238104499,0.09536499999999748,0.3125313280990275,2.1091060000000015,6.911987618955019,0.0,0.0
REDLAT_LO00866_Semantic2.txt,74.40798496649957,37.77057800000001,24.417192000000004,64.64606392838363,14.750939999999993,39.05404889488318,13.241518000000006,35.057758448917575,0.11186800000000008,0.29617762269881087
REDLAT_CU404_Phonological2.txt,283.5667559169479,17.72057900000002,16.375454000000023,92.40924915602366,48.90454599999998,275.97600507297153,1.3451249999999977,7.590750843976352,0.0,0.0
REDLAT_CU547_Phonological.txt,69.66946998432879,50.881854,21.866368,42.97478625680582,6.433632000000003,12.644256241134615,29.015485999999996,57.02521374319418,0.0,0.0
REDLAT_CU317_Phonological2.txt,141.02697158951756,27.437759999999997,20.825725,75.90169532789848,32.08260700000001,116.92866691741605,0.3803669999999997,1.3862902802561132,6.231667999999999,22.7120143918454
REDLAT_CU334_Fugu.txt,36.566958162566614,38.27761100000001,34.445384000000004,89.98833286643725,10.164730999999996,26.555291029003858,1.2423420000000016,3.2456100773896295,2.5898850000000024,6.76605705617313
REDLAT_CU239_Phonological.txt,150.5194725261134,24.51708100000001,10.667050000000016,43.50864607413913,23.05294999999999,94.02811860025251,13.850030999999996,56.49135392586087,0.0,0.0
REDLAT_CU379_CraftDe.txt,49.569761863868536,9.676734000000002,4.880000000000001,50.430238136131464,0.0,0.0,4.796734000000001,49.569761863868536,0.0,0.0
REDLAT_CU372_CraftDe.txt,13.157029589875005,31.372825999999996,31.107547,99.15443065282038,3.8624530000000012,12.311460242695388,0.26527899999999716,0.8455693471796171,0.0,0.0
REDLAT_CU127_Semantic2.txt,68.78998058242435,49.767284000000004,28.218154000000013,56.70020891636363,12.685774999999992,25.49018949878798,3.423058999999995,6.878131022781944,18.126070999999996,36.42166006085443
REDLAT_LO00526_Phonological.txt,135.52796333106855,20.17839,12.533161999999999,62.11180376630643,19.702133,97.63976709737496,3.3005230000000036,16.356721225033333,4.344704999999998,21.531475008660244
REDLAT_CU184_CraftDe.txt,8.512943921746304,25.620056,24.281029,94.77352040136054,0.841993999999998,3.2864643231068578,0.482050000000001,1.8815337484039885,0.8569770000000005,3.344945850235458
REDLAT_CU307_CraftIm.txt,118.27193129555297,26.518690999999997,24.055832,90.71274294798339,28.90130899999999,108.98467424353636,0.0,0.0,2.4628589999999995,9.287257052016631
REDLAT_CU415_Phonological2.txt,46.57896664741531,43.325038000000006,41.095307999999996,94.85348402925807,17.950625000000002,41.43245067667338,0.4956630000000077,1.1440566999618271,1.7340670000000031,4.002459270780104
REDLAT_MA731_Fugu.txt,24.028622308906975,36.250884000000006,36.01514800000001,99.34970965121845,8.474851999999995,23.378331960125422,0.23573599999999573,0.6502903487815516,0.0,0.0
REDLAT_CU434_Fugu.txt,21.321240876587733,35.560570999999996,34.229307999999996,96.25635088930377,6.250692000000003,17.57759176589151,1.3312629999999999,3.743649110696226,0.0,0.0
REDLAT_MA594_CraftIm.txt,89.86904561085522,17.754655000000007,13.577164000000009,76.47100999709656,11.778447999999996,66.34005560795178,3.413103000000002,19.22370781071218,0.7643879999999967,4.305282192191267
REDLAT_CU452_CraftDe.txt,3.3441207659035244,43.99347699999999,42.801141,97.28974365904293,0.2788590000000002,0.6338644249464535,1.1923359999999903,2.710256340957071,0.0,0.0
REDLAT_SL00292_Phonological2.txt,191.26762099429806,16.999892000000003,12.960496,76.23869610465758,28.475893,167.50631709895566,1.5557850000000024,9.151734611019895,2.483611,14.609569284322507
REDLAT_CU008_CraftDe.txt,65.97150930238274,40.585247,28.099416999999992,69.23554512308374,14.28887,35.207054425466474,4.3741170000000045,10.77760349715256,8.111713000000005,19.9868513797637
REDLAT_LO00644_Phonological2.txt,180.48115999096862,21.454236,20.346691000000007,94.83763952256331,37.613308999999994,175.31879951353193,1.107544999999994,5.162360477436688,0.0,0.0
REDLAT_SL00361_CraftIm.txt,74.60190426130066,29.838237000000007,25.168040000000005,84.34828103282375,17.589695999999993,58.95018529412441,1.3879329999999999,4.651524820316963,3.282264,11.000194146859277
REDLAT_MA690_Phonological2.txt,218.6807257878341,19.982093000000006,12.615973999999998,63.136399175001316,36.330867,181.8171249628354,4.332960000000003,21.684214961866115,3.033159000000005,15.179385863132577
REDLAT_CU421_Phonological2.txt,204.80710924151794,16.781312000000014,14.655996000000014,87.33522146540152,32.24400399999999,192.1423307069195,2.125315999999998,12.664778534598463,0.0,0.0
REDLAT_MA611_Semantic.txt,128.6161007829151,26.314857000000003,26.314857000000003,100.0,33.84514299999999,128.6161007829151,0.0,0.0,0.0,0.0
REDLAT_SL00355_Phonological2.txt,327.8386600109212,13.357482000000001,12.463246000000002,93.30535500628038,42.896754,321.1440150172016,0.8942359999999994,6.69464499371962,0.0,0.0
REDLAT_CU127_Phonological2.txt,38.29847920067327,48.779151,43.49832699999999,89.17401411926991,13.400848999999997,27.472493319943183,0.3,0.6150168542293818,4.980824000000009,10.210969026500706
REDLAT_MA439_Phonological2.txt,233.93850000818665,16.429302999999997,16.162419,98.37556103262568,38.167581000000006,232.31406104081233,0.2668840000000001,1.624438967374332,0.0,0.0
REDLAT_CU065_CraftIm.txt,20.17524623271821,68.802392,57.32066999999998,83.31203077939497,2.399330000000006,3.4872770121131924,8.901721999999994,12.938099593979224,2.5800000000000125,3.7498696266257903
REDLAT_CU338_Phonological.txt,100.07598115878696,36.70252,18.601807999999984,50.68264522436058,18.629695,50.758626383147536,5.5522149999999995,15.12761249091343,12.548497000000017,34.189742284726
REDLAT_AF228_CraftIm.txt,21.104160934577088,24.224005000000002,23.495866,96.99414279348109,4.384134000000001,18.098303728058184,0.728139,3.0058572065189053,0.0,0.0
REDLAT_CU463_CraftIm.txt,28.517648627194355,33.005399999999995,30.356517999999994,91.97439812879105,6.763482000000004,20.492046755985402,2.6488819999999995,8.025601871208952,0.0,0.0
REDLAT_CU279_Semantic.txt,106.66785082585753,29.416090000000008,25.510752000000004,86.72380319750177,27.472172999999998,93.3916540233593,1.2582630000000028,4.277465155974171,2.647075000000001,8.998731646524064
REDLAT_CU591_CraftDe.txt,3.146732282265321,31.876973,31.596917,99.12144732186461,0.7230270000000019,2.268179604129921,0.17999999999999972,0.5646709303295508,0.10005599999999859,0.31388174780584904
REDLAT_MA475_Semantic.txt,16.44897542455709,53.272163,52.714719,98.95359232926211,8.205281,15.402567753819195,0.5574439999999958,1.046407670737897,0.0,0.0
REDLAT_MA629_Fugu.txt,30.46812321321626,7.079759999999999,6.811345,96.20869916494345,1.888655,26.676822378159713,0.2684149999999993,3.791300835056546,0.0,0.0
REDLAT_BE00160_Semantic2.txt,218.66565230558962,10.744366000000003,8.105064000000004,75.43547939450315,20.854935999999995,194.10113170009276,2.6393019999999976,24.564520605496845,0.0,0.0
REDLAT_MA439_Fugu.txt,1.8222784655427455,42.974387,42.475637,98.83942498121031,0.284363,0.6617034467530625,0.49875000000000114,1.160575018789683,0.0,0.0
REDLAT_SL00364_Phonological.txt,59.88064006909713,40.369829,36.825100000000006,91.219360874677,20.628982999999998,51.10000094377412,3.5388119999999996,8.765982139780675,0.00591699999999995,0.014656985542346363
REDLAT_AF272_Semantic2.txt,118.04383438342508,27.179212000000007,20.787490999999996,76.48305256237741,25.691663,94.52688694580252,4.11087500000001,15.125070587035449,2.2808459999999977,8.391876850587122
REDLAT_AF230_Phonological2.txt,299.5188204046949,12.35650900000001,10.507542000000008,85.03649372164905,35.16110299999999,284.55531412634394,1.2176120000000026,9.854012974052798,0.6313550000000001,5.1094933042981605
REDLAT_MA438_CraftIm.txt,86.7353061033528,30.425948999999985,21.405948000000002,70.35424926269354,17.370039000000013,57.08955536604633,4.145987999999991,13.626487048933111,4.874012999999991,16.019263688373346
REDLAT_MA354_Semantic2.txt,90.01270994759606,39.439187000000004,14.982075999999998,37.98779117835262,11.043170000000005,28.000501125948674,13.102357000000014,33.221671126232934,11.354753999999994,28.790537695414443
REDLAT_CU302_Semantic2.txt,126.94758020021501,27.277670000000008,20.739935000000003,76.03264868297035,28.090607,102.98022888318538,0.5082770000000041,1.8633446331743286,6.029457999999998,22.104006683855317
REDLAT_CU547_Semantic.txt,37.95140758290342,48.134465,40.683379,84.52026837734668,10.816620999999998,22.4716759602501,7.4510859999999965,15.479731622653325,0.0,0.0
REDLAT_MA359_Fugu.txt,24.077000810225787,67.576224,67.092948,99.28484314246384,15.787052000000003,23.36184395268964,0.4832759999999894,0.7151568575361497,0.0,0.0
REDLAT_MA463_Fugu.txt,75.08649116606625,31.458126000000007,20.645370000000003,65.62809876214494,12.808046999999995,40.71458992821121,8.226173000000001,26.14959645085025,2.586583,8.222304787004793
REDLAT_MA378_Phonological.txt,137.9117381630098,25.316423000000007,24.421052000000003,96.46327998232609,34.018947999999995,134.37501814533587,0.8953710000000084,3.5367200176739346,0.0,0.0
REDLAT_MA221_Phonological.txt,137.06064485251608,26.209776000000005,23.998337,91.56254139676736,33.711848999999994,128.62318624928344,0.601625000000003,2.295422135618415,1.6098140000000019,6.142036467614227
REDLAT_BN00162_Semantic.txt,2.289129442706554,61.717304999999996,61.652257999999996,99.89460492482618,1.3477420000000038,2.1837343675327427,0.06504700000000024,0.10539507517381105,0.0,0.0
REDLAT_SL00278_Semantic.txt,199.5164030505832,40.77134900000003,23.064632000000028,56.570686439636845,63.63881199999997,156.08708949022002,3.0001610000000003,7.358503148865637,14.706556000000004,36.07081041149753
REDLAT_SL00282_Semantic2.txt,84.51359551162048,48.51924799999998,38.408622,79.16161849829167,30.894735000000008,63.675214009912146,1.8339829999999897,3.779908130480486,8.276642999999993,17.058473371227837
REDLAT_MA737_Fugu.txt,9.946515071952426,33.8974,32.692895,96.44661537463051,2.1671049999999985,6.39313044658292,1.2045050000000026,3.5533846253695054,0.0,0.0
REDLAT_CU279_Phonological.txt,48.37054446423199,51.20949800000002,38.909393,75.98081316868208,12.47020799999999,24.351357632914088,4.509706000000007,8.806385877869776,7.790399000000006,15.212800953448134
REDLAT_CU172_Semantic2.txt,46.11440998438659,51.879160999999996,34.907696,67.2865469046425,6.952303999999996,13.400956889029096,16.971464999999995,32.71345309535749,0.0,0.0
REDLAT_MA273_Semantic2.txt,83.50342997722367,31.010410000000014,25.847827000000013,83.35209692487136,20.73217299999998,66.85552690209504,5.162583,16.64790307512863,0.0,0.0
REDLAT_MA766_CraftDe.txt,31.275809654370267,30.033093,20.64,68.72419034562974,0.0,0.0,4.633093000000001,15.426626221947904,4.760000000000002,15.849183432422366
REDLAT_MA458_CraftIm.txt,2.9191326053210926,35.080455,34.688205,98.88185600785395,0.6317949999999986,1.800988613175053,0.3922499999999948,1.1181439921460392,0.0,0.0
REDLAT_MA627_Semantic2.txt,32.397518110868745,40.51462199999999,40.07444499999998,98.91353546381352,12.68555500000001,31.311053574682283,0.44017699999999993,1.0864645361864662,0.0,0.0
REDLAT_CU307_Semantic2.txt,121.91195367295246,36.107287,12.752680000000002,35.318854058461945,20.664491999999996,57.23080773141442,10.97177899999999,30.38660589481561,12.382828000000005,34.294540046722446
REDLAT_CU471_CraftIm.txt,30.272842450790616,20.601303,19.467837999999997,94.49809072756221,5.103135,24.77093317835284,0.4844380000000008,2.351492039120054,0.649027,3.150417233317717
REDLAT_BE00172_Fugu.txt,7.423615420526228,59.864079000000004,55.42,92.57638457947377,0.0,0.0,1.3440790000000042,2.245217870970677,3.1,5.178397549555552
REDLAT_CU434_Semantic2.txt,138.20196685993162,12.874023000000012,6.948169000000007,53.970456631932386,11.866298999999987,92.17242349186402,4.440322000000005,34.4905551279503,1.4855319999999992,11.53898824011731
REDLAT_BE00146_Semantic.txt,58.43963676998211,42.027803999999996,39.44845399999999,93.8627533334837,21.98154600000001,52.30239010346581,2.5793500000000025,6.137246666516296,0.0,0.0
REDLAT_BN00102_Semantic.txt,423.67613704474553,11.119900999999993,10.733766999999995,96.52754102756852,46.72623300000001,420.2036780723141,0.3861339999999984,3.472458972431487,0.0,0.0
REDLAT_CU367_Phonological2.txt,45.73452085651453,51.396723,32.590339,63.40937144961557,4.699660999999999,9.143892306130098,12.706384,24.722167598117103,6.100000000000001,11.868460952267329
REDLAT_MA438_Phonological2.txt,215.98113591225686,16.931431000000003,13.87136700000001,81.9267255083165,33.508632999999996,197.9078614205733,1.9200639999999893,11.340234620452275,1.1400000000000041,6.7330398712312265
REDLAT_MA247_Phonological.txt,100.7518365220447,33.41710499999998,32.32437899999999,96.7300399002248,32.575621000000005,97.48187642226945,1.0927259999999939,3.2699600997752336,0.0,0.0
REDLAT_AF190_Phonological.txt,82.42743529744983,27.058747999999998,24.157458,89.2778113754561,19.402542000000004,71.70524667290594,2.9012899999999977,10.722188624543893,0.0,0.0
REDLAT_MA583_Phonological2.txt,45.859788760340145,42.302757,38.95654199999999,92.0898418039278,16.053740000000005,37.94963056426796,2.1564970000000017,5.097769395975779,1.1897179999999998,2.8123888000964095
REDLAT_MA422_CraftDe.txt,37.492023729793914,33.007282,21.576092000000006,65.36767250329794,0.9439080000000004,2.8596962330918387,2.011189999999996,6.093170591871201,9.419999999999996,28.53915690483087
REDLAT_MA727_CraftIm.txt,54.05594330286079,26.836062999999996,26.414788,98.43019074742821,14.085212,52.48613405028898,0.42127499999999996,1.56980925257181,0.0,0.0
REDLAT_MA611_CraftIm.txt,31.64410121461995,13.294364,10.153741,76.37628246074803,1.0662589999999978,8.020383675367983,3.1406229999999997,23.62371753925197,0.0,0.0
REDLAT_SL00281_CraftDe.txt,18.22676707624376,26.951214,24.660346,91.49994504885754,2.6214669999999987,9.726712125101297,1.0526809999999998,3.905876002468756,1.2381870000000001,4.594178948673704
REDLAT_CU008_Phonological2.txt,105.11419506543866,25.309280999999995,24.482816999999997,96.73454176750418,25.777183000000004,101.84873683294286,0.8264639999999976,3.2654582324958095,0.0,0.0
REDLAT_BE00160_Phonological2.txt,174.52957937057104,13.627910000000007,12.761588000000003,93.64303110308181,22.918411999999996,168.17261047365287,0.8663220000000038,6.356968896918188,0.0,0.0
REDLAT_AF107_Phonological2.txt,181.50756419961317,21.816914999999984,20.648781999999994,94.64574620197222,38.431218000000015,176.1533104015854,1.1681329999999903,5.3542537980277745,0.0,0.0
REDLAT_MA273_Semantic.txt,82.1231078511646,33.07225299999999,33.001218999999985,99.78521572146897,27.08892800000001,81.90832357263359,0.0011810000000025411,0.0035709692956283974,0.069853,0.21121330923538842
REDLAT_CU314_Semantic2.txt,123.49326500687594,23.373669,11.316948999999996,48.41751203031067,16.808187000000007,71.91077703718662,7.721856000000004,33.0365592154146,4.334864,18.545928754274733
REDLAT_CU477_Phonological.txt,85.94710348201814,40.17667100000002,21.145451000000012,52.631167475274395,15.499464999999981,38.57827095729254,7.956135999999998,19.80287515608248,11.07508400000001,27.56595736864312
REDLAT_SL00339_Phonological.txt,187.3509651979304,19.954819,13.926843999999997,69.79188335409104,31.357571000000004,157.14284855202146,2.0723900000000013,10.38541116308798,3.955585,19.822705482820968
REDLAT_CU436_Fugu.txt,45.32096601241166,15.584189,14.623548000000001,93.83579729429617,6.102263999999998,39.15676330670783,0.7464529999999989,4.7898097231751935,0.21418800000000005,1.3743929825286387
REDLAT_MA221_CraftDe.txt,137.53050325178106,21.326005000000006,10.243038000000006,48.030739934647876,18.246794999999995,85.56124318642891,2.312800000000001,10.844975418509001,8.770166999999999,41.12428464684312
REDLAT_MA619_Phonological2.txt,461.8146037936294,10.845497000000007,10.23970400000001,94.41433619870075,49.48029599999999,456.2289399923301,0.6057929999999979,5.585663801299263,0.0,0.0
REDLAT_MA602_Semantic2.txt,33.08419008548669,52.69124,42.956008000000004,81.52400285132785,7.697237999999999,14.608192936814541,7.668477999999997,14.55361080893142,2.0667539999999995,3.922386339740723
REDLAT_CU419_CraftDe.txt,68.23237784134099,13.499083999999996,13.149168999999997,97.40786115561619,8.860831000000005,65.64023899695718,0.3499149999999993,2.592138844383807,0.0,0.0
REDLAT_MA487_Semantic.txt,185.67425102007132,21.158077000000006,20.956488000000007,99.04722437677111,39.08351199999999,184.72147539684244,0.20158900000000002,0.9527756232288973,0.0,0.0
REDLAT_MA479_Fugu.txt,2.4690048575915196,63.508016000000005,61.940000000000005,97.53099514240849,0.0,0.0,1.5680159999999996,2.4690048575915196,0.0,0.0
REDLAT_MA560_Phonological.txt,58.14241593745755,38.873051000000004,37.42565999999999,96.2766210452583,21.15434,54.419036982715866,1.4473909999999997,3.723378954741678,0.0,0.0
REDLAT_MA619_Phonological.txt,134.25156239769817,25.903776000000015,25.903776000000015,100.0,34.776223999999985,134.25156239769817,0.0,0.0,0.0,0.0
REDLAT_CU572_Semantic.txt,56.81828232372599,52.394214999999996,25.914928000000003,49.46143004528268,3.290205999999994,6.279712369008667,11.194420999999991,21.365757650916215,15.284866000000001,29.172812303801102
REDLAT_MA412_Phonological2.txt,161.9589082766322,25.47715,13.094343999999994,51.39642385431649,28.879707999999994,113.35533213094867,3.9768580000000004,15.609508912888607,8.405948000000006,32.9940672327949
REDLAT_CU381_Semantic.txt,141.68191109333594,25.521349000000008,11.347573000000006,44.46306110229519,21.985358999999992,86.14497219563114,13.726707999999999,53.78519763982693,0.447068,1.7517412578778648
REDLAT_CU231_CraftIm.txt,66.36465441540496,24.184338999999994,17.547242999999998,72.55622326498154,9.412757000000001,38.92087768038648,6.637095999999996,27.443776735018464,0.0,0.0
REDLAT_MA595_Semantic2.txt,175.96860110268352,21.009654999999995,16.912894,80.50057937648194,32.873635,156.46918047916546,2.6232899999999986,12.48611650215103,1.4734709999999964,7.0133041213670415
REDLAT_CU290_Phonological2.txt,181.9160190269158,25.965953,15.736944999999995,60.60607519392797,37.007220000000004,142.52209422084374,2.8931730000000027,11.142179145129019,7.335835000000001,28.25174566094301
REDLAT_MA559_Fugu.txt,16.86273165198963,61.596924,51.21000000000001,83.13726834801038,0.0,0.0,6.16692399999999,10.011740196637076,4.220000000000006,6.850991455352553
REDLAT_CU549_Phonological2.txt,157.46994307836266,23.193991999999998,9.381084000000005,40.4461810627511,22.710658,97.91612414111378,6.944649999999989,29.941590046249864,6.868258000000004,29.612228890999035
REDLAT_BE00146_Phonological.txt,130.267078519148,23.732122,17.908490000000004,75.46097226366864,25.091509999999996,105.72805078281661,5.8236319999999955,24.539027736331356,0.0,0.0
REDLAT_CU298_Semantic.txt,17.209930246390854,45.033082,42.81146,95.06668897323082,5.528539999999996,12.27661921962169,2.221622,4.933311026769164,0.0,0.0
REDLAT_CU008_Phonological.txt,181.6613092459511,19.862791999999992,15.649891999999987,78.78999085324959,31.87010800000001,160.45130009920067,4.072900000000006,20.505173693607663,0.13999999999999968,0.7048354531427391
REDLAT_MA742_CraftDe.txt,24.64804880393607,21.687594999999998,20.731013,95.58926658303977,4.388987000000001,20.237315386975833,0.9565819999999974,4.410733416960237,0.0,0.0
REDLAT_AF172_Phonological.txt,320.03798182499224,15.433171000000005,14.850581000000007,96.22507908452515,48.80941899999999,316.2630609095174,0.5825899999999978,3.7749209154748407,0.0,0.0
REDLAT_CU382_Semantic.txt,41.036339762051796,42.598848,41.938919999999996,98.45083134642515,16.82108,39.48717110847693,0.6599280000000026,1.5491686535748634,0.0,0.0
REDLAT_BN00115_Semantic2.txt,54.21533085046494,40.31224499999999,36.938413999999995,91.63075388135789,18.481586000000007,45.84608473182283,3.3738309999999956,8.369246118642106,0.0,0.0
REDLAT_MA743_Phonological.txt,4.049624322295765,59.405708,57.0,95.95037567770424,0.0,0.0,2.4057080000000006,4.049624322295765,0.0,0.0
REDLAT_CU433_Fugu.txt,40.00521701149092,52.75817400000001,51.253940000000014,97.14881337629312,19.601787999999985,37.15403038778405,1.4999619999999965,2.8430893002475712,0.0042719999999998315,0.008097323459299085
REDLAT_BN00170_Semantic2.txt,14.423463714710952,53.798097000000006,52.009274,96.67493257242907,5.970725999999999,11.098396287140043,1.7888230000000025,3.3250674275709087,0.0,0.0
REDLAT_MA612_Fugu.txt,40.99137587982412,19.889913000000004,17.558381999999998,88.2778220296891,5.821618,29.269197909513224,0.9715310000000034,4.884541224489032,1.3599999999999994,6.83763674582186
REDLAT_CU436_Phonological2.txt,293.15492906652025,12.680190000000001,8.863794000000004,69.90269073255213,33.356206,263.05761979907237,3.8163959999999975,30.097309267447862,0.0,0.0
REDLAT_MA577_Semantic.txt,39.98134185069088,50.479819000000006,36.987299,73.271457253046,6.689989000000009,13.252799103736896,8.069808000000002,15.986206289685786,5.422712000000001,10.7423364572682
REDLAT_MA637_Phonological.txt,20.141800759962557,45.03643,37.012640999999995,82.18378099685076,1.0473590000000002,2.325581756813318,8.023789000000006,17.81621900314924,0.0,0.0
REDLAT_LO00686_Fugu.txt,1.7149572647303015,165.690776,164.234625,99.12116351003147,1.3853750000000105,0.836120774761783,1.4561510000000002,0.8788364899685183,0.0,0.0
REDLAT_LO00728_Fugu.txt,67.85038347315081,24.59754999999999,14.166292,57.592288662895314,6.258274000000008,25.442672136046113,3.9158240000000006,15.919569225390342,6.515433999999992,26.488142111714357
REDLAT_CU231_CraftDe.txt,120.3012339541329,26.26961500000001,17.049018000000004,64.9001441399122,22.382073999999996,85.20137809404511,6.801689000000005,25.89184881468572,2.418908000000002,9.208007045402077
REDLAT_MA616_Phonological.txt,460.7992309260532,4.085953000000001,2.2679659999999995,55.50641429306698,17.010053,416.3056452191201,0.21600599999999992,5.286551264784491,1.6019810000000012,39.207034442148526
REDLAT_CU359_Fugu.txt,14.819414822046314,27.702855,24.999589000000004,90.2419227187956,1.4021350000000035,5.061337540841922,1.7449899999999978,6.29895366380107,0.9582759999999979,3.4591236174033253
REDLAT_SL00296_Fugu.txt,3.455140667696941,85.49756100000002,84.85175000000001,99.24464394955079,2.308249999999995,2.6997846172477296,0.6458110000000055,0.7553560504492114,0.0,0.0
REDLAT_CU156_Fugu.txt,35.77371493193427,72.62276800000001,59.32034000000001,81.68284084131852,12.677433999999991,17.456555773252806,4.540201999999998,6.251761155675032,8.762225999999998,12.065398003006436
REDLAT_CU446_Phonological2.txt,314.3068985637916,14.409607999999999,14.409607999999999,100.0,45.290392,314.3068985637916,0.0,0.0,0.0,0.0
REDLAT_SL00364_CraftIm.txt,24.950889407076847,28.653696,28.512172,99.50608815002435,7.007828000000002,24.45697755710119,0.14152399999999998,0.493911849975654,0.0,0.0
REDLAT_BN00170_CraftDe.txt,23.4441225599281,22.560196000000005,22.295578000000003,98.82705806279341,5.024421999999996,22.27118062272152,0.26461800000000224,1.1729419372065837,0.0,0.0
REDLAT_AF272_Semantic.txt,157.73061884674289,21.88627500000001,20.98245900000001,95.8703982290271,33.61754099999999,153.60101707576996,0.9038159999999991,4.129601770972898,0.0,0.0
REDLAT_CU591_CraftIm.txt,44.580276369237254,34.192011,24.819215,72.5877603396887,5.870097000000001,17.168036708925953,6.852108000000001,20.040084802265653,2.520688,7.372154858045641
REDLAT_SL00281_Fugu.txt,30.388656012310484,52.43263800000001,52.03953200000001,99.25026469200347,15.540467999999992,29.638920704313957,0.39310600000000306,0.749735307996525,0.0,0.0
REDLAT_MA417_Semantic.txt,12.731473371744556,57.03021,53.874711999999995,94.46697110180727,4.105288000000002,7.198444473551827,3.155497999999999,5.533028898192728,0.0,0.0
REDLAT_SL00344_Fugu.txt,97.09677864029153,23.213800000000006,17.831974000000002,76.81626446337953,17.158026,73.91304310367107,5.381826000000004,23.183735536620468,0.0,0.0
REDLAT_CU578_CraftDe.txt,11.645736797550486,12.782609,12.65699,99.01726634992903,1.3630099999999998,10.663003147479515,0.12561900000000037,0.9827336500709704,0.0,0.0
REDLAT_CU097_Phonological2.txt,450.3814696214047,9.199552999999995,5.115038999999996,55.60095148101216,37.348568,405.9824211024168,1.888120999999999,20.52405154902635,2.1963930000000005,23.874996969961494
REDLAT_BN00148_CraftIm.txt,0.4692684477192763,14.246856000000001,14.18,99.53073155228073,0.0,0.0,0.06685600000000058,0.4692684477192762,0.0,0.0
REDLAT_SL00425_CraftDe.txt,39.340072086975006,28.281392000000007,27.917736000000016,98.71415098662756,10.762263999999988,38.05422307360254,0.36365599999999687,1.2858490133724563,0.0,0.0
REDLAT_LO00827_Semantic.txt,115.0483178956815,24.958350999999997,20.842094,83.5074961482832,24.597906000000002,98.5558140439647,4.1162569999999965,16.492503851716794,0.0,0.0
REDLAT_MA566_CraftDe.txt,22.340111597118764,30.718535000000006,29.47799000000001,95.961574990474,5.6220099999999915,18.30168658759277,1.2405449999999962,4.038425009525994,0.0,0.0
REDLAT_CU399_Phonological.txt,244.0238565654079,15.609791000000016,14.918386000000016,95.57069662239553,37.40020899999999,239.59455318780343,0.0,0.0,0.6914049999999996,4.429303377604472
REDLAT_CU500_Fugu.txt,46.98725492544126,18.288006000000003,17.427487,95.29462643439638,7.732512999999997,42.281881359837676,0.8605189999999984,4.705373565603589,0.0,0.0
REDLAT_AF261_Semantic2.txt,35.87446126467473,45.618876,45.146675,98.96489996816231,15.893324999999999,34.839361232837035,0.4722009999999983,1.0351000318376944,0.0,0.0
REDLAT_CU012_Semantic.txt,178.3251268472471,22.533599,21.905265,97.2115683784024,39.554735,175.5366952256495,0.6283340000000011,2.7884316215976024,0.0,0.0
REDLAT_BN00141_CraftIm.txt,49.83039264104346,33.156875000000014,32.217337000000015,97.16638555352398,15.582662999999986,46.99677819456743,0.9395380000000001,2.833614446476032,0.0,0.0
REDLAT_MA611_Fugu.txt,50.46605262473574,23.726826999999997,14.616416999999993,61.6029147091602,2.8635830000000015,12.06896733389594,6.4904100000000025,27.354732261502996,2.620000000000001,11.042353029336798
REDLAT_BE00134_CraftIm.txt,57.94147460263769,13.912113999999999,13.345614999999999,95.92801640354585,7.494385,53.86949100618354,0.5664990000000008,4.071983596454146,0.0,0.0
REDLAT_CU653_CraftDe.txt,26.526779572089822,23.809248999999998,23.346711,98.05731797756411,5.853289,24.58409754965392,0.46253799999999884,1.9426820224358983,0.0,0.0
REDLAT_CU327_CraftDe.txt,71.09596866936575,2.419102,0.7805779999999998,32.267262810745464,0.0813600000000001,3.3632314801112186,1.1704620000000001,48.38415246649377,0.468062,19.34858472276076
REDLAT_BE00149_Phonological.txt,93.77642943208966,42.02417200000001,41.85770200000001,99.60387083890672,39.24229799999999,93.38030027099639,0.16647,0.39612916109328694,0.0,0.0
REDLAT_BE00187_CraftIm.txt,46.72432986236532,17.244853,15.440411,89.53634455451723,6.2531,36.26067441688253,0.7179530000000014,4.163288605591485,1.0864890000000003,6.300366839891302
REDLAT_AF152_Phonological2.txt,174.8676848693443,21.965175000000002,21.437591000000005,97.59808879282775,37.882408999999996,172.465773662172,0.5275839999999974,2.40191120717225,0.0,0.0
REDLAT_SL00442_Semantic.txt,46.006479747847,42.587150999999984,42.367150999999986,99.48341226206938,19.372849000000016,45.48989200991638,0.22,0.5165877379306263,0.0,0.0
REDLAT_CU410_Semantic.txt,21.8929892673815,50.010722,49.38094000000001,98.74070604299615,10.319059999999997,20.633695310377636,0.6297820000000018,1.2592939570038637,0.0,0.0
REDLAT_BN00102_CraftIm.txt,223.11035381280163,15.703190999999995,12.443359999999993,79.24096446384685,31.775614000000008,202.35131827664847,2.368805000000002,15.084863961726013,0.8910260000000001,5.674171574427136
REDLAT_MA453_Semantic.txt,88.12140331980689,25.743184,13.817701000000001,53.67518252598436,10.759771999999996,41.79658584579124,8.682955999999995,33.7291455478079,3.2425270000000026,12.59567192620774
REDLAT_MA378_Semantic2.txt,107.03076037874573,30.155642999999998,28.400844,94.18086027878762,30.521015000000006,101.21162065753335,0.21665800000000002,0.7184658606019445,1.538140999999996,5.100673860610421
REDLAT_LO00866_Semantic.txt,139.8625684417274,25.807173000000002,13.799982000000005,53.473435466953326,24.087384,93.33600390868074,5.374557000000001,20.82582621506044,6.632633999999996,25.700738317986225
REDLAT_MA801_CraftDe.txt,77.88197154724016,7.374188000000001,3.2245680000000005,43.72777043384302,1.593542999999999,21.60974198108319,1.4377309999999994,19.496804258312906,2.711889000000001,36.775425307844074
REDLAT_MA461_Semantic.txt,137.03984863277412,25.62404100000001,25.134447000000005,98.08931776217497,34.62555299999999,135.1291663949491,0.48959400000000397,1.9106822378250325,0.0,0.0
REDLAT_BN00049_Phonological2.txt,13.905693336817762,55.771775000000005,53.257650000000005,95.49211944572322,5.241326999999992,9.397812782540974,1.5531019999999978,2.7847455097134666,0.9610230000000044,1.7231350445633196
REDLAT_MA563_Phonological.txt,258.6868087869215,14.487121000000013,14.390425000000011,99.3325381903002,37.37957499999999,258.01934697722174,0.09669600000000145,0.6674618096998111,0.0,0.0
REDLAT_CU588_Fugu.txt,13.085043159778145,25.216302000000006,24.438369,96.91496001277268,2.5216309999999975,10.000003172550825,0.7779330000000028,3.0850399872273204,0.0,0.0
REDLAT_AF172_Fugu.txt,47.27353679544068,19.95339600000001,19.04036000000001,95.42415737150709,8.519639999999992,42.69769416694776,0.9130359999999997,4.575842628492911,0.0,0.0
REDLAT_MA610_Fugu.txt,353.3722905869892,12.660029999999999,10.506495999999999,82.98950318443161,42.583504000000005,336.3617937714208,2.1535340000000005,17.010496815568374,0.0,0.0
REDLAT_CU382_Phonological2.txt,275.90138921377945,15.72752899999999,15.72752899999999,100.0,43.39247100000001,275.90138921377945,0.0,0.0,0.0,0.0
REDLAT_MA502_Fugu.txt,126.36650207479315,25.141783999999994,20.956270999999997,83.35236274402804,27.585280000000008,109.71886481882119,2.2670640000000013,9.017116685116704,1.9184489999999954,7.630520570855258
REDLAT_AF178_CraftDe.txt,27.829965698240244,25.524638,24.730570000000004,96.88901366593329,6.309429999999999,24.718979364173546,0.7940679999999958,3.1109863340666997,0.0,0.0
REDLAT_LO00835_Semantic.txt,15.815945405705866,54.541816999999995,52.061071000000005,95.45166234560907,6.145558000000001,11.267607751314925,1.2273750000000014,2.2503375712620675,1.2533709999999978,2.298000083128873
REDLAT_CU356_Phonological.txt,171.20175051685337,19.713034999999998,18.361987000000006,93.1464231661944,32.39801299999999,164.34817368304778,1.3510479999999916,6.85357683380561,0.0,0.0
REDLAT_MA478_Phonological.txt,99.42591396163232,26.603852000000003,24.433579,91.84226028621718,24.28085,91.26817424784952,1.1747020000000015,4.41553350995939,0.9955710000000018,3.7422062038234225
REDLAT_MA218_CraftIm.txt,4.161470664482813,36.853654,35.32,95.83852933551718,0.0,0.0,1.5336539999999967,4.161470664482813,0.0,0.0
REDLAT_CU555_CraftIm.txt,51.12586508512972,11.897961999999998,11.677513,98.14717007837142,5.862487000000002,49.27303516350113,0.22044899999999912,1.852829921628588,0.0,0.0
REDLAT_BN00049_Phonological.txt,8.689556324215866,58.265587,56.877339,97.61737919159727,3.6747730000000005,6.306935515813135,0.7603599999999986,1.304989856190754,0.6278879999999987,1.0776309522119785
REDLAT_CU639_Fugu.txt,56.572707353310236,13.994568,12.248731,87.52489537369071,6.171269000000001,44.09760272700094,1.7458370000000007,12.4751046263093,0.0,0.0
REDLAT_MA348_Semantic2.txt,53.86200722542732,38.22140700000001,36.95729500000001,96.69265969198882,19.322704999999992,50.554666917416164,0.5241120000000026,1.3712525025570157,0.7399999999999998,1.9360878054541515
REDLAT_MA461_Phonological2.txt,205.4772940860656,19.099010999999997,12.557439999999993,65.74916366088273,32.702560000000005,171.2264577469483,6.541571000000004,34.25083633911727,0.0,0.0
REDLAT_MA354_Semantic.txt,63.561445055527756,49.007141,28.80846999999999,58.78422901674674,10.950976,22.34567407227449,3.2981169999999977,6.729870244828192,16.900554000000014,34.485900738425066
REDLAT_LO00487_Semantic.txt,12.85587663301502,53.893640999999995,50.308609,93.34794990006336,3.3434680000000014,6.2038265330783675,0.657109,1.2192700062703132,2.927923,5.432780093666338
REDLAT_MA438_Semantic2.txt,173.4240890721895,20.46232399999999,14.029416999999999,68.56218775540844,29.053692000000005,141.98627682759798,3.936015999999995,19.235429954095128,2.496890999999998,12.202382290496422
REDLAT_CU390_Phonological.txt,29.642629762232314,39.466549,33.358813,84.52427142793762,5.591187000000005,14.166901190169945,6.107735999999996,15.47572857206237,0.0,0.0
REDLAT_CU497_CraftDe.txt,9.483055951521186,21.695907,20.704235999999998,95.42922542947846,1.0657640000000015,4.912281380999659,0.9916709999999997,4.570774570521527,0.0,0.0
REDLAT_CU651_Phonological.txt,118.66712689833732,17.953277000000003,3.559467999999992,19.826285752734677,6.910829,38.49341265107199,12.804106000000012,71.31904665649624,1.589703,8.854667590769083
REDLAT_MA633_Semantic2.txt,110.36663327262539,33.272403,18.453167999999998,55.460881499902484,21.902396,65.82751477252785,0.994799000000001,2.9898621990121996,13.824436,41.54925630108532
REDLAT_SL00404_Phonological.txt,96.04082671813727,31.827099,30.930045,97.18147733162863,29.669954999999998,93.2223040497659,0.8970540000000005,2.818522668371379,0.0,0.0
REDLAT_SL00296_Phonological.txt,8.98159923841489,56.899221,53.076297999999994,93.28123841976677,1.2875370000000004,2.262837658181648,3.4267580000000044,6.022504244829651,0.3961649999999999,0.6962573354035899
REDLAT_CU410_Semantic2.txt,12.995895887398412,56.43777899999999,53.34159199999999,94.5139814945588,4.238408000000008,7.509877381957232,3.0961869999999965,5.486018505441181,0.0,0.0
REDLAT_CU239_Semantic.txt,10.741312801248077,64.4195,57.5,89.25868719875193,0.0,0.0,6.919500000000005,10.741312801248077,0.0,0.0
REDLAT_CU317_CraftIm.txt,7.736214870317952,44.200762999999995,41.13071,93.05429863280868,0.3494129999999984,0.790513503126628,1.4701759999999973,3.3261326280725005,1.5998769999999993,3.6195687391188236
REDLAT_CU471_Fugu.txt,26.435059779425156,39.001546000000005,32.485732,83.29344688028519,3.794267999999999,9.728506659710357,6.515814000000004,16.7065531197148,0.0,0.0
REDLAT_AF107_CraftDe.txt,3.5515763689165647,26.549591,26.158331,98.5263049814967,0.5516690000000001,2.07788135041327,0.39125999999999905,1.4736950185032947,0.0,0.0
REDLAT_CU547_Phonological2.txt,163.96316522133932,22.985451000000005,22.778889000000007,99.10133588416431,37.481111,163.0645011055036,0.20656199999999814,0.8986641158357002,0.0,0.0
REDLAT_MA525_Semantic.txt,93.19302931108275,28.805588999999987,28.330393999999984,98.35033749874025,26.36960600000002,91.54336680982301,0.4751950000000008,1.6496625012597417,0.0,0.0
REDLAT_CU576_Phonological.txt,448.4798392069031,11.158688000000001,10.377111000000003,92.99579843078327,49.262889,441.4756376376864,0.7815769999999982,7.004201569216723,0.0,0.0
REDLAT_MA479_Phonological2.txt,154.76030347513728,29.184861999999992,12.212509999999995,41.84535804897758,28.194229000000007,96.60566152411484,8.099091000000001,27.750999816274625,8.873260999999996,30.403642134747795
REDLAT_MA415_Semantic2.txt,159.96755522937093,24.474206,23.147189999999995,94.57789968753224,37.823773,154.54545491690314,0.39797900000000563,1.6261160831938968,0.929037000000001,3.7959842292738775
REDLAT_CU406_CraftIm.txt,91.92141258162567,6.032416,5.303667,87.91945051534908,4.816333,79.84086309697476,0.7287489999999996,12.080549484650922,0.0,0.0
REDLAT_SL00282_Semantic.txt,130.37085812678254,36.589301999999996,30.328598,82.88924997804004,41.441083000000006,113.26010810482258,0.45038500000000004,1.2309199011230116,5.810318999999993,15.87983012083694
REDLAT_MA557_Phonological.txt,205.49995640437152,15.563486999999988,8.59026399999999,55.19498297521627,25.00973600000001,160.69493937958782,6.9732229999999955,44.80501702478372,0.0,0.0
REDLAT_AF202_Semantic.txt,58.68688362566093,37.432204,36.212205,96.74077700581029,20.747795,55.427660631471234,1.2199989999999974,3.259222994189702,0.0,0.0
REDLAT_MA475_Phonological2.txt,3.0579849328082065,64.595315,62.620000000000005,96.94201506719179,0.0,0.0,1.9753149999999993,3.0579849328082065,0.0,0.0
REDLAT_SL00425_Phonological.txt,91.14639232895584,31.20086299999998,29.911200999999988,95.86658228011196,27.14879900000001,87.0129746090678,1.2896619999999939,4.133417719888051,0.0,0.0
REDLAT_MA730_Phonological.txt,40.771747409809244,48.07782899999999,48.07782899999999,99.99999999999999,19.602171000000013,40.771747409809244,0.0,0.0,0.0,0.0
REDLAT_CU120_CraftIm.txt,56.30877652975011,34.319396000000005,24.35615,70.96905201944695,9.361585999999996,27.27782854919706,4.140982000000007,12.06601071883668,5.8222640000000006,16.964937261716376
REDLAT_SL00352_CraftIm.txt,19.489882440593675,25.254806,24.856337,98.42220526263397,4.523662999999999,17.91208770322765,0.3984689999999986,1.5777947373660228,0.0,0.0
REDLAT_MA262_CraftIm.txt,39.31560322978807,30.974664,20.186934,65.17240671278952,1.3901460000000014,4.48800994257759,6.6148099999999985,21.355550458917,4.172920000000001,13.472042828293477
REDLAT_MA228_Phonological.txt,95.70939735342363,30.605350999999995,30.316576999999995,99.05645911396344,29.003423000000005,94.76585646738707,0.2887739999999993,0.9435408860365606,0.0,0.0
REDLAT_MA351_CraftDe.txt,34.687775400500485,20.242110999999998,18.978755999999997,93.75877841989899,5.758183000000002,28.446553820399473,0.2802940000000014,1.384707355868177,0.9830609999999993,4.856514224232836
REDLAT_SL00368_Semantic.txt,220.040501376406,18.632947,13.018381000000003,69.86753625178027,35.385464,189.9080376281862,2.948411000000001,15.823642926693243,2.666155,14.308820821526513
REDLAT_BE00130_Semantic2.txt,79.93750725586531,30.010204000000005,26.93112600000001,89.73989646988072,20.910330999999992,69.67740372574605,1.4905349999999942,4.9667606391479175,1.5885429999999998,5.29334289097135
REDLAT_AF162_Semantic.txt,49.64083484015306,38.98331900000001,34.559943999999994,88.65315957320101,14.928270000000001,38.29399441335408,1.811589000000009,4.64708764279411,2.611786000000002,6.6997527840048745
REDLAT_BE00161_Semantic.txt,129.1804139675444,24.881853999999997,24.229685999999997,97.37894129593397,31.490314000000005,126.55935526347838,0.6521679999999995,2.6210587040660216,0.0,0.0
REDLAT_LO00556_Fugu.txt,164.02728089286524,14.519905999999999,9.111440000000004,62.75137042898214,18.408140999999997,126.77865132184738,1.498046999999997,10.317194890931093,3.910418999999999,26.93143468008677
REDLAT_MA438_Phonological.txt,186.48417179190676,19.242513000000002,12.993823000000003,67.52664269994257,29.635551,154.01081449184935,3.158063999999996,16.41191044018001,3.0906260000000034,16.06144685987741
REDLAT_MA589_Phonological2.txt,132.08909627537008,25.25569100000001,12.450483000000009,49.29773253877712,20.554805999999992,81.38682881414722,11.730497,46.44694536372018,1.0747110000000006,4.255322097502699
REDLAT_MA801_Fugu.txt,141.54297302250797,6.765639999999996,6.674675999999996,98.65550044046091,9.485324000000002,140.19847346296888,0.0909639999999996,1.3444995595390776,0.0,0.0
REDLAT_LO00795_Semantic2.txt,51.707320468972185,38.64169100000001,37.52555400000001,97.11157309342389,18.864445999999987,48.81889356239607,1.1161370000000028,2.888426906576119,0.0,0.0
REDLAT_MA551_Fugu.txt,20.09257192267588,29.372621000000002,26.925452999999997,91.66854057729473,3.454546999999999,11.761112499970631,2.4471680000000013,8.331459422705251,0.0,0.0
REDLAT_BN00141_Fugu.txt,31.10043214173662,53.685163999999986,51.054422999999986,95.09968713143914,14.065577000000008,26.200119273175755,2.6307410000000044,4.9003128685608655,0.0,0.0
REDLAT_CU322_Semantic2.txt,72.72691338564961,36.17727299999999,34.901883,96.47460990218916,25.035224000000003,69.20152328783877,0.3124969999999983,0.8637936861631289,0.9628930000000011,2.661596411647725
REDLAT_CU192_Phonological2.txt,242.9744247081301,14.914863999999996,7.677343999999999,51.47444857693641,29.001784999999998,194.44887328506655,6.456649,43.290029329131,0.7808709999999977,5.235522093932588
REDLAT_MA621_Semantic.txt,249.71516515575365,19.192701000000003,11.04067700000001,57.525394679988025,39.775060999999994,207.24055983574166,0.6277619999999935,3.2708371791963695,7.524262000000001,39.20376814081561
REDLAT_BN00141_Semantic2.txt,30.66264338250087,46.224260000000015,43.41534,93.92327751704404,11.364659999999995,24.585920899544938,2.8089200000000067,6.076722482955932,0.0,0.0
REDLAT_MA609_CraftDe.txt,209.0950536460244,8.403139,5.659452000000001,67.34926079409136,14.826861000000001,176.4443144401158,0.0,0.0,2.7436869999999978,32.65073920590862
REDLAT_CU493_Fugu.txt,5.29494029697872,52.388805999999995,51.617425,98.52758430875481,2.0025750000000038,3.8225246057335305,0.7713810000000016,1.4724156912451902,0.0,0.0
REDLAT_CU189_Phonological.txt,301.37881168805217,15.561805999999997,12.530910000000002,80.52349450957044,43.86908999999999,281.9023061976226,3.0308959999999963,19.47650549042956,0.0,0.0
REDLAT_AF295_Fugu.txt,0.7872147878163529,61.04052,60.56,99.21278521218365,0.0,0.0,0.4805199999999985,0.787214787816353,0.0,0.0
REDLAT_SL00407_Semantic.txt,41.82488863996401,59.055746,35.400000000000006,59.94336266618325,1.0442540000000022,1.7682513061472498,3.9999999999999964,6.773261318212789,19.655746,33.28337601560397
REDLAT_CU415_Semantic.txt,44.114784412101045,47.865001,36.01668799999999,75.24639558662076,9.267229000000004,19.36117999872183,3.9522300000000046,8.257035239589788,7.896083000000003,16.496569173789428
REDLAT_SL00425_Semantic2.txt,81.76261019010948,32.393901000000014,31.91390100000001,98.51823959084149,26.00609899999999,80.28084978095099,0.48,1.481760409158501,0.0,0.0
REDLAT_MA430_CraftDe.txt,0.7675953468617625,38.535799000000004,38.24,99.23240465313823,0.0,0.0,0.29579900000000164,0.7675953468617626,0.0,0.0
REDLAT_CU290_CraftDe.txt,69.88712652795293,15.277548999999997,9.994369999999996,65.41867416036433,5.393861000000005,35.305800688317255,0.051409999999999734,0.3365068572190457,5.231769000000001,34.244818982416625
REDLAT_BN00109_CraftDe.txt,133.39361821485275,17.228753,16.513348000000004,95.84761009691184,22.266651999999997,129.24122831176462,0.7154049999999967,4.1523899030881495,0.0,0.0
REDLAT_LO00526_CraftIm.txt,206.43400852677524,7.7991969999999995,5.714376000000001,73.26877369554842,14.015374000000001,179.7027822223237,0.5345709999999992,6.854179988016706,1.5502499999999992,19.877046316434875
REDLAT_CU475_Phonological2.txt,63.873517786561266,63.25,22.85,36.126482213438734,0.0,0.0,39.16,61.91304347826086,1.24,1.9604743083003953
REDLAT_BE00184_Phonological.txt,110.75240492367111,29.200406999999995,27.480127,94.1087122518532,30.619873000000002,104.86111717552433,1.7202799999999976,5.891287748146791,0.0,0.0
REDLAT_SL00342_CraftDe.txt,3.583626526668221,66.08836,63.720000000000006,96.41637347333179,0.0,0.0,2.36835999999999,3.5836265266682212,0.0,0.0
REDLAT_SL00337_CraftDe.txt,9.767795806917464,2.504649,2.26,90.23220419308252,0.0,0.0,0.24464900000000023,9.767795806917464,0.0,0.0
REDLAT_BN00102_Phonological2.txt,402.4411763182608,11.971114,11.357211,94.87179722789374,47.562789,397.3129735461545,0.6139030000000005,5.12820277210626,0.0,0.0
REDLAT_LO00661_CraftDe.txt,51.80130989530244,9.565650000000002,9.135259000000001,95.50066122009481,4.524740999999999,47.301971115397265,0.43039099999999975,4.4993387799051785,0.0,0.0
REDLAT_MA638_Semantic.txt,166.20671044662248,23.360918999999996,21.684696999999996,92.82467440600261,37.151193000000006,159.03138485262508,0.15211200000000002,0.6511387672719555,1.5241100000000003,6.524186826725441
REDLAT_CU550_CraftIm.txt,19.052530882923985,24.254341999999998,22.546637999999998,92.95918231877822,2.913362000000001,12.0117132017022,1.7077040000000014,7.040817681221785,0.0,0.0
REDLAT_CU643_Fugu.txt,85.7666917977977,22.707560000000004,18.445749000000003,81.23175277308526,15.213711999999994,66.99844457088297,1.3212720000000004,5.818643658763866,2.940539000000001,12.949603568150874
REDLAT_BN00152_Semantic2.txt,84.97023233818561,32.36196400000001,32.36196400000001,100.0,27.498035999999992,84.97023233818561,0.0,0.0,0.0,0.0
REDLAT_SL00294_CraftIm.txt,73.69383451513222,31.570233999999996,21.373679999999997,67.7020005616683,13.068762000000001,41.395835076800516,4.4589960000000035,14.124051155274948,5.737557999999996,18.17394828305675
REDLAT_MA449_Fugu.txt,4.703519852779439,75.952438,72.38000000000001,95.29648014722056,0.0,0.0,3.572437999999995,4.703519852779439,0.0,0.0
REDLAT_CU651_CraftIm.txt,19.576219826692512,73.025927,70.362794,96.35316782764018,11.632582999999997,15.929387654332684,0.8585099999999954,1.17562355627474,1.8046230000000065,2.471208616085088
REDLAT_BN00142_Phonological2.txt,105.08219895812086,30.167413999999994,28.893416000000002,95.77690683066174,30.426584000000002,100.85910578878259,1.273997999999994,4.223093169338261,0.0,0.0
REDLAT_LO00554_Fugu.txt,21.064429419138342,52.92360300000001,52.22777400000001,98.68521990084463,10.452225999999992,19.749649319982975,0.6958289999999914,1.3147800991553642,0.0,0.0
REDLAT_MA619_Semantic.txt,592.4791046827368,8.527748000000003,7.109158999999998,83.36502204333426,49.106536000000006,575.8441267260711,0.25428400000000195,2.9818423339901914,1.1643050000000024,13.653135622675553
REDLAT_MA740_Phonological2.txt,40.77286360837013,43.255213000000005,42.543611000000006,98.3548757464216,16.924786999999988,39.12773935479172,0.0,0.0,0.7116020000000001,1.6451242535784067
REDLAT_MA341_CraftIm.txt,100.20817991143103,22.333567000000002,14.793379000000003,66.23831741700734,14.839872999999995,66.44649732843837,2.153439999999998,9.642167773737164,5.386748000000001,24.119514809255506
REDLAT_MA467_CraftIm.txt,150.84399533190208,14.088822000000004,11.230592000000001,79.71278223260964,18.393911999999997,130.55677756451172,0.22273400000000265,1.5809270640228301,2.635496,18.70629070336753
REDLAT_MA765_Phonological2.txt,122.2309337392905,26.501316,25.164255000000004,94.9547373421003,31.055744999999998,117.18567108139082,1.3370609999999954,5.045262657899689,0.0,0.0
REDLAT_MA607_Semantic.txt,125.07740002029169,32.437006999999994,16.737739,51.60075034049844,24.87209700000001,76.67815036079013,5.009104000000001,15.442559173230753,10.690163999999992,32.9566904862708
REDLAT_LO00894_CraftDe.txt,69.2436051379879,22.128429,15.904595999999998,71.87404040295854,9.098689000000002,41.11764554094645,1.8671180000000036,8.437643720663601,4.3567149999999994,19.688315876377846
REDLAT_SL00296_CraftDe.txt,9.412344578766541,14.272905000000002,13.524745000000001,94.75817992202708,0.595254999999999,4.170524500793629,0.7481599999999999,5.241820077972913,0.0,0.0
REDLAT_BN00116_Phonological2.txt,164.67766669986327,22.321569,21.251465,95.20596424023776,35.688535,159.88363094010103,1.0701040000000006,4.794035759762231,0.0,0.0
REDLAT_AF178_Phonological2.txt,194.87243394021857,20.522661,18.774826,91.48338999508884,38.245174,186.3558239353074,1.747835,8.516610004911158,0.0,0.0
REDLAT_CU279_Semantic2.txt,130.73387515173425,25.005057,13.76777000000001,55.05994247483623,21.452792999999993,85.79381762657046,5.4278499999999985,21.70700910619799,5.8094369999999955,23.233048418965794
REDLAT_MA355_Semantic.txt,110.03160698458527,33.276821999999996,20.079524000000003,60.34087029103923,23.417724000000003,70.37247727562448,2.0945460000000016,6.294308993809571,11.102751999999995,33.36482071515122
REDLAT_SL00364_Phonological2.txt,175.89949088962166,23.33953600000001,20.160749000000013,86.38024766216435,37.875337999999985,162.27973855178598,2.214873999999998,9.489794484346206,0.9639130000000016,4.129957853489466
REDLAT_MA731_Semantic2.txt,67.61583412369916,35.92112900000001,35.536379000000004,98.92890337606035,23.903620999999994,66.5447374997595,0.3847500000000039,1.0710966239396424,0.0,0.0
REDLAT_SL00336_Phonological2.txt,99.93243918310645,30.637581000000008,29.00904800000001,94.68452486506688,28.988348999999985,94.61696404817332,1.0259299999999962,3.348599878038661,0.602603000000002,1.9668752568944716
REDLAT_SL00442_Semantic2.txt,23.655923161712515,50.70024500000001,50.023317000000006,98.66484274385655,11.316682999999992,22.320765905569075,0.6769280000000018,1.33515725614344,0.0,0.0
REDLAT_MA359_CraftDe.txt,39.483003583879814,39.84201699999999,30.524264999999996,76.61325228589708,6.413073000000001,16.09625586977688,6.62509,16.628400113377797,2.6926619999999986,6.7583476007251315
REDLAT_LO00887_Fugu.txt,29.15515410713131,69.54506199999999,63.104545999999985,90.73907504748503,13.835454000000013,19.894229154616347,2.2005159999999955,3.1641585135117083,4.240000000000001,6.096766439003249
REDLAT_CU460_CraftDe.txt,10.773259428663474,26.649827000000002,25.739386,96.58368889223932,1.960614000000002,7.356948320902804,0.9104410000000025,3.4163111077606714,0.0,0.0
REDLAT_SL00352_Semantic2.txt,1.801202996847101,49.20611400000001,48.754906000000005,99.08302452008301,0.43509399999999987,0.8842275169301111,0.45120800000000116,0.9169754799169898,0.0,0.0
REDLAT_BN00165_Semantic.txt,24.152397948626795,50.460443000000005,49.196518000000005,97.49521620331394,10.923481999999996,21.64761415194075,1.263924999999998,2.5047837966860453,0.0,0.0
REDLAT_MA344_Phonological2.txt,94.06167802950159,32.370003,23.764423999999998,73.41495766929648,21.842189000000005,67.47663569879806,5.292191999999999,16.349062432895046,3.3133870000000005,10.235979897808477
REDLAT_CU069_Phonological2.txt,247.88799401628086,14.47394099999999,10.646140999999997,73.55385102094864,32.051362000000005,221.4418450372295,2.4253029999999924,16.756341621124434,1.4024969999999999,9.689807357926918
REDLAT_MA458_CraftDe.txt,13.38302316067847,20.213527000000003,19.904173000000004,98.46956941260177,2.3958269999999975,11.852592573280246,0.309353999999999,1.5304305873982258,0.0,0.0
REDLAT_SL00339_Semantic.txt,64.15975232489252,38.71265099999999,36.06618299999998,93.16381613855377,22.19147300000002,57.32356846344629,0.40412400000000076,1.043906809688649,2.2423439999999992,5.792277051757577
REDLAT_MA635_Semantic2.txt,104.30337249760468,34.48755599999999,19.818808999999995,57.466551123541485,21.302937000000007,61.76992362114617,2.650492999999999,7.685360481908314,12.018253999999999,34.8480883945502
REDLAT_BN00162_Fugu.txt,1.8386376730277338,103.021494,102.058651,99.06539600367277,0.931349,0.9040336767005145,0.9628430000000066,0.9346039963272194,0.0,0.0
REDLAT_BN00148_CraftDe.txt,27.44050121099302,19.184255999999998,13.92,72.559498789007,0.0,0.0,5.264256,27.440501210993013,0.0,0.0
REDLAT_BN00049_CraftIm.txt,11.064724259355604,34.106887,33.206526999999994,97.36018124433343,2.8734730000000006,8.424905503689038,0.9003600000000016,2.6398187556665653,0.0,0.0
REDLAT_CU652_Semantic2.txt,77.82067809276644,44.46276600000001,14.315966000000005,32.1976505015455,4.454426,10.018328594311921,17.20719200000001,38.700228411340866,12.939607999999996,29.102121087113638
REDLAT_CU472_CraftDe.txt,18.13382714960859,22.002784999999996,19.971418999999997,90.76768690872542,1.9585810000000046,8.901514058334001,2.0313660000000007,9.232313091274587,0.0,0.0
REDLAT_MA615_Phonological2.txt,206.46991973228955,19.417397,10.539248999999998,54.277352417525364,31.212936,160.74727214981493,3.4803330000000012,17.92378762199692,5.3978150000000005,27.79885996047771
REDLAT_SL00297_Semantic2.txt,55.208060397225644,43.40530499999999,38.425578,88.52737701071334,18.983500000000006,43.73543740793898,2.108804999999996,4.858403828748574,2.8709219999999935,6.614219160538082
REDLAT_CU148_Semantic.txt,138.62734684342013,30.724993999999985,19.098171999999998,62.1584238551845,30.966422000000012,100.78577069860462,1.3914159999999987,4.528612763927633,10.23540599999999,33.31296338088787
REDLAT_AF202_Semantic2.txt,88.67822068011635,33.10624500000001,31.17809800000001,94.17588131786012,27.429881999999996,82.85410199797649,0.37612699999999777,1.1361209946944986,1.5520199999999988,4.68799768744537
REDLAT_MA453_Semantic2.txt,110.8890984656282,19.178337,16.600795999999995,86.56014335340961,18.689144,97.4492418190378,0.9274810000000002,4.836086674251267,1.6500600000000034,8.603769972339121
REDLAT_CU656_CraftIm.txt,18.424526228085618,19.433824,17.591067000000002,90.51778486827915,1.7378329999999993,8.942311096364767,1.4316569999999982,7.366831149649179,0.41110000000000024,2.115383982071672
REDLAT_MA477_Fugu.txt,68.99722208220716,28.469165000000007,28.178116000000003,98.97766934857414,19.351884,67.97489143078131,0.29104900000000183,1.0223306514258559,0.0,0.0
REDLAT_BN00105_CraftDe.txt,13.579252322889207,27.983469999999997,27.251761999999996,97.38521348496093,3.0682380000000027,10.964465807850146,0.7317080000000011,2.6147865150390612,0.0,0.0
REDLAT_MA616_Semantic.txt,156.21195105287669,9.898927,7.817810000000002,78.9763375363815,13.382189999999998,135.18828858925818,2.081116999999997,21.023662463618503,0.0,0.0
REDLAT_MA487_Semantic2.txt,168.90894491484713,22.824062999999995,18.271619,80.05419105266229,33.99944,148.9631359675094,3.4435029999999998,15.087160423628344,1.1089409999999944,4.858648523709362
REDLAT_SL00294_Semantic.txt,91.14690177206738,32.76782800000001,30.658732,93.5635160194322,27.757763999999995,84.7104177914996,0.5655920000000001,1.7260588648109358,1.5435040000000058,4.710425115756849
REDLAT_AF109_Phonological2.txt,217.84105814896395,18.76937999999999,17.390981999999994,92.65613461925756,39.509018,210.4971927682215,1.3783979999999971,7.343865380742453,0.0,0.0
REDLAT_CU393_CraftDe.txt,112.8988550304336,8.595949,5.086046999999999,59.1679522528577,6.194826000000004,72.06680728329128,0.18077500000000057,2.103025506549662,3.3291269999999997,38.729022240592634
REDLAT_CU428_Semantic.txt,134.6605230643566,31.027616,12.856057999999999,41.43424361059515,23.610391999999997,76.09476667495176,6.368007999999996,20.523678003492105,11.803550000000003,38.04207838591274
REDLAT_SL00379_Semantic.txt,320.6555473571735,14.58417900000001,13.43372200000001,92.11160943649965,45.61452199999999,312.76715679367317,0.7787009999999989,5.33935437846723,0.3717560000000002,2.54903618503311
REDLAT_CU289_Semantic.txt,36.532625204926084,47.281067000000014,40.55018600000001,85.76410934211785,10.54213399999999,22.29673454704393,5.7032010000000035,12.062335649066469,1.0276799999999984,2.173555008815681
REDLAT_CU172_Semantic.txt,53.436261159471876,48.733825,36.148392,74.17515862955555,13.456101,27.611419789027437,8.479925999999997,17.40049339447498,4.105507,8.424347975969463
REDLAT_MA617_Semantic.txt,78.01603682174736,34.66647,33.86053199999999,97.67516565718978,26.239468000000002,75.69120247893716,0.8059379999999996,2.324834342810213,0.0,0.0
REDLAT_MA743_Phonological2.txt,44.25491950742234,42.05151699999998,40.89582599999998,97.25172578197356,17.454174000000016,41.50664528939592,1.1556910000000022,2.7482742180264332,0.0,0.0
REDLAT_MA222_Phonological.txt,447.11452941920794,7.8546980000000115,7.492601000000013,95.39005828104406,34.75739899999999,442.504587700252,0.36209699999999856,4.609941718955942,0.0,0.0
REDLAT_AF190_Semantic2.txt,42.09168093801639,46.736411000000004,38.612135,82.61681668282145,11.547864999999994,24.70849762083784,1.6442760000000032,3.518190560246492,6.4799999999999995,13.864992756932063
REDLAT_CU107_Phonological2.txt,62.00155094112733,40.36387899999999,37.506411,92.92072994272925,22.168763,54.92228088385659,1.8526419999999892,4.589851238033861,1.0048259999999996,2.4894188192368722
REDLAT_LO00718_Fugu.txt,254.2484998066343,6.526491999999999,6.526491999999999,100.0,16.593508,254.24849980663427,0.0,0.0,0.0,0.0
REDLAT_SL00339_Phonological2.txt,212.91536228578724,19.959022000000004,19.391599000000006,97.1570601004398,41.928400999999994,210.07242238622706,0.5674229999999999,2.842939899560208,0.0,0.0
REDLAT_MA479_CraftDe.txt,41.41338783147492,30.571806999999996,21.460161000000003,70.19591939724074,3.5491750000000017,11.609307228715668,7.280981999999993,23.81600145519692,1.8306640000000005,5.988079147562329
REDLAT_LO00704_Semantic2.txt,101.3266411786492,33.062595,30.063433000000003,90.9288366506017,30.502055000000006,92.25547782925086,1.544650000000008,4.6718958387870275,1.454511999999994,4.399267510611294
REDLAT_MA615_Semantic.txt,44.30890192062565,43.47557299999999,40.026011999999994,92.06551918246139,15.813988000000007,36.37442110308704,3.4495609999999957,7.934480817538613,0.0,0.0
REDLAT_MA364_Semantic.txt,288.70630960311905,16.166310000000003,14.648767000000003,90.61292898626836,45.155614,279.31923858938734,0.08192400000000077,0.50675757176499,1.435618999999999,8.880313441966651
REDLAT_CU038_CraftIm.txt,26.91499834542511,34.94855500000001,31.615180000000013,90.46205200758659,6.073027999999994,17.377050353011708,0.8315829999999974,2.3794488785015493,2.501791999999999,7.158499113911858
REDLAT_MA522_Semantic2.txt,9.064627523751602,60.92690500000001,57.002490000000016,93.55881445151367,1.598381999999992,2.6234419752652656,3.2252870000000016,5.293699064477345,0.6991279999999982,1.147486484008991
REDLAT_CU475_Semantic.txt,106.7806360370805,28.57481199999999,25.681222999999996,89.87363766382786,27.618777000000005,96.65427370090839,2.893588999999993,10.126362336172129,0.0,0.0
REDLAT_CU392_Semantic2.txt,36.589661415329985,47.43693799999999,43.193194,91.053925107898,13.113271000000012,27.64358652322798,1.710208999999999,3.6052263744342,2.5335349999999934,5.340848517667801
REDLAT_CU172_Phonological.txt,154.9585344364777,26.625225999999998,13.31701399999999,50.016529437158546,27.949848,104.97506387363623,7.5650740000000045,28.413182295616963,5.743138000000004,21.570288267224488
REDLAT_MA359_CraftIm.txt,96.22480957261729,22.064185000000013,20.342469,92.1967840643105,19.509503999999993,88.42159363692781,1.1936890000000062,5.41007519652326,0.5280270000000016,2.3931407391662156
REDLAT_LO00698_CraftDe.txt,3.3910830402865813,25.312798,25.04721,98.95077580913812,0.5927899999999999,2.341858849424706,0.26558800000000105,1.0492241908618756,0.0,0.0
REDLAT_MA589_Semantic.txt,418.4930959752048,11.392630000000004,11.392630000000004,100.0,47.677369999999996,418.4930959752048,0.0,0.0,0.0,0.0
REDLAT_CU411_Semantic.txt,203.34082356928445,20.14934300000001,14.494263000000007,71.93417174942131,35.31675999999999,175.27499531870578,2.866102999999998,14.224300018119683,2.7889770000000036,13.841528232459007
REDLAT_CU393_Semantic2.txt,94.98274851208002,33.03772999999999,32.14879299999999,97.30932785030933,30.49120700000001,92.29207636238937,0.8889369999999985,2.6906721496906685,0.0,0.0
REDLAT_AF190_Semantic.txt,63.597787594667324,44.824335999999995,24.568768999999996,54.8112279900811,8.251718999999998,18.409015584748424,10.946054999999994,24.419893247275308,9.309512000000005,20.768878762643592
REDLAT_CU127_Phonological.txt,79.9980482911902,50.72478000000001,25.98237600000001,51.22225468498829,15.83643,31.220302976178502,15.371210000000008,30.303157549426544,9.371193999999992,18.474587765585166
REDLAT_CU192_Semantic.txt,154.44504443172045,26.143147000000003,21.846453000000004,83.56474069476029,36.080101,138.00978512648075,1.5832479999999978,6.056072744417486,2.7134460000000002,10.37918656082223
REDLAT_LO00907_Phonological2.txt,2.686768145243998,58.183249,56.620000000000005,97.313231854756,0.0,0.0,1.563248999999997,2.686768145243998,0.0,0.0
REDLAT_MA455_Semantic.txt,112.4607697141623,34.14485699999999,20.105470999999987,58.88286777712964,24.360183000000013,71.34363749129196,5.585040000000006,16.3568996642745,8.454345999999997,24.760232558595867
REDLAT_MA425_Fugu.txt,76.71743187626613,18.375314000000007,11.324321000000005,61.62790469866257,7.046075999999996,38.345336574928695,5.071390000000001,27.59892973801699,1.979603000000001,10.773165563320442
REDLAT_MA611_Phonological2.txt,215.61844130386496,19.568008999999996,16.927387,86.50541299321766,39.551614,202.12385429708257,0.1996230000000001,1.020149776096281,2.440998999999998,12.474437230686057
REDLAT_BE00164_CraftDe.txt,84.07109937531328,2.126826,0.5785999999999998,27.20485831939236,0.23982000000000037,11.27595769470565,1.2266460000000003,57.67495789500413,0.32157999999999975,15.120183785603512
REDLAT_MA637_Phonological2.txt,138.5750328690424,27.88338,13.650195000000004,48.95459230552395,24.406218,87.52962517456635,6.7995980000000005,24.385845618429332,7.433586999999994,26.659562076046715
REDLAT_AF215_CraftDe.txt,41.218239289114145,24.011506,22.157193,92.27739817735713,8.042807,33.49563746647128,1.8543130000000012,7.722601822642867,0.0,0.0
REDLAT_CU280_Phonological2.txt,203.90444602891066,21.405034000000008,18.81130800000001,87.88263545855617,41.05208999999999,191.7870814874668,1.3771240000000031,6.433645468631363,1.2166019999999946,5.683719072812471
REDLAT_CU322_Phonological.txt,2.815172234038186,61.84666,60.952785,98.55469155488751,0.847215,1.3698637889257077,0.8938750000000013,1.4453084451124787,0.0,0.0
REDLAT_BN00148_Semantic2.txt,4.997094570043989,58.78648,58.399432000000004,99.3416037156843,2.5505679999999984,4.338698285728281,0.38704799999999695,0.6583962843157082,0.0,0.0
REDLAT_SL00287_CraftDe.txt,40.30380542443795,12.79174,12.073895,94.38821458222259,4.437712999999999,34.692020006660535,0.2594530000000006,2.0282854404482937,0.4583919999999999,3.583499977329119
REDLAT_MA502_CraftIm.txt,369.72300086999104,10.271368000000002,9.917879000000006,96.5585012629282,37.62212099999999,366.28150213291923,0.35348899999999617,3.441498737071791,0.0,0.0
REDLAT_CU170_Phonological2.txt,77.01869246184563,13.830387999999994,9.476948999999998,68.52265460665313,6.298545000000001,45.54134706849875,3.7889329999999966,27.395710084200083,0.5645059999999997,4.081635309146786
REDLAT_CU319_Semantic2.txt,89.05815270890209,32.573805,31.552088000000015,96.86337841096555,27.98791199999999,85.92153111986761,1.0217169999999922,3.136621589034478,0.0,0.0
REDLAT_MA597_Fugu.txt,54.29846882015953,30.202592,25.709565000000005,85.12370395229657,11.906518,39.42217277245609,4.229109999999998,14.002473694972927,0.2639169999999993,0.8738223527305183
REDLAT_MA690_Semantic.txt,292.65920955139904,12.817556999999994,9.074746999999995,70.79934967326457,33.768951,263.45855922466365,0.6865079999999963,5.3559972465891645,3.0563020000000023,23.84465308014627
REDLAT_SL00285_Semantic.txt,59.209012952521945,61.43514,25.06000000000001,40.790987047478055,0.0,0.0,19.365139999999997,31.521275934261723,17.00999999999999,27.68773701826022
REDLAT_CU329_CraftIm.txt,229.69731465681224,16.012404000000004,13.625214999999999,85.09162646658176,34.392873,214.78894112339404,1.9952770000000033,12.460820998520914,0.39191200000000137,2.447552534897329
REDLAT_CU331_Phonological.txt,155.8588998924415,25.971915000000003,21.909709999999997,84.35923958629925,36.417336,140.21813947874077,3.349251000000003,12.895664412886005,0.7129539999999999,2.7450960008147254
REDLAT_LO00975_CraftIm.txt,79.05136204713502,24.990398000000006,24.787574000000006,99.18839227770601,19.552425999999993,78.23975432484104,0.20282399999999967,0.8116077222939772,0.0,0.0
REDLAT_AF230_Semantic2.txt,162.6885241411784,15.919313999999998,11.346973000000004,71.27802743258914,21.326555999999997,133.96655157376756,3.205869999999994,20.138242137820725,1.3664710000000007,8.583730429590124
REDLAT_CU393_Semantic.txt,126.1365400433198,29.264718999999992,26.58005899999999,90.82629154922006,34.22884400000001,116.96283159253987,0.7935629999999998,2.7116713473312353,1.891097000000002,6.462037103448704
REDLAT_MA610_CraftDe.txt,40.776533608231944,3.034330999999998,2.0185180000000003,66.52267007126123,0.22148200000000173,7.299203679493169,1.0158129999999979,33.477329928738776,0.0,0.0
REDLAT_MA217_CraftIm.txt,110.15597514135746,13.177228000000001,12.064739000000001,91.5574884186568,13.403014999999996,101.71346356001425,0.2802429999999987,2.126721947893735,0.8322460000000005,6.315789633449466
REDLAT_CU030_Phonological.txt,88.40518769911324,33.30894799999999,21.940468999999986,65.86959456059672,18.078359000000013,54.27478225970998,8.457307000000007,25.39049567101312,2.9111719999999943,8.73990976839015
REDLAT_BN00040_Semantic.txt,46.570047307223064,41.754088999999986,37.164594999999984,89.00827653071295,14.855405000000015,35.57832383793601,2.749494,6.584969438562054,1.8400000000000034,4.406754030725001
REDLAT_BE00160_Fugu.txt,19.005096683315298,43.782787000000006,42.910912999999994,98.00863750404922,7.449087,17.01373418736454,0.8718740000000031,1.9913624959507557,0.0,0.0
REDLAT_MA222_Phonological2.txt,218.98071349587894,15.404658,14.545713999999998,94.42412807866295,32.874286,213.40484157454193,0.8589440000000006,5.575871921337044,0.0,0.0
REDLAT_MA422_Semantic2.txt,44.764801130007356,44.36360599999999,42.47060599999999,95.73298888282436,17.96628000000001,40.497790012831715,0.6698860000000006,1.5099899679029716,1.2231139999999954,2.757021149272662
REDLAT_MA497_CraftIm.txt,121.25318028911481,16.583791,9.321791,56.21025373510797,12.846373999999997,77.46343402422278,3.030165,18.271847492530508,4.231835,25.51789877236152
REDLAT_MA456_Fugu.txt,0.9478597951663953,86.722003,85.9,99.05214020483359,0.0,0.0,0.8220029999999952,0.9478597951663953,0.0,0.0
REDLAT_AF241_Semantic.txt,38.30056646081441,61.452971,38.312606,62.34459518645568,0.39647100000000535,0.6451616472700813,7.969441999999997,12.968359170136782,15.170922999999998,24.68704564340754
REDLAT_MA367_Semantic.txt,55.22721858559766,41.582822,37.208725,89.48100011105547,18.590938999999995,44.70821869665314,0.5537610000000007,1.3317061550079519,3.8203359999999975,9.18729373393657
REDLAT_BN00102_Phonological.txt,74.1777636127715,44.284406000000004,34.947612,78.91629392070878,23.512387999999998,53.09405753348028,9.336794000000001,21.083706079291208,0.0,0.0
REDLAT_MA358_Semantic.txt,355.08753172841244,9.175529999999998,6.124127,66.7441226828314,29.52976,321.8316544112439,0.20529000000000008,2.2373639451889984,2.846112999999999,31.018513371979598
REDLAT_MA599_Phonological2.txt,36.816730620522385,43.03467400000001,40.24119700000001,93.50877620218523,13.050482999999993,30.325506822707638,1.645156999999998,3.822863860895049,1.14832,2.668359936919703
REDLAT_BN00112_CraftIm.txt,30.45453901727963,35.588232,24.750000000000004,69.54546098272037,0.0,0.0,10.838231999999994,30.45453901727963,0.0,0.0
REDLAT_BN00113_Semantic.txt,11.995627620845168,60.633351,53.36,88.00437237915483,0.0,0.0,7.273350999999999,11.995627620845166,0.0,0.0
REDLAT_LO00578_Semantic2.txt,319.81322817322473,52.64252200000001,25.874450999999986,49.15123747300705,141.58967800000005,268.9644656462318,4.2522,8.077500542242257,22.51587100000001,42.77126198475067
REDLAT_AF144_CraftDe.txt,0.20944731978717315,20.382691,20.34,99.79055268021283,0.0,0.0,0.04269100000000137,0.20944731978717315,0.0,0.0
REDLAT_MA627_Semantic.txt,110.36577221154104,11.559216,9.195898999999997,79.5546947128594,10.394101000000003,89.92046692440044,2.043317000000002,17.676951447226195,0.3200000000000003,2.768353839914405
REDLAT_CU244_Phonological2.txt,119.68710759917332,21.91079100000001,16.895608000000003,77.11089937373778,21.20920899999999,96.79800697291111,0.0,0.0,5.015183000000004,22.8891006262622
REDLAT_LO00697_CraftIm.txt,57.23739897540625,22.250770000000006,20.757503999999997,93.28892438329098,11.242495999999997,50.52632335869722,1.4932660000000073,6.711075616709025,0.0,0.0
REDLAT_LO00674_CraftIm.txt,14.842152870498882,80.553698,71.487297,88.74489784441678,2.8895020000000002,3.587050714915658,7.563200000000003,9.389016504245408,1.5032009999999971,1.866085651337816
REDLAT_SL00371_Fugu.txt,49.10122911618879,22.688986,20.742519,91.42109303606605,9.194103999999998,40.52232215225483,0.2230900000000001,0.9832524027296772,1.723377,7.595654561204277
REDLAT_CU419_Semantic2.txt,79.09490469940025,33.18006399999999,31.858161999999997,96.01597513494853,24.921838000000005,75.11087983434876,1.3219019999999941,3.9840248650514796,0.0,0.0
REDLAT_CU431_Semantic2.txt,82.9547385586933,31.783367000000002,30.808779,96.93365400840004,25.391221,79.88839256709335,0.9745880000000009,3.066345991599949,0.0,0.0
REDLAT_LO00579_Fugu.txt,20.89795309911109,172.386754,138.36530299999998,80.2644633589423,2.003852000000016,1.1624164580533933,3.130605999999991,1.8160362831589667,30.890845,17.919500357898727
REDLAT_BE00184_Phonological2.txt,93.05607607584454,35.285208,30.37508900000001,86.08448333363945,27.924910999999994,79.14055940948398,4.910118999999989,13.91551666636056,0.0,0.0
REDLAT_CU169_Semantic.txt,201.41287276473093,20.463980000000006,19.466398000000005,95.12518092765923,40.219508,196.53805369239015,0.6034880000000005,2.9490255561234924,0.3940940000000026,1.9257935162172877
REDLAT_AF272_Phonological.txt,433.6431502556432,8.14825300000001,7.796956000000007,95.68868320608108,34.98304399999999,429.3318334617243,0.3512970000000024,4.311316793918918,0.0,0.0
REDLAT_CU424_CraftIm.txt,37.24079324603269,16.278077000000003,15.097097,92.74496612837005,4.881105,29.985759374402758,0.5491820000000018,3.3737523173038295,0.6317979999999999,3.8812815543261023
REDLAT_MA413_Phonological.txt,140.3030541957881,11.782446999999998,7.122645999999996,60.45133069556772,11.871332000000002,100.7543848913558,0.053779000000001576,0.4564332010150488,4.606022,39.092236103417235
REDLAT_CU446_Phonological.txt,535.656567871743,9.347815000000004,9.347815000000004,100.0,50.072185,535.656567871743,0.0,0.0,0.0,0.0
REDLAT_MA685_Semantic2.txt,124.60668734900737,45.336261000000015,33.873246000000016,74.71557039077396,45.02899799999999,99.32225773978134,1.2352590000000003,2.7246600684604316,10.227756,22.559769540765604
REDLAT_CU439_CraftDe.txt,85.98400464491665,21.156892,18.616003,87.99025395601583,15.650654000000001,73.97425860093252,1.027546000000001,4.856790874576478,1.5133429999999972,7.152955169407668
REDLAT_BE00134_Fugu.txt,31.49002338284057,42.836113,40.555645999999996,94.67629801051277,11.208635000000008,26.166321393353336,1.964748000000002,4.58666266007843,0.31571899999999964,0.737039329408809
REDLAT_MA627_CraftIm.txt,69.86557322158676,12.167293000000003,8.509044000000001,69.93374779418889,4.8424999999999985,39.79932101577563,1.7797929999999993,14.627682591353715,1.8784560000000021,15.438569614457396
REDLAT_CU310_CraftIm.txt,15.623580309886028,20.510638,17.758071,86.57980800012169,0.4519290000000007,2.203388310007717,2.752567000000001,13.42019199987831,0.0,0.0
REDLAT_MA621_Phonological2.txt,122.06923031970676,34.25845799999999,16.372479,47.79105644509745,23.933057,69.86028676480421,7.871514999999997,22.976851439139494,10.014463999999997,29.232092115763063
REDLAT_BE00216_Phonological.txt,468.6923199785693,8.533609,6.402486000000005,75.02670909810848,37.865247,443.7190290766778,1.618855999999995,18.97035591858023,0.5122670000000005,6.002934983311287
REDLAT_MA604_CraftIm.txt,61.77019080584919,14.873391000000002,13.854462999999999,93.14932284103871,8.168394000000001,54.91951364688792,0.721785000000001,4.8528610590550665,0.29714299999999993,1.9978160999062011
REDLAT_CU428_Phonological2.txt,127.9686529178765,26.573828999999996,26.573828999999996,100.0,34.006171,127.96865291787648,0.0,0.0,0.0,0.0
REDLAT_AF152_CraftIm.txt,9.221734528349048,27.220171999999994,25.689999999999998,94.37853662350115,0.9800000000000004,3.6002711518501815,1.5301719999999985,5.621463376498866,0.0,0.0
REDLAT_MA453_CraftDe.txt,14.489186964737378,16.447417,15.672160000000002,95.28645136193725,1.6078400000000004,9.77563832667464,0.7752569999999995,4.71354863806274,0.0,0.0
REDLAT_MA560_CraftDe.txt,32.33513543804803,31.977793999999992,30.005339,93.83179777817071,8.367608,26.166933216218737,1.1054019999999936,3.4567800392985015,0.8670530000000003,2.711422182530791
REDLAT_SL00356_Fugu.txt,28.985950414798722,17.309479,16.706081,96.51406030187276,4.413919,25.500010716671483,0.6033979999999979,3.4859396981272397,0.0,0.0
REDLAT_MA485_CraftIm.txt,17.867281469640155,12.094498,10.29177,85.09464386202717,0.3582299999999998,2.96192533166734,1.8027279999999994,14.905356137972815,0.0,0.0
REDLAT_MA616_CraftIm.txt,76.45656366722227,45.880829999999996,27.588563999999995,60.13091742237444,16.786640000000006,36.5874810895967,3.0674700000000046,6.685733453383483,15.224795999999996,33.18334912424208
REDLAT_BE00172_Semantic.txt,39.785313672889984,43.372301,41.93820899999999,96.693530278691,15.821714,36.478843951580984,1.234014999999998,2.8451683944552495,0.20007700000000028,0.4613013268537454
REDLAT_SL00442_CraftDe.txt,33.891509932668974,23.929821999999994,23.889821999999995,99.83284455688805,8.070178000000004,33.72435448955703,0.04,0.1671554431119463,0.0,0.0
REDLAT_AF162_Semantic2.txt,55.951618511239054,38.63998500000001,37.700303000000005,97.56810982198878,20.680014999999997,53.51972833322785,0.0,0.0,0.9396820000000012,2.4318901780112
REDLAT_AF257_Phonological2.txt,51.41202244933317,40.898854,38.985963000000005,95.32287383895893,19.114037,46.73489628829209,1.9128909999999968,4.677126161041081,0.0,0.0
REDLAT_CU338_Fugu.txt,83.95295182421994,33.34148400000001,25.447451,76.32369033124019,20.097127,60.27664215546013,5.1386110000000045,15.41206444200265,2.7554220000000003,8.264245226757152
REDLAT_CU184_Semantic2.txt,13.285715041648402,58.773073000000004,55.624515,94.64285626174421,4.659864999999995,7.9285713033926175,1.692937999999998,2.880465345073922,1.455620000000003,2.4766783931818623
REDLAT_BE00172_CraftIm.txt,28.872083862458066,22.403350000000003,21.932518,97.89838573249088,5.997481999999998,26.770469594948956,0.470832000000001,2.1016142675091047,0.0,0.0
REDLAT_MA487_CraftDe.txt,60.777021692059854,23.56963800000001,16.414598000000016,69.6429788187668,7.169883999999994,30.420000510826647,5.0395219999999945,21.38141451302728,2.115517999999998,8.975606668205923
REDLAT_MA478_Semantic.txt,345.972161598943,11.63148699999999,10.442637999999992,89.77904544792942,39.052858000000015,335.7512070468724,0.7943449999999999,6.829264392420338,0.39450399999999775,3.3916901596502504
REDLAT_CU148_Semantic2.txt,95.47003063430111,35.856865000000006,16.894315000000002,47.11598462386491,15.270009999999997,42.58601525816603,8.036875000000007,22.413769301917515,10.925674999999993,30.47024607421756
REDLAT_AF050_Phonological.txt,138.8852443493447,14.531632999999996,6.355778999999994,43.73754140363988,12.006440000000003,82.62278575298458,4.848073,33.36220368350895,3.3277810000000017,22.900254912851175
REDLAT_BN00165_CraftIm.txt,12.395575302064358,31.664444000000003,31.459727,99.35347988425124,3.720272999999998,11.749055186315596,0.20471700000000226,0.646520115748763,0.0,0.0
REDLAT_MA422_Fugu.txt,124.40036306821953,48.67074299999999,47.233418999999984,97.04684187788133,59.10925700000002,121.44720494610087,0.0,0.0,1.4373240000000045,2.9531581221186713
REDLAT_MA607_Semantic2.txt,81.44237485148935,33.065815,32.77811500000001,99.12991710623194,26.641885,80.57229195772128,0.2876999999999964,0.8700828937680696,0.0,0.0
REDLAT_MA606_Semantic.txt,39.04007303040063,43.96415700000001,43.20025900000001,98.26245275213624,16.399740999999995,37.302525782536875,0.7638979999999991,1.7375472478637517,0.0,0.0
REDLAT_CU378_CraftIm.txt,37.25957288331079,21.051389999999998,19.313866,91.7462742365231,6.106134000000001,29.0058471198339,1.737523999999997,8.253725763476886,0.0,0.0
REDLAT_MA251_Phonological.txt,143.3418631786733,38.45634400000003,26.42357800000002,68.71058257644044,43.09127399999996,112.05244575511372,2.7276180000000028,7.0927647204320845,9.305148000000006,24.19665270312747
REDLAT_MA613_Fugu.txt,4.297833863357717,56.725692,54.618858,96.28592631360054,0.33114200000000027,0.5837601769582648,2.106833999999999,3.7140736863994523,0.0,0.0
REDLAT_MA351_Fugu.txt,21.280808795915103,33.137654999999995,30.662846999999996,92.53173466861189,4.5771530000000045,13.812543464527002,2.474807999999996,7.468265331388103,0.0,0.0
REDLAT_MA283_Fugu.txt,3.694583118792295,83.754375,80.66,96.3054168812077,0.0,0.0,3.0943749999999937,3.6945831187922944,0.0,0.0
REDLAT_MA690_Semantic2.txt,407.00920485386735,12.443109,6.831098000000003,54.898643096351584,45.032588,361.90784795021887,1.2756969999999983,10.252236800304477,4.336314,34.84912010334395
REDLAT_AF230_Fugu.txt,85.66324273738097,12.883541000000001,12.883541000000001,100.0,11.036459,85.66324273738097,0.0,0.0,0.0,0.0
REDLAT_MA286_Semantic.txt,116.60374652128318,39.069363,21.656771000000003,55.43159482789623,28.143749,72.03534134917939,1.7931120000000078,4.589560367288322,15.619479999999994,39.97884480481546
REDLAT_MA431_CraftIm.txt,14.691411435209192,24.510824,23.654919,96.50805293204341,2.745081,11.199464367252608,0.8559049999999988,3.4919470679565845,0.0,0.0
REDLAT_SL00282_CraftIm.txt,82.1734889185406,24.406261999999995,17.73252300000001,72.65562829736079,13.381737999999995,54.82911721590139,4.147999999999989,16.995638250544022,2.5257389999999944,10.348733452095184
REDLAT_MA455_CraftIm.txt,18.8642369584448,11.043219,8.96,81.1357630415552,0.0,0.0,2.0832189999999984,18.8642369584448,0.0,0.0
REDLAT_CU472_Semantic.txt,119.72888544658298,26.695283999999997,26.406659,98.91881652204937,31.673340999999997,118.64770196863236,0.28862499999999314,1.0811834779506118,0.0,0.0
REDLAT_AF261_Phonological.txt,166.45751754667873,20.602046999999995,18.213273,88.4051618754195,31.904882,154.86267942209824,1.8069289999999922,8.77062847201539,0.5818450000000013,2.8242096525651137
REDLAT_BN00102_CraftDe.txt,66.83916294350432,9.843111,5.997029000000001,60.92615434286986,2.7329709999999987,27.765317286374184,3.846082,39.07384565713015,0.0,0.0
REDLAT_MA613_Phonological2.txt,254.34885790275212,17.30802700000001,16.94262900000001,97.88885238045908,43.65737099999999,252.2377102832112,0.36539799999999995,2.1111476195409202,0.0,0.0
REDLAT_MA364_Fugu.txt,36.219394979768346,44.566707999999984,44.37245799999999,99.56413652989582,15.947542000000015,35.783531509664165,0.19425,0.43586347010418647,0.0,0.0
REDLAT_MA452_Semantic.txt,96.93172419980526,31.454277999999984,30.39255199999999,96.62454181908103,29.427448000000012,93.55626601888629,1.0617259999999933,3.375458180918964,0.0,0.0
REDLAT_BE00172_Phonological2.txt,24.82287722173851,47.484717,46.62882200000001,98.19753585137721,10.931177999999992,23.020413073115698,0.8558950000000015,1.8024641486228117,0.0,0.0
REDLAT_MA605_Phonological2.txt,127.2931387511507,32.20603200000001,16.537181999999994,51.34808907846825,25.327219,78.64122782961898,3.113251000000009,9.666670516877112,12.555599,38.985240404654625
REDLAT_BN00049_CraftDe.txt,81.88305372007491,27.568315999999996,18.943401,68.71439300100886,13.948864000000002,50.59744672108374,6.6671799999999966,24.18421204980383,1.9577350000000013,7.101394949187326
REDLAT_MA502_CraftDe.txt,39.18004504946387,21.203359999999993,18.457936999999998,87.0519436542133,5.562063000000005,26.231988703677185,2.745422999999997,12.948056345786696,0.0,0.0
REDLAT_MA358_Semantic2.txt,305.70362846823105,16.042472,11.368368999999998,70.86419723843058,44.36831599999999,276.5678257066616,0.530788,3.3086422092555314,4.143315000000003,25.827160552313902
REDLAT_MA442_Phonological.txt,89.18541739831926,38.43467800000001,24.124044000000012,62.76634866044671,19.967493999999995,51.95176605876596,7.152172000000002,18.608642955197904,7.158462,18.625008384355393
REDLAT_LO00654_Phonological2.txt,6.858783674836491,69.361584,64.978417,93.68069939117883,0.3741940000000051,0.5394830660153395,3.915777999999997,5.645456424409219,0.46738899999999717,0.6738441844119322
REDLAT_CU230_Phonological2.txt,522.2030071935013,11.510666000000018,5.302652000000012,46.06729098038292,53.90103,468.27029817388427,0.911696000000008,7.920445263549533,5.296317999999999,46.01226375606755
REDLAT_CU228_CraftDe.txt,91.30696691803168,15.279109000000002,15.279109000000002,100.0,13.950891000000002,91.30696691803168,0.0,0.0,0.0,0.0
REDLAT_SL00404_CraftDe.txt,31.02184910919938,24.302913,22.90185,94.23499973027924,6.1381499999999996,25.25684883947862,1.4010630000000006,5.765000269720756,0.0,0.0
REDLAT_CU404_Semantic2.txt,3.001536261058439,58.990625,57.22,96.99846373894157,0.0,0.0,1.7706250000000048,3.001536261058439,0.0,0.0
REDLAT_CU170_Fugu.txt,17.207277356538132,58.008811,51.873537000000006,89.42354808823785,3.846462999999998,6.630825444775963,6.135274000000003,10.576451911762168,0.0,0.0
REDLAT_MA589_CraftIm.txt,40.745337423504935,43.122885,39.76116,92.20431332458392,14.208839999999995,32.94965074808886,3.361724999999998,7.795686675416077,0.0,0.0
REDLAT_MA451_CraftDe.txt,147.51174360679389,34.561571,16.475946999999984,47.671290752379235,32.89675200000001,95.18303435917312,5.08832300000002,14.722487585995498,12.997300999999995,37.60622166162526
REDLAT_MA425_Phonological2.txt,275.9415501370779,16.666797000000003,8.602526999999995,51.61475837258949,37.926348,227.55630850966742,2.943145000000004,17.658731908716497,5.121125000000003,30.726509718694015
REDLAT_LO00654_CraftIm.txt,52.86637235516781,42.278108,36.378051000000006,86.04465223467427,16.450844999999997,38.91102458984209,3.308952999999994,7.826634531516864,2.5911040000000005,6.128713233808854
REDLAT_CU289_CraftIm.txt,15.039016736725857,42.593516,42.293935,99.2966511616463,6.106065000000003,14.335667898372144,0.29958100000000343,0.7033488383537143,0.0,0.0
REDLAT_CU148_CraftIm.txt,4.993310199893805,29.49266,28.02,95.00668980010619,0.0,0.0,1.4726600000000003,4.993310199893805,0.0,0.0
REDLAT_CU301_Phonological2.txt,197.53960442816046,20.446955999999993,19.918059999999993,97.413326462873,39.861940000000004,194.95293089103345,0.528896,2.586673537126994,0.0,0.0
REDLAT_SL00364_Semantic.txt,39.51911024215741,48.349334999999996,44.133475000000004,91.28041781753568,14.891366999999995,30.79952805969306,2.0407020000000013,4.2207447113802115,2.175157999999996,4.498837471084134
REDLAT_CU546_Phonological2.txt,220.7090077921089,11.537954999999993,5.836398999999993,50.58434531942616,19.763750000000005,171.29335311153508,3.111705000000004,26.969293952004545,2.589850999999997,22.446360728569307
REDLAT_CU194_Semantic2.txt,71.46369348406057,43.163354000000005,23.509779,54.46698836239649,11.192551999999997,25.93068184645706,17.935906000000003,41.55355026395771,1.7176690000000008,3.979461373645803
REDLAT_CU546_Phonological.txt,125.68376068587153,20.244839000000006,16.270182000000005,80.36706046415088,21.469817999999993,106.0508211500224,3.9746570000000006,19.63293953584911,0.0,0.0
REDLAT_MA619_CraftDe.txt,142.72094979214108,9.473736000000002,3.066365000000003,32.367009171461,7.1136349999999995,75.08795896360209,6.227370999999999,65.73300121514889,0.17999999999999994,1.8999896133901122
REDLAT_MA482_CraftIm.txt,114.23018960195816,6.412591999999999,6.393737999999999,99.70598472505344,7.306262,113.93617432701163,0.01885400000000015,0.294015274946545,0.0,0.0
REDLAT_CU021_Fugu.txt,34.99426994553237,23.721414999999993,19.75454799999999,83.27727498549304,4.334269000000006,18.271544931025435,2.7156840000000018,11.448237805375449,1.2511829999999993,5.274487209131494
REDLAT_MA731_Phonological.txt,127.99725919677446,31.91181300000002,15.96087300000001,50.01556320225366,24.89530599999998,78.01282239902812,1.907118999999998,5.976216393596931,14.043821000000012,44.008220404149405
REDLAT_MA497_CraftDe.txt,74.0220129745297,21.374031000000006,13.256533000000001,62.02167948572732,7.703990000000001,36.04369246025703,5.3180210000000105,24.880758337068045,2.799476999999994,13.097562177204635
REDLAT_AF144_CraftIm.txt,18.392905310448363,20.115778,19.977950999999997,99.31483137266676,3.562049000000002,17.707736683115126,0.13782700000000148,0.685168627333238,0.0,0.0
REDLAT_CU390_Phonological2.txt,327.6687353147771,14.672062000000002,11.681909999999998,79.62009702521702,45.08560799999999,307.2888323399941,0.2776700000000005,1.8925083604472261,2.7124820000000023,18.48739461433575
REDLAT_CU393_Phonological2.txt,40.14417863411978,46.310884,45.639880000000005,98.55108790408752,17.920119999999997,38.6952665382073,0.6710039999999995,1.4489120959124846,0.0,0.0
REDLAT_CU444_Fugu.txt,10.910967864253413,21.562001,20.324689,94.26160865125644,1.1153110000000002,5.1725765155098555,1.2373119999999993,5.738391348743558,0.0,0.0
REDLAT_MA502_Semantic2.txt,607.0247905207877,8.790012999999998,6.545988999999997,74.47075448011282,51.113534,581.4955450009005,0.1635470000000001,1.8606002061657947,2.080477000000002,23.668645313721406
REDLAT_MA357_Fugu.txt,20.327982220107945,39.057605,36.928991,94.55006521777258,5.811008999999993,14.878047437880518,2.128614,5.449934782227429,0.0,0.0
REDLAT_CU292_CraftDe.txt,16.007399767310908,19.480072000000003,18.612706000000006,95.54741892124426,2.250886999999997,11.554818688555137,0.17095899999999986,0.8776096926130449,0.6964070000000007,3.5749713861427233
REDLAT_SL00342_CraftIm.txt,20.750662783023245,56.65126999999999,56.57787799999999,99.87044950625115,11.682122000000012,20.62111228927439,0.07339199999999835,0.12955049374885746,0.0,0.0
REDLAT_CU411_Phonological.txt,247.44039387527263,22.567144000000017,4.371799000000006,19.37240707109417,37.64488499999999,166.8128009463668,10.132029000000003,44.897258598606875,8.063316000000007,35.73033433029896
REDLAT_CU288_Fugu.txt,1.5537786429366074,89.9,88.503153,98.4462213570634,0.0,0.0,1.3800000000000103,1.5350389321468412,0.016846999999999834,0.01873971078976622
REDLAT_CU244_Semantic2.txt,108.0768383431985,21.860335999999986,16.353146999999986,74.80739088365337,18.11877100000001,82.88422922685187,2.979106999999998,13.627910385274955,2.528082000000002,11.564698731071672
REDLAT_MA685_Phonological2.txt,129.76480104733372,22.032326000000012,9.254523000000002,42.004294054109394,15.812400999999992,71.76909510144314,8.544727000000005,38.78268231869844,4.2330760000000005,19.213023627192147
REDLAT_BN00152_Phonological2.txt,264.23063047654205,16.323826999999998,15.565638000000003,95.35532323394511,42.374362,259.58595371048716,0.7581889999999945,4.6446767660548876,0.0,0.0
REDLAT_CU408_Phonological.txt,710.0367156317209,7.660225000000001,4.569590000000002,59.65346970878794,51.299775,669.6901853405088,0.0,0.0,3.090635,40.34653029121206
REDLAT_AF172_CraftDe.txt,18.842845274228093,17.444547,17.178749000000003,98.47632615510166,3.0212509999999986,17.319171429329742,0.26579799999999976,1.52367384489835,0.0,0.0
REDLAT_MA479_CraftIm.txt,65.64737945476283,15.358673999999995,10.558424000000002,68.74567426849482,5.282317000000003,34.39305372325765,1.9409909999999968,12.637751149610946,2.859258999999996,18.616574581894223
REDLAT_AF230_CraftDe.txt,20.93746330295568,23.613958999999998,18.669795,79.06253669704434,0.0,0.0,4.723959,20.00494283910631,0.22020499999999998,0.9325204638493698
REDLAT_CU008_Semantic2.txt,70.74724396843776,36.181008000000006,35.76197100000001,98.84183160402829,25.178028999999995,69.58907557246607,0.41903699999999344,1.1581683959717026,0.0,0.0
REDLAT_BN00164_CraftDe.txt,89.97663112481465,20.861508999999998,20.519516999999997,98.36065550195816,18.428491000000005,88.33728662677281,0.0,0.0,0.3419920000000003,1.6393444980418261
REDLAT_MA765_Phonological.txt,145.83732811499456,26.28116100000001,24.486709000000005,93.17209768624755,36.533291,139.00942580124212,1.7944520000000068,6.827902313752448,0.0,0.0
REDLAT_MA590_Fugu.txt,234.26240316498195,51.432839999999956,36.78835999999998,71.52698548242721,105.84332700000002,205.7893886474091,4.2361669999999805,8.236307775343505,10.408312999999993,20.236706742229288
REDLAT_MA633_Phonological.txt,258.4120812228147,17.037282000000005,16.533605,97.043677506776,43.522718,255.45575872959068,0.0,0.0,0.5036770000000002,2.9563224932239778
REDLAT_CU184_Phonological2.txt,72.49354382437603,36.49916199999999,34.799813,95.34414242168083,24.760187000000002,67.83768624605685,1.6993489999999978,4.65585757831919,0.0,0.0
REDLAT_SL00404_CraftIm.txt,20.917338218985993,29.788445999999997,28.428747999999995,95.43548528849071,4.871252000000004,16.352823507476703,1.3596979999999994,4.564514711509286,0.0,0.0
REDLAT_MA417_Semantic2.txt,46.866316286039286,43.303763999999994,37.241029999999995,85.99952188913647,14.23214500000001,32.865838175175746,4.575909000000003,10.567000596068285,1.4868249999999996,3.433477514795249
REDLAT_CU331_Semantic.txt,109.20175116605944,29.23971700000001,29.23971700000001,100.0,31.93028299999999,109.20175116605944,0.0,0.0,0.0,0.0
REDLAT_LO00881_Semantic.txt,14.705336371238916,53.67557600000001,52.64120100000001,98.07291308806822,6.858798999999992,12.778249459307137,1.034374999999995,1.9270869119317784,0.0,0.0
REDLAT_BE00149_CraftIm.txt,112.39505061611614,8.448001,7.096433,84.00132765135801,8.143567,96.39637826747416,1.3515679999999994,15.998672348641998,0.0,0.0
REDLAT_SL00351_CraftIm.txt,96.35041184696186,21.60972600000001,15.351173000000003,71.03825842123123,14.562507000000002,67.38867026819311,4.862233000000005,22.500206619926615,1.396319999999999,6.461534958842136
REDLAT_CU239_CraftDe.txt,109.50927233379811,22.189721000000013,13.066079999999996,58.8834803285719,15.17616099999999,68.39275266237003,5.295882000000002,23.866374885921275,3.827759000000013,17.250144785506816
REDLAT_MA243_CraftDe.txt,212.3383109272857,8.582058000000002,3.7017130000000016,43.13316223218254,13.342652,155.47147315946822,1.6647099999999995,19.39756175034006,3.2156350000000007,37.4692760174774
REDLAT_MA564_Phonological2.txt,26.837607433399107,52.21804900000001,46.17198700000001,88.42150919885958,7.968012999999994,15.25911663225869,6.046061999999997,11.578490801140418,0.0,0.0
REDLAT_MA483_Semantic.txt,61.13803156298408,38.142211,36.900603000000004,96.74479279662106,22.077788999999992,57.88282435960514,0.0,0.0,1.2416079999999994,3.2552072033789528
REDLAT_SL00288_Fugu.txt,16.038899653774855,77.33580399999998,71.505996,92.46169600822927,6.574004000000009,8.500595662004123,1.089807999999993,1.4091894615849514,4.739999999999995,6.12911453018578
REDLAT_MA712_Semantic.txt,12.586890500243994,53.918869,50.21608,93.13266567219725,3.083919999999999,5.719556172441227,3.7027890000000045,6.867334327802768,0.0,0.0
REDLAT_MA721_CraftIm.txt,15.934473175237207,18.767397999999996,18.338455999999997,97.71443009840789,2.5615440000000036,13.648903273645095,0.4289419999999997,2.285569901592111,0.0,0.0
REDLAT_LO00654_Semantic2.txt,78.02153308856826,43.826782999999985,38.63955699999999,88.16425563336466,29.007102000000007,66.18578872193294,4.223884999999994,9.63767977220686,0.9633409999999998,2.1980645944284802
REDLAT_MA525_Semantic2.txt,6.617655745017659,58.747722,54.86,93.38234425498234,0.0,0.0,3.8877220000000032,6.617655745017659,0.0,0.0
REDLAT_CU652_Semantic.txt,93.59951838357486,39.068435,21.299521000000006,54.518490438636725,18.798952999999997,48.11800882221158,4.587387999999997,11.741929258236214,13.181525999999998,33.73958030312706
REDLAT_MA566_Phonological2.txt,88.29881640002864,33.63247799999999,32.387698999999984,96.298878126078,28.452301000000013,84.59769452610664,1.2447790000000045,3.701121873922001,0.0,0.0
REDLAT_MA418_Fugu.txt,4.299101741414822,65.964524,63.244321,95.87626373230557,0.11567900000000009,0.1753654737203896,2.720202999999998,4.123736267694432,0.0,0.0
REDLAT_MA616_Phonological2.txt,699.5103373642639,7.945062000000009,4.232790000000007,53.27573277590536,51.86425799999999,652.7860701401693,0.44931999999999994,5.655336610337332,3.262952000000002,41.0689306137573
REDLAT_MA617_Fugu.txt,98.59865705575082,17.71957400000001,17.544156000000008,99.01003263396738,17.295843999999995,97.6086896897182,0.17541800000000096,0.9899673660326194,0.0,0.0
REDLAT_LO00608_Semantic.txt,27.749363640354023,47.66015599999999,47.355422999999995,99.36061266773864,12.920657000000006,27.10997630809267,0.020812999999996862,0.043669601081450224,0.28392000000000195,0.5957177311799021
REDLAT_BN00170_Semantic.txt,1.8388055514126176,61.449945,60.32,98.16119444858738,0.0,0.0,1.1299450000000002,1.8388055514126176,0.0,0.0
REDLAT_LO00578_Semantic.txt,178.95936393508111,84.35302500000003,39.87126000000002,47.26713712993696,106.47587200000001,126.2265010650181,8.688897000000033,10.300634743093125,35.792867999999984,42.432228126969925
REDLAT_CU023_Semantic.txt,109.99986916446582,32.942120999999986,22.07160599999999,67.00116850399523,25.365775000000006,77.00103766846105,3.107896000000001,9.434413770746584,7.762618999999997,23.564417725258192
REDLAT_CU443_CraftIm.txt,56.88338264842317,46.854150999999995,23.812875000000005,50.82340516638538,3.610949999999999,7.7067878148085525,5.845100999999991,12.475097457213538,17.196175,36.701497376401086
REDLAT_MA633_Semantic.txt,83.32973591894522,38.263593,17.882590999999994,46.73526346571791,11.503948999999995,30.064999384663107,4.687542000000013,12.250658217068148,15.693459999999998,41.01407831721396
REDLAT_MA685_CraftIm.txt,98.95290792787614,63.443991,46.24424699999999,72.88987699402452,45.57993000000001,71.84278492190066,2.3039210000000043,3.6314250785389657,14.895823000000007,23.478697927436514
REDLAT_AF523_Semantic2.txt,253.73330177242002,15.825481999999996,15.825481999999996,100.0,40.154518,253.73330177242005,0.0,0.0,0.0,0.0
REDLAT_MA425_Semantic.txt,101.62673398890978,32.139551000000004,27.952280000000005,86.9715945938386,28.475104999999992,88.59832858274837,1.6546559999999997,5.148348214323216,2.532615,7.880057191838179
REDLAT_CU239_Semantic2.txt,296.3754615915558,15.447098000000004,13.938592000000007,90.2343728252388,44.272901999999995,286.60983441679457,0.0,0.0,1.508505999999997,9.765627174761217
REDLAT_LO00795_Semantic.txt,6.758017576473307,57.569796999999994,56.74961,98.57531719279815,3.0703900000000033,5.33333476927147,0.820186999999999,1.4246828072018372,0.0,0.0
REDLAT_LO00487_Phonological.txt,145.2595195536405,18.140714,15.904800000000002,87.67460861794086,24.115199999999998,132.93412817158134,2.235913999999996,12.325391382059143,0.0,0.0
REDLAT_CU338_Phonological2.txt,67.65145845569597,42.472802,29.188212999999998,68.72212716269577,15.448881,36.37358561839174,5.711683000000004,13.44786011528037,7.5729060000000015,17.830012722023852
REDLAT_BN00115_Phonological2.txt,56.76547637438705,40.159212,38.616426,96.15832601496264,21.253782000000005,52.92380238934969,0.6729939999999957,1.6758147545325235,0.8697920000000039,2.1658592305048314
REDLAT_AF202_CraftDe.txt,15.547691783412446,19.285062,19.033340000000003,98.69473066770541,2.7466599999999985,14.242422451117855,0.2517219999999972,1.3052693322945876,0.0,0.0
REDLAT_BN00141_Phonological.txt,10.899145614042,56.151906000000004,55.00591400000001,97.95912181502798,4.974085999999993,8.858267429069981,1.1459919999999955,2.040878184972021,0.0,0.0
REDLAT_BN00093_Phonological.txt,167.1951612235668,22.590835000000016,19.27448100000002,85.31991402708225,34.45442899999999,152.51507525064906,1.7652640000000022,7.814071502890446,1.551089999999995,6.866014470027309
REDLAT_CU226_Semantic.txt,35.835162054442044,54.68575800000001,35.631797999999996,65.15736327546195,0.5427699999999973,0.9925253299039893,13.108528000000007,23.97064332545231,5.945432000000004,10.871993399085742
REDLAT_CU474_Phonological.txt,165.26937549702146,19.892250999999998,4.5606230000000005,22.926631078604434,17.544171,88.19600657562586,11.776421999999993,59.201052711430165,3.5552060000000054,17.872316209965405
REDLAT_CU315_Phonological2.txt,11.066831929750572,64.41527300000001,57.286543,88.93316807024941,0.0,0.0,5.555273000000003,8.624155019881702,1.5734569999999977,2.4426769098688714
REDLAT_CU381_Semantic2.txt,91.38243561322848,32.590855999999995,31.384269,96.29777444323648,28.575731,87.68021005646493,1.2065870000000007,3.7022255567635316,0.0,0.0
REDLAT_MA563_Fugu.txt,4.545575525214399,61.956269,59.14,95.4544244747856,0.0,0.0,2.8162689999999957,4.545575525214399,0.0,0.0
REDLAT_CU192_Phonological.txt,218.76361106114527,17.306236999999992,12.079176999999994,69.79666925860313,32.632689,188.5602803197484,1.7889259999999958,10.336886060210528,3.438134000000004,19.86644468118636
REDLAT_CU392_CraftIm.txt,55.89368332578469,9.092158000000001,6.4288810000000005,70.70797713810076,2.418665,26.601660463885466,1.890823,20.796196018590962,0.7724539999999998,8.495826843308262
REDLAT_AF109_CraftDe.txt,26.91501640546367,33.71133,33.35896,98.95474310862255,8.72104,25.86975951408622,0.35236999999999596,1.0452568913774567,0.0,0.0
REDLAT_CU422_Fugu.txt,30.41933981509839,29.658690999999994,24.230081,81.69639381589701,3.5933680000000034,12.115733630995393,2.352059000000003,7.930420799758166,3.076550999999995,10.373185384344831
REDLAT_CU038_Semantic2.txt,101.4681967782892,32.258822999999985,30.813014999999993,95.51810058290101,31.28663800000001,96.98629736119022,0.8954609999999903,2.77586383111371,0.5503470000000021,1.706035585985274
REDLAT_MA560_Semantic2.txt,89.7450305284514,38.20567199999999,24.091957,63.05858721710223,20.173977000000008,52.80361774555362,4.239648999999995,11.09690990384882,9.874066,25.844502879048957
TOTAL,70.59744348908424,54603.21664899995,46090.814395,84.41043810895003,30036.072762999982,55.00788159803418,4684.609412000003,8.579365281927583,3827.7928419999944,7.0101966091224766
