metric,value
WER_mean,0.07884757017599878
WER_std,0.13732244122354303
