metric,value
WER_mean,0.0791680829965116
WER_std,0.1378360789234189
