,diarization error rate,total,correct,correct,false alarm,false alarm,missed detection,missed detection,confusion,confusion
,%,,,%,,%,,%,,%
item,,,,,,,,,,
REDLAT_CU365_Semantic.txt,97.16805806923631,32.512637,23.684899999999995,72.84828972808326,22.76416100000001,70.01634779731958,3.4567980000000045,10.632167424623246,5.370938999999996,16.51954284729349
REDLAT_CU024_Phonological2.txt,89.76041161412516,39.241802,15.791172000000003,40.240690272072634,11.772972999999997,30.001101886197777,19.414774999999985,49.47472850507727,4.035855000000012,10.284581222850093
REDLAT_CU367_Semantic.txt,26.450812681957576,49.70560700000001,49.09903500000001,98.77967087294597,12.540964999999996,25.230483554903564,0.6065719999999973,1.2203291270540106,0.0,0.0
REDLAT_CU356_CraftIm.txt,90.80243350349689,11.341836999999998,7.917398999999998,69.8070250877349,6.874226000000003,60.60945859123178,1.4860630000000017,13.102489482083035,1.938374999999999,17.090485430182074
REDLAT_CU411_CraftIm.txt,54.43163946411945,0.950585,0.6265830000000001,65.9155151827559,0.19341699999999995,20.34715464687534,0.3240019999999999,34.08448481724411,0.0,0.0
REDLAT_CU008_Semantic.txt,65.79255730457835,43.501498000000005,35.514988,81.64083912696523,20.634237999999996,47.433396431543564,4.495736000000012,10.334669394603404,3.490773999999997,8.024491478431377
REDLAT_CU482_Fugu.txt,35.5660152384152,29.44151300000001,28.18473400000001,95.73126897384654,9.214393999999995,31.297284212261754,0.8959070000000011,3.043005975949676,0.3608720000000005,1.225725050203773
REDLAT_CU577_CraftDe.txt,82.4255932669407,7.579556,6.746031,89.00298381593856,5.413969,71.42857708287926,0.8335249999999998,10.99701618406144,0.0,0.0
REDLAT_CU117_Fugu.txt,31.022682501109234,28.650456000000002,24.661158,86.07597030916367,4.898842000000001,17.0986528102729,3.9892980000000007,13.924029690836335,0.0,0.0
REDLAT_CU443_Phonological.txt,141.83753719334342,28.127680999999995,17.61086500000001,62.6104405834239,29.378793999999996,104.4479777767673,3.966474999999996,14.101677987602306,6.550340999999989,23.287881428973794
REDLAT_CU311_Semantic2.txt,119.07491625829245,27.763346,18.591336000000005,66.96360013666943,23.88717099999999,86.03851639496187,3.1705169999999967,11.419794285602306,6.001492999999998,21.61660557772827
REDLAT_CU140_Fugu.txt,20.153418644053687,27.016925000000004,23.022791,85.21617837707288,1.4506999999999994,5.369597021126569,0.08762500000000273,0.3243337278391331,3.906509,14.459487895087983
REDLAT_CU192_CraftIm.txt,47.14516952245455,34.449979,32.258787000000005,93.63949684845964,14.050308999999999,40.78466637091418,1.900287999999996,5.516078834184474,0.2909039999999976,0.8444243173558904
REDLAT_CU090_Semantic.txt,55.958225889393034,57.81580899999999,50.79700299999998,87.86005744553363,25.33389500000002,43.818283334926655,1.7897040000000126,3.095527038288114,5.229101999999987,9.044415516178262
REDLAT_CU384_Semantic2.txt,213.07139574146638,19.777229999999996,18.498805,93.53587433629484,40.861195,206.6072700777612,1.2784249999999973,6.464125663705168,0.0,0.0
REDLAT_CU396_Fugu.txt,121.33123255132621,10.721086999999999,9.271973,86.48351608377024,11.558913000000002,107.81474863509645,0.0,0.0,1.4491139999999998,13.516483916229763
REDLAT_CU650_CraftDe.txt,40.113519617608496,16.232789000000004,13.490739000000005,83.10795513944032,3.769492999999997,23.22147475704881,2.2422819999999977,13.813288646824628,0.49976800000000043,3.0787562137350535
REDLAT_CU415_Phonological.txt,153.1962795423834,23.957698,23.597698,98.49735145672176,36.342302,151.69363099910515,0.36,1.5026485432782397,0.0,0.0
REDLAT_CU305_Fugu.txt,92.96183052254234,14.279550999999998,12.058033,84.44266209770883,11.053014000000001,77.40449262025118,0.41256499999999896,2.8892014881980463,1.808952999999999,12.668136414093128
REDLAT_CU614_CraftIm.txt,35.503357958323825,53.724014,51.969389,96.73400241463716,17.319204000000003,32.23736037296097,1.2032180000000015,2.239627887819405,0.5514069999999975,1.0263696975434442
REDLAT_CU382_Phonological.txt,118.20607639731988,25.904626000000007,24.881892000000004,96.05192524300485,29.598107999999996,114.25800164032474,1.022734000000003,3.9480747569951506,0.0,0.0
REDLAT_CU172_CraftIm.txt,43.20564392570901,22.093558,19.367246,87.6601496237048,6.819351999999997,30.865793549413798,1.9229100000000008,8.703487233699528,0.803402000000002,3.636363142595692
REDLAT_CU331_Phonological2.txt,348.1199659270665,13.424145,12.656008,94.27794470336845,45.963992000000005,342.39791063043504,0.768136999999999,5.722055296631547,0.0,0.0
REDLAT_CU593_Fugu.txt,102.19810234162487,8.149939,7.8204280000000015,95.95688998408457,7.999572,98.15499232570943,0.3295109999999992,4.043110015915447,0.0,0.0
REDLAT_CU127_Semantic.txt,48.264900675752756,52.97558400000001,34.29496100000002,64.7372967138975,6.887989999999979,13.002197389650254,6.093573999999997,11.502608446940377,12.587048999999999,23.760094839162125
REDLAT_CU415_Fugu.txt,2.133634405516715,56.219519000000005,55.019999999999996,97.86636559448328,0.0,0.0,1.1995190000000069,2.133634405516715,0.0,0.0
REDLAT_CU189_CraftIm.txt,34.0348667035294,24.820012000000013,22.101277000000003,89.04619788257956,5.728722999999997,23.08106458610896,2.7187350000000094,10.953802117420443,0.0,0.0
REDLAT_CU069_Semantic.txt,280.52934027415756,16.258011000000007,9.787073000000008,60.198464621533375,39.13755299999999,240.72780489569095,1.295563999999997,7.968773055941447,5.1753740000000015,31.83276232252518
REDLAT_CU651_Semantic.txt,60.750638652238855,45.237452000000005,24.606517000000004,54.39412679564711,6.851106000000003,15.144765447885973,10.778558000000002,23.82662489478851,9.852376999999994,21.77924830956437
REDLAT_CU404_Phonological.txt,275.63392118702916,15.401677999999993,7.179388000000005,46.61432345228882,34.229959,222.24824463931796,1.9516369999999994,12.671586823201993,6.27065299999999,40.714089724509186
REDLAT_CU222_CraftIm.txt,19.344041558335963,34.626217999999994,33.154053999999995,95.7484123735373,5.225946000000007,15.092453931873264,1.4721639999999994,4.251587626462698,0.0,0.0
REDLAT_CU122_Phonological.txt,339.41361182529926,14.062595999999983,11.696334999999992,83.17336998090542,45.36410400000001,322.5869818062047,0.9566999999999948,6.803153557138354,1.4095609999999965,10.023476461956228
REDLAT_CU547_CraftIm.txt,15.456420764320434,23.191319999999997,21.643386,93.32537345869059,2.0366139999999984,8.781794223011017,1.5479339999999988,6.674626541309417,0.0,0.0
REDLAT_CU390_Fugu.txt,5.983790354961536,38.74495700000001,36.88327000000001,95.19502112236182,0.45672999999999875,1.1788114773233551,1.8616869999999963,4.804978877638181,0.0,0.0
REDLAT_CU421_Phonological.txt,146.5947658584313,25.53480800000001,25.51105800000001,99.90698970597312,37.408941999999996,146.50175556440442,0.023749999999999716,0.09301029402688168,0.0,0.0
REDLAT_CU329_Fugu.txt,1.2705094649932278,52.449747,52.271684,99.66050741865352,0.488316,0.9310168836467408,0.17806300000000164,0.339492581346487,0.0,0.0
REDLAT_CU583_Phonological.txt,46.91432596864024,60.58758899999999,51.447740999999986,84.91465306533323,19.284411000000013,31.82897903397347,2.9719999999999995,4.905295043181203,6.1678479999999976,10.180051891485563
REDLAT_CU421_Semantic.txt,143.31953883021671,29.116911999999996,18.523913999999984,63.61908845278643,31.13722600000001,106.93862728300314,5.974138000000004,20.517759575603367,4.618860000000008,15.863151971610204
REDLAT_CU656_Semantic.txt,156.12340750594882,25.601586999999988,18.49488699999999,72.24117395534894,32.86337,128.36458146129777,1.1449569999999964,4.472211039104712,5.961743000000002,23.286615005546356
REDLAT_CU493_CraftIm.txt,61.64168011409667,16.42817,11.030785000000003,67.14554938255449,4.729214999999998,28.787229496651165,5.397384999999999,32.854450617445515,0.0,0.0
REDLAT_CU424_Phonological2.txt,195.2183474733765,20.624878000000002,19.980666000000006,96.87652940298607,39.619333999999995,192.09487687636258,0.644211999999994,3.1234705970139265,0.0,0.0
REDLAT_CU311_Phonological2.txt,92.22561329914718,36.87225900000001,32.263227,87.50000101702474,29.396634999999996,79.72561431617193,3.9488939999999992,10.70966115745715,0.6601380000000034,1.7903378255181037
REDLAT_CU447_CraftDe.txt,17.748354145974126,18.630905000000002,17.242113,92.54576200136277,1.9178870000000003,10.294116147336911,1.388792000000001,7.454237998637214,0.0,0.0
REDLAT_CU433_CraftIm.txt,20.17341270068646,25.829596,24.417647,94.53360013838389,3.798762,14.707012839070345,0.7383580000000016,2.858573552602223,0.6735909999999998,2.607826309013892
REDLAT_CU282_CraftDe.txt,66.08422762795716,11.945914,7.798027999999999,65.27778452113415,3.746479,31.362012149091314,2.212393000000001,18.520081427005092,1.935493000000001,16.202134051860753
REDLAT_CU629_Phonological.txt,90.55819099086578,44.542925999999994,22.774026999999997,51.128268942188484,18.568369000000008,41.68645993305426,2.331294999999999,5.233816476268307,19.437604,43.637914581543214
REDLAT_CU390_CraftIm.txt,25.90524224348769,18.603142000000002,15.418098,82.87899968725712,1.6341450000000002,8.784241930744818,2.1172870000000015,11.38134085091648,1.0677570000000003,5.739659461826395
REDLAT_CU418_Fugu.txt,41.05543051536373,12.073007,10.358086,85.79541120120282,3.241703999999999,26.850841716566546,1.3147110000000002,10.889673136112652,0.4002100000000004,3.314915662684536
REDLAT_CU367_Fugu.txt,47.85821753868099,26.277551999999993,23.74993399999999,90.38107507122427,10.04835000000001,38.23929260990526,1.965902000000007,7.481298105698763,0.561715999999997,2.137626823076964
REDLAT_CU244_Phonological.txt,93.12210638143108,32.911646,29.045538,88.25307005307484,26.78191000000001,81.37517643450593,0.4735560000000022,1.4388706052562739,3.3925519999999914,10.308059341668878
REDLAT_CU147_CraftDe.txt,87.82481199652136,19.315866000000007,17.418762,90.17851956521129,15.067018999999991,78.00333156173265,1.5028849999999983,7.780572716750043,0.39421900000000676,2.0409077180386666
REDLAT_CU023_Phonological2.txt,56.45977895380155,59.27846799999999,30.056970000000007,50.70470107290899,4.246994000000001,7.164480026710544,17.735461999999977,29.91889399031024,11.486036000000002,19.376404936780762
REDLAT_CU435_Semantic2.txt,86.83061818466052,24.384606999999995,20.235650999999997,82.98534809275377,17.024349000000004,69.8159662774143,4.148955999999996,17.014651907246225,0.0,0.0
REDLAT_CU322_CraftIm.txt,30.99269208427713,15.333647000000003,14.589878000000002,95.14943183444878,4.008540999999998,26.142123918725908,0.18218799999999988,1.188158303109494,0.5615810000000003,3.6624098624417285
REDLAT_CU483_Semantic2.txt,97.83537072200032,26.815861999999996,13.750626,51.27795630809855,13.170162000000008,49.11332703009887,10.996024,41.00567044982556,2.069211999999993,7.716373242075878
REDLAT_CU361_Phonological2.txt,177.36790908699953,22.974404000000007,21.11259200000001,91.89614668567681,38.88740799999999,169.26405577267633,1.8618119999999974,8.103853314323178,0.0,0.0
REDLAT_CU233_CraftDe.txt,71.57208523885116,12.975256999999997,9.990877999999999,76.99946135941663,6.302283000000003,48.571546598267794,0.49753999999999987,3.8345290578830156,2.486838999999998,19.166009582700354
REDLAT_CU317_Fugu.txt,25.284298567301956,60.36470799999999,58.695223,97.23433599645674,13.593308000000006,22.51863456375869,1.6380160000000048,2.71353254951553,0.031468999999994196,0.052131454027731235
REDLAT_CU315_CraftDe.txt,56.89008265471445,26.547548000000006,18.993059000000002,71.54355272283526,7.548432999999994,28.433635377549717,1.0159810000000005,3.8270238742952842,6.538508000000002,24.62942340286945
REDLAT_CU446_Semantic.txt,48.86696728186515,61.23243299999999,31.310000000000002,51.13303271813486,0.0,0.0,22.902433000000002,37.402454676266096,7.019999999999998,11.46451260559906
REDLAT_CU098_Fugu.txt,113.82467094126858,24.475417999999983,18.430923999999997,75.303817078834,21.814570000000018,89.12848802010258,3.409987999999995,13.932297295188166,2.634505999999989,10.76388562597783
REDLAT_CU290_Semantic2.txt,107.34426614584704,37.88900000000001,23.434139000000002,61.84945234764706,26.216807999999993,69.19371849349412,3.525808,9.305624323682332,10.929053000000007,28.8449233286706
REDLAT_CU575_CraftDe.txt,1763.3158205481707,52.786578,34.79570700000001,65.91771681051196,912.8032099999999,1729.2335373586823,13.539787999999996,25.6500582401837,4.451082999999996,8.43222494930434
REDLAT_CU147_Semantic.txt,56.07632353447924,55.225063,29.626468000000003,53.64677990498627,5.369589999999993,9.723103439465508,22.214653,40.225672535674605,3.3839419999999976,6.12754755933913
REDLAT_CU307_Semantic.txt,254.70901694281173,30.750622000000003,26.505393000000005,86.19465648532248,74.079378,240.90367342813423,0.8799999999999955,2.861730731820629,3.365229000000002,10.943612782856887
REDLAT_CU143_CraftIm.txt,45.06549608526612,42.00579300000001,37.68162200000001,89.70577462970405,14.605947999999994,34.77127071497017,1.0717410000000027,2.5514123730505514,3.252429999999997,7.7428129972453945
REDLAT_CU403_Semantic2.txt,182.2902023733745,22.798256000000006,13.383075,58.70218757083873,32.143806000000005,140.99238994421327,1.9820620000000007,8.693919394536143,7.433119000000003,32.60389303462511
REDLAT_CU481_Semantic2.txt,1.7398838839348711,60.309312,59.26,98.26011611606513,0.0,0.0,1.0493119999999994,1.7398838839348711,0.0,0.0
REDLAT_CU384_Semantic.txt,76.43693267537667,49.01558799999999,22.479393,45.861722601389594,10.92981700000001,22.298655276766265,12.465404999999993,25.431511706031145,14.070789999999993,28.70676569257926
REDLAT_CU299_Phonological.txt,133.69650269665004,28.54893900000001,15.933958000000004,55.812785196675776,25.55395199999999,89.50928789332585,3.772891000000002,13.215520899042872,8.842090000000006,30.971693904281356
REDLAT_CU651_Semantic2.txt,220.17142092830485,16.747080000000015,11.637159000000008,69.48768979428054,31.76236299999999,189.65911072258544,2.7894430000000057,16.65629470928665,2.3204780000000014,13.856015496432807
REDLAT_CU307_Phonological.txt,589.2944432936517,14.931741000000011,6.850234000000006,45.87699451791992,79.910413,535.1714378115716,3.3621540000000047,22.516825064136878,4.719353000000002,31.60618041794321
REDLAT_CU396_Phonological.txt,317.0045321440802,14.907954999999998,11.311459,75.87532294000084,43.662397,292.879855084081,1.2103519999999994,8.118833200127044,2.3861440000000003,16.005843859872133
REDLAT_CU591_Phonological.txt,40.319222954588945,41.79235800000001,40.505991,96.92200425733336,15.563986999999994,37.24122721192231,0.5863449999999952,1.4029957342918893,0.7000220000000041,1.6750000083747465
REDLAT_CU211_CraftDe.txt,28.672889282307494,23.750784,23.320373999999997,98.18780718985948,6.379626000000002,26.86069647216699,0.43041000000000196,1.8121928101405071,0.0,0.0
REDLAT_CU083_Phonological2.txt,76.37739396065946,38.70813400000001,28.355070000000016,73.25351823986144,19.211199999999987,49.63091220052091,5.9093339999999905,15.266388196341342,4.44373,11.48009356379721
REDLAT_CU324_Fugu.txt,141.8530623139486,36.55812300000001,17.165858000000007,46.95497632632836,32.466551999999986,88.80803864027696,3.7446749999999924,10.243072380931569,15.64759000000001,42.80195129274007
REDLAT_CU338_Semantic.txt,94.1944651022462,43.32369100000002,18.04351500000001,41.648148122928866,15.528342999999987,35.842613225175064,7.652034000000002,17.662470171343433,17.628142000000004,40.6893817057277
REDLAT_CU482_Semantic2.txt,39.18142755532155,57.349133,35.371728000000004,61.67787750165291,0.4928039999999996,0.8593050569744438,16.511937000000007,28.791955756332023,5.465467999999996,9.530166742015082
REDLAT_CU492_Semantic2.txt,37.60123894032884,44.796991999999996,41.38638400000001,92.38652452378948,13.433615999999997,29.987763464118302,3.410607999999996,7.613475476210537,0.0,0.0
REDLAT_CU549_Fugu.txt,35.931491449013734,18.756082,13.959559999999996,74.42684458299978,1.942818000000002,10.35833603201352,3.2089000000000034,17.10858376498889,1.5876219999999996,8.46457165201133
REDLAT_CU450_Semantic2.txt,9.715241090682767,61.560778,55.58,90.28475890931723,0.0,0.0,5.980777999999997,9.715241090682767,0.0,0.0
REDLAT_CU361_Semantic.txt,73.33758807060559,36.238822,36.001072,99.34393562792962,26.338928,72.68152369853524,0.23774999999999835,0.6560643720703679,0.0,0.0
REDLAT_CU402_CraftDe.txt,36.37174014939294,12.514914,8.501511,67.93103811979852,0.5384889999999993,4.302778269191457,4.0134029999999985,32.068961880201485,0.0,0.0
REDLAT_CU404_Semantic.txt,215.36808162022777,19.091933999999995,17.807000999999993,93.26975988917623,39.83299900000001,208.637841509404,1.2849330000000028,6.7302401108237815,0.0,0.0
REDLAT_CU629_Phonological2.txt,229.89069102874257,11.093416999999997,5.592287000000001,50.41086078347188,20.001602999999996,180.3015518122144,3.455019999999993,31.14477712322537,2.046110000000003,18.444362093302757
REDLAT_CU500_CraftIm.txt,26.675401617550083,14.476707999999999,12.087494,83.49615119680524,1.4725060000000019,10.171552814355323,2.3892139999999995,16.503848803194757,0.0,0.0
REDLAT_CU482_CraftIm.txt,33.48631800632747,22.250595,21.594845,97.0528877991802,6.795154999999999,30.53920580550767,0.6557500000000012,2.9471122008198036,0.0,0.0
REDLAT_CU434_CraftDe.txt,33.125578896468625,27.238246999999998,25.037710000000004,91.92115043233144,6.822290000000001,25.046729328800055,2.200536999999995,8.078849567668561,0.0,0.0
REDLAT_CU381_CraftDe.txt,129.24841437965586,17.435605000000002,10.199649000000003,58.49896805989813,15.299286999999998,87.74738243955397,4.694892000000003,26.92703809245508,2.5410639999999987,14.573993847646802
REDLAT_CU337_Semantic2.txt,83.35938290206147,39.625735999999996,27.519960999999988,69.44971571001228,20.925994,52.80909861207373,3.8617300000000085,9.745509837344116,8.244045000000003,20.804774452643617
REDLAT_CU549_Phonological.txt,143.83725684720113,18.313176,7.902721000000001,43.15319745739353,15.930715,86.99045430459469,2.3838909999999993,13.017354280874052,8.026563999999997,43.829448261732416
REDLAT_CU591_Semantic2.txt,38.81376650850282,43.397409,42.796620000000004,98.61561089971984,16.24337999999999,37.42937740822266,0.600789,1.3843891002801574,0.0,0.0
REDLAT_CU502_Semantic2.txt,112.01361795924936,26.697685999999987,23.516582000000003,88.08472015140194,26.723940000000002,100.0983381106513,2.651625999999987,9.93204429777168,0.5294779999999975,1.9832355508263815
REDLAT_CU008_Fugu.txt,16.646176332767112,113.849617,98.899981,86.86896241381295,4.001972000000009,3.515138746580069,2.5915890000000097,2.2763264983140084,12.358046999999985,10.854711087873037
REDLAT_CU238_CraftDe.txt,29.715395149721385,46.524049,35.703488,76.74200497897336,3.0042440000000052,6.457400128694743,6.928292999999997,14.891853028527242,3.892268,8.366141992499408
REDLAT_CU330_Phonological2.txt,133.77065796979358,25.63496100000001,25.04392500000001,97.69441428056004,33.701019999999986,131.46507225035361,0.13598099999999969,0.5304513628867998,0.45505499999999977,1.7751343565531446
REDLAT_CU092_Phonological2.txt,82.73098838242345,39.311555,15.450871000000005,39.303637314779344,8.662154000000003,22.034625697202777,11.313709000000006,28.779601824450868,12.546974999999993,31.916760860769802
REDLAT_CU648_CraftIm.txt,3.5837056961296883,32.317944,31.399881999999998,97.15928092455387,0.240118,0.7429866206835436,0.9180620000000026,2.8407190754461444,0.0,0.0
REDLAT_CU396_CraftIm.txt,87.9021525920625,6.363909000000001,3.4384870000000007,54.031052298202255,2.6685909999999997,41.933204890264754,1.9925000000000002,31.30937290272378,0.932922,14.659574799073964
REDLAT_CU639_Phonological.txt,203.47782852777084,19.620145,9.274141999999996,47.26846819939402,29.576642,150.74629672716486,6.056787000000002,30.870245862097356,4.289216000000003,21.861285938508626
REDLAT_CU478_Semantic.txt,71.34448249169519,47.69507999999999,21.67637299999999,45.44781767846913,8.009101000000005,16.792300170164317,14.364180999999999,30.116693378017192,11.654526,24.435488943513676
REDLAT_CU143_CraftDe.txt,28.09782635280128,40.682452999999995,36.802234000000006,90.46218034099373,7.550666,18.56000669379499,3.1931190000000003,7.848885120078675,0.6870999999999938,1.6889345389276156
REDLAT_CU021_CraftIm.txt,55.180599029870066,18.176122,14.746345999999999,81.13032031805244,6.599917,36.31091934792251,2.7060390000000005,14.887878723525297,0.7237369999999999,3.9818009584222636
REDLAT_CU301_Phonological.txt,149.102508548705,25.595397000000006,23.921527000000008,93.46026943829004,36.48950899999999,142.562777986995,0.6449059999999969,2.5196171014655357,1.028964000000002,4.020113460244441
REDLAT_CU488_Phonological.txt,101.90718373145154,20.891746999999995,17.54077799999999,83.96032174810462,17.939222000000008,85.86750547955617,3.3509690000000028,16.03967825189537,0.0,0.0
REDLAT_CU656_Semantic2.txt,111.54351773834787,27.485677000000003,21.065220999999994,76.64072091074922,24.238034999999996,88.1842386490971,4.703712000000005,17.113320512352686,1.716744000000002,6.245958576898077
REDLAT_CU299_Fugu.txt,59.36643257259762,58.793174,33.726322,57.364349813806626,9.836558000000004,16.73078238640425,3.1497320000000006,5.357308996449147,21.91711999999999,37.278341189744225
REDLAT_CU393_CraftIm.txt,54.29376862380558,4.919442999999999,3.5492459999999997,72.14731423862416,1.3007539999999997,26.44108286242975,1.370197,27.852685761375835,0.0,0.0
REDLAT_CU119_Phonological.txt,55.27812302762788,38.93154800000001,32.131709,82.53385917251478,14.720789999999996,37.81198220014265,4.882338000000005,12.540826786543409,1.9175010000000032,4.925314040941816
REDLAT_CU317_Phonological.txt,128.03151255443353,31.092243000000014,25.951006000000007,83.46456703043262,34.666631999999986,111.49607958486614,0.19887500000000102,0.6396289904205398,4.942362000000008,15.895803979146843
REDLAT_CU404_CraftDe.txt,39.4584600969037,21.583488,20.253488,93.8378819957182,7.186512,33.29634209262191,1.33,6.162118004281792,0.0,0.0
REDLAT_CU119_Phonological2.txt,202.49120669310506,22.076450000000005,11.928773999999995,54.033932086001116,34.55519399999999,156.5251387791062,4.131644000000014,18.715164802312025,6.016031999999995,27.250903111686856
REDLAT_CU430_CraftDe.txt,66.69164176235363,6.710685000000001,2.235219,33.308358237646374,0.0,0.0,4.0106850000000005,59.76565730622134,0.464781,6.925984456132271
REDLAT_CU298_Semantic2.txt,323.59430392678877,13.409939999999997,12.738068999999996,94.98975386914482,42.721931000000005,318.5840577959336,0.6718710000000012,5.010246130855182,0.0,0.0
REDLAT_CU550_Fugu.txt,10.829244263955799,19.204655000000002,18.572468,96.70815747536209,1.447531999999999,7.5374017393178825,0.6321870000000018,3.2918425246379157,0.0,0.0
REDLAT_CU056_Fugu.txt,87.16628095632095,34.78041699999999,23.454997999999996,67.43736856288986,18.991377000000007,54.6036495192108,4.251793999999995,12.224678042244276,7.073625,20.337953394865856
REDLAT_CU583_Fugu.txt,42.68778035573224,13.096085000000004,12.211449000000004,93.24503468021169,4.705791999999997,35.93281503594392,0.1618770000000005,1.2360716962359395,0.7227589999999999,5.51889362355238
REDLAT_CU070_Phonological.txt,136.1231700049589,24.707443999999995,24.707443999999995,100.0,33.63255600000001,136.1231700049589,0.0,0.0,0.0,0.0
REDLAT_CU479_Semantic2.txt,48.83847216458945,41.163413000000006,39.142544,95.0906184577066,18.082713,43.92909062229606,1.1061259999999962,2.6871581323929483,0.9147430000000014,2.2222234099004408
REDLAT_CU230_Phonological.txt,149.44028795995166,21.155163999999985,15.168024999999993,71.69892419647516,25.62719900000001,121.13921215642681,5.162362999999993,24.40237759442563,0.824776,3.8986982090992086
REDLAT_CU402_Semantic2.txt,143.8602039960952,26.065695000000005,21.618485000000003,82.93845608183477,33.050951999999995,126.79866007792998,1.2566470000000036,4.821076130906939,3.1905629999999983,12.240467787258302
REDLAT_CU401_CraftIm.txt,3.0991935507972737,34.798472000000004,33.720000000000006,96.90080644920272,0.0,0.0,1.0784719999999952,3.0991935507972737,0.0,0.0
REDLAT_CU280_Semantic.txt,101.72313076351539,36.88048600000002,23.545767000000005,63.84342928669648,24.181265999999987,65.56656005021185,2.521752000000003,6.8376322372758365,10.812967000000008,29.318938476027682
REDLAT_CU406_Phonological.txt,301.85248662330144,9.510568000000005,4.996340999999999,52.53462253779161,24.193658999999997,254.38710916109306,3.9742270000000044,41.7874831450656,0.5400000000000004,5.677894317142783
REDLAT_CU299_Semantic.txt,69.2226801564568,50.04090699999999,24.737530999999997,49.43461756198784,9.336281,18.657297718444635,5.677188000000008,11.345094124692842,19.62618799999999,39.22028831331932
REDLAT_CU474_Phonological2.txt,143.90707918504168,21.78909,14.078123,64.61088095005344,23.645076000000003,108.51796013509514,3.974166000000004,18.2392472563104,3.7368009999999976,17.14987179363616
REDLAT_CU230_Fugu.txt,36.37805097606327,15.780073000000003,15.549795000000003,98.54070383578073,5.5102049999999965,34.918754811843996,0.23027800000000131,1.4592961642192737,0.0,0.0
REDLAT_CU228_Fugu.txt,25.771402468871624,80.366511,76.20598600000001,94.82306131219259,16.55105199999999,20.594463781064217,1.7775629999999922,2.2118205430119917,2.382961999999999,2.96511814479541
REDLAT_CU364_Semantic2.txt,26.29338185204594,46.431569999999994,45.91156999999999,98.88007233009782,11.688430000000004,25.173454182143754,0.52,1.119927669902181,0.0,0.0
REDLAT_CU279_CraftIm.txt,27.021537908331567,32.426314999999995,31.242112999999996,96.34802166080235,7.577887000000005,23.369559569133916,1.184201999999999,3.6519783391976524,0.0,0.0
REDLAT_CU194_Phonological2.txt,436.4876186757202,11.595568999999994,9.462528999999993,81.60469744951712,48.480183000000004,418.0923161252374,0.975752,8.414869507481699,1.1572880000000012,9.980433043001183
REDLAT_CU012_Phonological.txt,236.01643629431,19.734862,16.724863,84.74780821877549,43.567519,220.7642445130855,2.082380999999998,10.551789011749857,0.9276180000000025,4.700402769474661
REDLAT_CU399_CraftIm.txt,176.18492563217472,17.852343999999995,14.176860999999999,79.41176239938018,27.777656000000004,155.5966880315549,0.0,0.0,3.675482999999998,20.588237600619834
REDLAT_CU463_Fugu.txt,42.12544880289057,47.49858,40.36988299999999,84.99176817496436,12.880293000000012,27.117216977854945,0.8588730000000092,1.808207740105092,6.269823999999996,13.200024084930533
REDLAT_CU398_Semantic.txt,59.29790681171691,44.466234,27.90918300000001,62.76489032104677,9.810494999999996,22.0627971327637,6.166728999999998,13.868341087756606,10.390321999999992,23.366768591196617
REDLAT_CU570_CraftDe.txt,74.64107738018582,33.862660999999996,16.342745999999998,48.26184805736324,7.755540000000002,22.902925437549055,9.038200999999995,26.690758295693293,8.481714000000004,25.047393646943473
REDLAT_CU398_Phonological.txt,154.83736314885974,23.855848,22.799041000000003,95.57002962124842,35.880959,150.40739277010817,1.0568069999999972,4.4299703787515625,0.0,0.0
REDLAT_CU008_CraftIm.txt,42.380207945120205,41.831613999999995,36.926647999999986,88.2744997599184,12.823359000000012,30.654707705038618,1.9949730000000025,4.769055767248194,2.9099930000000014,6.956444472833397
REDLAT_CU485_Semantic.txt,206.36617574319857,15.902953999999983,6.186986999999995,38.90463998072308,23.102351000000006,145.2708157239217,5.38530499999999,33.86355138799997,4.3306619999999985,27.23180863127695
REDLAT_CU546_Semantic.txt,203.0057441704405,21.899768,13.696849000000002,62.543352057428194,36.254867999999995,165.5490962278687,1.634636,7.464170396690959,6.568283000000002,29.99247754588086
REDLAT_CU614_CraftDe.txt,57.9010179498923,34.32850699999998,33.365975999999975,97.19611750082808,18.91402400000002,55.09713545072039,0.9625310000000005,2.803882499171901,0.0,0.0
REDLAT_CU301_Semantic.txt,49.739497819769525,37.32655900000001,36.38025800000001,97.46480515388521,17.61974199999999,47.20430297365473,0.9463009999999992,2.535194846114797,0.0,0.0
REDLAT_CU279_Phonological2.txt,384.85760577463714,7.8866259999999935,7.127172999999993,90.37036877366822,29.592827000000007,375.2279745483053,0.7594530000000006,9.629631226331783,0.0,0.0
REDLAT_CU310_Fugu.txt,8.043625216670407,96.284496,91.03380899999999,94.54669524364543,2.4940770000000017,2.590320460315856,0.2785730000000064,0.28932280021490314,4.972114000000001,5.163981956139648
REDLAT_CU189_Fugu.txt,47.149935118929974,53.645077,53.14572899999999,99.06916342015874,24.794271000000016,46.21909853908872,0.4993480000000119,0.9308365798412628,0.0,0.0
REDLAT_CU402_Semantic.txt,114.42029920538926,36.92814500000001,17.929119000000004,48.55136644421213,23.254267999999993,62.97166564960138,1.9224129999999973,5.205820655221098,17.076613000000005,46.24281290056676
REDLAT_CU110_Phonological2.txt,100.25670721619436,36.96779599999999,22.549999999999997,60.9990381898883,22.644899000000002,61.255745406082646,1.8926949999999991,5.11984809697608,12.525100999999998,33.88111371313562
REDLAT_CU429_CraftIm.txt,10.472559472772858,15.539715999999999,13.946155,89.74523730034706,0.033845,0.21779677311992063,1.5935609999999993,10.254762699652938,0.0,0.0
REDLAT_CU425_CraftDe.txt,51.77870445463573,12.676839,12.216468,96.36840855989415,6.103532,48.147113014529886,0.46037099999999853,3.6315914401058382,0.0,0.0
REDLAT_CU651_Fugu.txt,96.99003098031889,19.581464000000004,2.8198770000000053,14.400746542750863,2.2304809999999975,11.390777523069762,13.961944999999996,71.30184443818906,2.799642000000002,14.297409019060074
REDLAT_CU038_Phonological2.txt,23.053394148237064,54.619506,53.57392800000001,98.08570586486081,11.546072,21.139100013097888,1.045577999999992,1.914294135139179,0.0,0.0
REDLAT_CU645_Phonological2.txt,110.31227284843254,34.409844,22.415127000000002,65.14161180155307,25.963563999999995,75.45388464998561,1.0734080000000006,3.119479414088598,10.921308999999999,31.738908784358333
REDLAT_CU386_Semantic2.txt,179.36311999453773,21.837269000000006,21.204631000000006,97.10294359610629,38.535368999999996,176.46606359064398,0.632638,2.897056403893728,0.0,0.0
REDLAT_CU380_CraftDe.txt,29.409836837303445,11.725842000000002,10.141213,86.48601098326243,1.8639219999999987,15.89584782056588,1.0497639999999995,8.952568182310484,0.5348650000000008,4.561420834427078
REDLAT_CU192_Semantic2.txt,153.27838622774092,28.383782,17.363505999999997,61.17403945675738,32.485927000000004,114.45242568449828,9.729709000000005,34.27911403772762,1.2905669999999976,4.546846505515007
REDLAT_CU445_CraftDe.txt,101.63487108242728,12.366235,5.878064000000001,47.53317400162621,6.080236,49.168045084053475,3.5164709999999992,28.436068051431977,2.9717000000000002,24.030757946941815
REDLAT_CU119_Semantic2.txt,175.19787715677586,27.27323399999999,20.027518999999995,73.43287195057249,40.53641200000001,148.63074910734835,1.1896460000000046,4.361954288222677,6.05606899999999,22.20517376120482
REDLAT_CU410_Fugu.txt,17.071555514879144,43.038849,42.80572399999999,99.4583382097416,7.114276000000002,16.529893724620756,0.23312500000000597,0.5416617902583919,0.0,0.0
REDLAT_CU414_Phonological.txt,663.2996869670758,7.739121999999986,6.203729999999991,80.16064354586997,49.79818000000001,643.4603305129458,0.45730199999999854,5.908964867074061,1.078089999999996,13.930391587055974
REDLAT_CU194_Phonological.txt,272.669591477384,13.082556000000006,7.2367719999999975,55.31619356339842,29.826367999999995,227.9857850407824,0.6489240000000054,4.960223369194866,5.196860000000003,39.72358306740671
REDLAT_CU080_Fugu.txt,23.663683311820144,45.063027000000005,36.131744,80.18046368700442,1.7322890000000033,3.8441469988245642,6.895316000000005,15.3014931731062,2.0359669999999994,4.5180431398893806
REDLAT_CU119_Semantic.txt,161.59858542432988,20.084044000000006,9.456763999999996,47.08595539822554,21.828250999999998,108.68454082255543,5.292295000000009,26.35074390396679,5.3349850000000005,26.563300697807666
REDLAT_CU192_Fugu.txt,45.624993828647206,30.28104299999999,19.927716999999994,65.80921601676665,3.4623980000000083,11.434209845413877,2.2034409999999944,7.276635088163889,8.149885000000001,26.91414889506945
REDLAT_CU037_CraftDe.txt,84.91990295779675,36.212697999999996,26.167049999999996,72.25932185445005,20.70614,57.17922481224681,3.868838,10.683650248871267,6.17681,17.057027896678672
REDLAT_CU311_Semantic.txt,70.44439374799558,38.153012,27.397896,71.81057160048073,16.121542,42.2549653484763,6.714553999999996,17.599014201028208,4.040561999999996,10.590414198491056
REDLAT_CU338_Semantic2.txt,124.32239265020151,26.90566300000001,16.315564000000002,60.63988833874859,22.859664999999993,84.9622809889501,5.345328000000013,19.866925412691042,5.244770999999998,19.493186248560374
REDLAT_CU547_Fugu.txt,10.570375455062084,28.627686999999998,26.367521999999997,92.10496817294391,0.7658889999999996,2.675343628005992,1.4735760000000004,5.147380576013705,0.7865889999999993,2.747651251042389
REDLAT_CU401_Fugu.txt,11.023856467321206,82.99590099999999,81.87327599999999,98.64737295881636,8.026724000000005,9.67122942613757,1.1226249999999993,1.3526270411836356,0.0,0.0
REDLAT_CU485_Phonological.txt,147.42861330105242,29.026906000000004,11.927198000000006,41.09014581161355,25.694256999999993,88.51875911266599,9.491162999999993,32.69781147188058,7.608545000000003,26.212042716505856
REDLAT_CU414_CraftIm.txt,78.77890205148348,23.335065000000004,20.200544999999995,86.56733975242834,15.248587999999998,65.34624180391182,2.6436530000000076,11.329100647459121,0.4908670000000006,2.1035596001125367
REDLAT_CU421_CraftIm.txt,18.18885485597598,18.146486,17.902924,98.65780074445267,3.057076000000001,16.84665560042865,0.24356200000000072,1.3421992555473314,0.0,0.0
REDLAT_CU575_Semantic2.txt,86.16176246693091,41.747484000000014,20.932538,50.140837229855556,15.15542199999999,36.30259969678649,5.812906000000004,13.923967250337773,15.002040000000004,35.935195519806655
REDLAT_CU393_Fugu.txt,11.627357919210466,16.883053,14.92,88.37264208078953,0.0,0.0,1.9630530000000004,11.627357919210468,0.0,0.0
REDLAT_CU414_CraftDe.txt,112.4251093931828,16.092639000000005,9.204180999999998,57.19497591414308,11.203708999999996,69.62008530732587,3.7263480000000055,23.15560549142999,3.1621099999999998,19.64941859442692
REDLAT_CU405_Fugu.txt,1.7647498070971683,90.39525,88.8,98.23525019290283,0.0,0.0,1.5952500000000032,1.7647498070971683,0.0,0.0
REDLAT_CU402_CraftIm.txt,17.805506243405773,19.551188,16.07,82.19449375659423,0.0,0.0,3.481188000000001,17.805506243405777,0.0,0.0
REDLAT_CU549_Semantic2.txt,164.95236946058972,23.685644,19.597657000000005,82.74065505670863,34.982044,147.69302451729834,0.007688000000000139,0.03245847991298079,4.080298999999997,17.226886463378392
REDLAT_CU413_Semantic2.txt,11.453694990109195,56.286037,55.694602999999994,98.94923495857418,5.8553970000000035,10.402929948683372,0.5914340000000041,1.0507650414258232,0.0,0.0
REDLAT_CU488_Semantic.txt,223.9989975018393,20.409014999999997,12.123222999999998,59.40131358617748,37.43019700000001,183.40031108801682,0.5792120000000014,2.838020355220482,7.706579999999995,37.76066605860203
REDLAT_CU478_Phonological.txt,44.17012168619052,52.246931000000004,35.134699,67.24739296170333,5.965301000000001,11.417514647893864,17.112232,32.75260703829666,0.0,0.0
REDLAT_CU038_Semantic.txt,65.42605015436567,38.067713000000005,31.355254000000013,82.36705472692833,18.193741999999993,47.793104881294,3.4614549999999866,9.092889294400182,3.251004000000002,8.540055978671482
REDLAT_CU478_Phonological2.txt,84.75474459012486,34.519788999999996,26.91680199999999,77.9749899398284,21.65417200000001,62.72973452995327,5.023961,14.553857788644075,2.579026000000006,7.471152271527517
REDLAT_CU583_CraftDe.txt,24.889618216512332,11.575959000000001,9.082458,78.45965936817848,0.3877109999999995,3.3492775846908187,2.2936699999999997,19.814081926171294,0.1998310000000001,1.7262587056502192
REDLAT_CU184_CraftIm.txt,1.1781131138866447,38.622013,38.613501,99.97796075517866,0.44649900000000464,1.1560738690653038,0.008512000000000075,0.02203924482134081,0.0,0.0
REDLAT_CU322_Phonological2.txt,185.71436249019047,17.118465999999998,16.423507999999998,95.94030212753876,31.096492000000005,181.65466461772922,0.6949579999999997,4.059697872461235,0.0,0.0
REDLAT_CU147_Phonological2.txt,274.40914207244583,16.492628000000003,14.990341000000011,90.89116058398946,43.754991999999994,265.30030265643524,0.7476199999999957,4.533055617333972,0.7546669999999978,4.575783798676582
REDLAT_CU477_Phonological2.txt,94.39489544838469,34.32763800000002,20.452747000000016,59.58099127006643,18.528646999999985,53.9758867184511,1.3762850000000024,4.009262157798336,12.498606,36.409746572135234
REDLAT_CU583_Phonological2.txt,109.52145314881774,29.908733000000005,29.401127000000002,98.30281677261286,32.248872999999996,107.8242699214306,0.5076060000000027,1.69718322738714,0.0,0.0
REDLAT_CU545_CraftDe.txt,37.786511152146865,10.042192,9.173799,91.3525552986838,2.9262010000000007,29.139066450830665,0.8683929999999991,8.647444701316198,0.0,0.0
REDLAT_CU012_CraftIm.txt,133.7860653543976,12.815970000000004,6.034018000000002,47.082023444187215,10.364029999999996,80.86808879858484,0.16000000000000011,1.2484423730704743,6.621952000000001,51.669534182742304
REDLAT_CU410_Phonological2.txt,11.647169948412408,60.213125,53.2,88.35283005158759,0.0,0.0,7.013124999999998,11.647169948412406,0.0,0.0
REDLAT_CU654_Fugu.txt,2.9977456668300104,51.328704,49.79,97.00225433316999,0.0,0.0,1.5387040000000023,2.99774566683001,0.0,0.0
REDLAT_CU137_CraftDe.txt,101.33300027503421,28.723699999999997,12.936705000000003,45.03843515981578,13.319592,46.37143543484997,10.553291999999997,36.74071237340593,5.233702999999998,18.2208524667783
REDLAT_CU314_Phonological.txt,256.8160607696768,13.464610000000011,6.884971000000004,51.13383157774342,27.999641999999998,207.94989234742022,5.8642520000000085,43.5530772892791,0.7153870000000002,5.313091132977484
REDLAT_CU645_Semantic.txt,120.00225685552527,29.093576999999986,14.000780999999996,48.12327133236317,19.820153000000023,68.12552818788846,8.343729999999994,28.678941747176697,6.749065999999996,23.19778692046014
REDLAT_CU064_Fugu.txt,23.31278887727309,96.51590000000003,82.39074299999999,85.36494297830716,8.375390999999986,8.677731855580255,8.441291000000035,8.74601076092129,5.683866000000002,5.889046260771541
REDLAT_CU405_CraftDe.txt,5.941462674001718,23.012633,22.192673,96.4369135856814,0.547327,2.3783762596831055,0.8199600000000018,3.5630864143186125,0.0,0.0
REDLAT_CU314_CraftDe.txt,6.8349668083670805,12.579826999999998,11.719999999999999,93.16503319163293,0.0,0.0,0.8598270000000001,6.8349668083670805,0.0,0.0
REDLAT_CU322_Fugu.txt,46.83906338906383,21.428790999999997,19.010872999999997,88.71649828494758,7.6191270000000015,35.55556167401139,2.4179180000000002,11.283501715052429,0.0,0.0
REDLAT_CU656_Phonological.txt,264.07642994981444,13.095546999999991,11.476646999999994,87.63778252256283,32.963353000000005,251.71421247237728,1.6188999999999965,12.36221747743716,0.0,0.0
REDLAT_CU184_Semantic.txt,70.20189289945196,34.84897199999999,32.152167,92.26145035210797,21.767833000000003,62.463343251559934,2.6968049999999923,7.738549647892033,0.0,0.0
REDLAT_CU148_Phonological.txt,234.72378594328296,19.001151000000007,16.07977900000001,84.62528927852847,41.678848999999985,219.34907522181138,0.28,1.4735949416959,2.641371999999999,13.901115779775646
REDLAT_CU122_Fugu.txt,226.62908653298314,17.288922000000014,12.796576000000012,74.01604333688358,34.689379999999986,200.64512986986674,2.8383020000000028,16.41688244067502,1.654043999999999,9.567074222441386
REDLAT_CU024_Semantic2.txt,121.91295993894973,29.15367900000001,19.544503,67.03957672031716,25.932937000000003,88.95253665926688,1.2666160000000204,4.344618049749467,8.34255999999999,28.61580522993337
REDLAT_CU314_CraftIm.txt,14.04591585232363,29.524617999999997,28.103609000000002,95.18703679756332,2.725994,9.232952649886952,0.3306119999999963,1.1197841746843138,1.0903969999999994,3.693179027752364
REDLAT_CU156_Phonological.txt,28.576020264518593,47.122362999999986,44.28324099999999,93.97500078678144,10.626574000000012,22.551021051300026,1.5889370000000014,3.371938287559989,1.2501849999999948,2.6530609256585778
REDLAT_CU012_Semantic2.txt,134.61184282698088,25.314242999999998,24.329136999999996,96.10849117629154,33.090863000000006,130.72033400327243,0.9851060000000007,3.8915088237084583,0.0,0.0
REDLAT_CU572_Phonological2.txt,78.79180370662289,38.790998,30.250352999999997,77.9829201610126,22.02348200000001,56.774723867635494,0.47448000000000334,1.223170386077727,8.066164999999998,20.793909452909663
REDLAT_CU226_Semantic2.txt,92.66517496943125,44.000885999999994,13.187311000000012,29.970557865584826,9.959922999999996,22.63573283501609,27.840808999999986,63.27329181507843,2.972765999999993,6.7561503193367365
REDLAT_CU038_Phonological.txt,140.198761930001,26.323551999999992,23.03733999999999,87.5160768577128,33.61908200000001,127.71483878771384,0.9726339999999996,3.6949192874882537,2.313578000000001,8.789003854798933
REDLAT_CU436_Semantic.txt,146.07453057119793,28.053562000000007,19.813803000000014,70.6284749152354,32.73934999999999,116.70300548643334,2.762911999999994,9.848702991798307,5.476846999999996,19.522822092966283
REDLAT_CU090_Semantic2.txt,54.392528765325906,41.980317,39.395561,93.84293358242151,20.249399999999998,48.235462347747394,1.889717000000003,4.501435756190224,0.6950390000000013,1.6556306613882914
REDLAT_CU021_CraftDe.txt,56.02498896381457,11.97424599999999,11.812837999999992,98.65204038734466,6.5471620000000055,54.677029351159234,0.161407999999997,1.3479596126553366,0.0,0.0
REDLAT_CU365_Fugu.txt,98.45254721173113,14.166764999999998,12.872459,90.86378576901643,12.653235,89.31633298074756,0.0,0.0,1.2943059999999995,9.13621423098357
REDLAT_CU367_CraftIm.txt,38.97043230168108,29.419571,20.382956,69.28366154625435,2.4283189999999992,8.254093847935442,3.0778899999999974,10.46204922566681,5.958725000000002,20.254289228078825
REDLAT_CU356_Fugu.txt,13.1907298586599,27.307890000000004,26.017889999999998,95.2760905364713,2.312109999999999,8.46682039513122,1.2900000000000025,4.723909463528681,0.0,0.0
REDLAT_CU343_CraftDe.txt,83.26814058321546,43.272960999999995,16.257386000000004,37.569386573754464,9.017014999999999,20.837527156969916,19.78997599999998,45.73289079986919,7.22559900000001,16.697722626376343
REDLAT_CU411_Phonological2.txt,183.7474227503849,10.976332999999991,2.038899999999998,18.575420406797058,11.231296,102.32284315718199,8.017628999999994,73.04469534588647,0.9198039999999992,8.379884247316475
REDLAT_CU238_CraftIm.txt,100.0972745194086,24.246843,20.614334000000003,85.01863108529224,20.637920000000012,85.11590560470084,2.024763000000001,8.350625275216245,1.6077459999999952,6.630743639491522
REDLAT_CU645_Semantic2.txt,165.68322313756062,24.608022,19.985260999999994,81.21441455148242,36.14860300000001,146.89763768904308,0.5366250000000032,2.180691320903416,4.086136,16.60489412761416
REDLAT_CU305_CraftIm.txt,49.04537350289749,31.306223000000006,19.918273000000003,63.62400536148995,3.966303999999998,12.669378864387431,8.902527000000006,28.43692450539308,2.4854230000000013,7.939070133116987
REDLAT_CU189_Semantic2.txt,163.45812677660254,22.364315999999988,10.926555,48.85709448927482,25.118530999999997,112.31522126587735,10.532846999999986,47.09666506232514,0.9049140000000016,4.046240448400041
REDLAT_CU316_Fugu.txt,47.72328277554086,22.393185,22.133211,98.83904857660937,10.426789,46.56233135215022,0.2599739999999997,1.160951423390642,0.0,0.0
REDLAT_CU546_Semantic2.txt,207.45848916506012,20.752352999999992,17.107231999999996,82.4351436196175,39.40739700000001,189.8936327846776,0.19974999999999998,0.9625414525282991,3.445370999999998,16.602314927854202
REDLAT_CU298_Phonological.txt,178.30140862617498,21.83262,17.178130999999997,78.68103324291815,34.27338,156.98244186909315,2.866000000000003,13.127146444173917,1.7884889999999984,8.191820312907927
REDLAT_CU478_Semantic2.txt,17.17291232932058,57.61972,50.111993,86.97021262859313,2.387256999999998,4.143124957913711,5.066977,8.793824405949906,2.44075,4.235962965456965
REDLAT_CU024_Semantic.txt,162.0281016882837,26.447806000000003,15.230622999999994,57.58747247314197,31.635695,119.61557416142568,0.2435009999999984,0.9206850655211187,10.97368200000001,41.4918424613369
REDLAT_CU398_Fugu.txt,2.995706549835923,73.749313,71.54,97.00429345016408,0.0,0.0,2.209312999999996,2.995706549835923,0.0,0.0
REDLAT_CU034_Fugu.txt,40.61604362814612,25.782622,16.486494999999998,63.94421405239544,1.1757539999999995,4.560257680541565,1.6183759999999976,6.277003169033768,7.6777510000000015,29.778782778570783
REDLAT_CU396_Phonological2.txt,260.40106851838345,17.320431999999997,15.338909999999997,88.5596271501773,43.121068,248.96069566856076,1.1014999999999988,6.359541147703469,0.8800220000000003,5.080831702119211
REDLAT_CU265_Fugu.txt,122.11439422950698,10.299016000000004,4.847438,47.06700135236219,7.125003000000001,69.18139558186917,2.164019000000006,21.011900554383107,3.2875589999999972,31.921098093254695
REDLAT_CU576_Semantic.txt,68.28196826529529,37.785699,33.69548399999999,89.17523002551836,21.710603999999996,57.45719829081367,2.636303000000003,6.976986187287427,1.4539120000000025,3.847783787194204
REDLAT_CU411_Semantic2.txt,229.6280466951614,20.082252000000004,14.819492000000002,73.79397489883107,40.85172299999999,203.42202159399247,0.8339750000000027,4.15279621030551,4.428785000000001,22.053228890863437
REDLAT_CU396_Semantic2.txt,175.5997101915495,16.083726999999996,11.664916000000005,72.52619992866086,23.824167,148.12591012021034,3.727893999999993,23.178048222280783,0.6909169999999989,4.295751849058362
REDLAT_CU393_Phonological.txt,75.94924037773471,34.00545399999999,33.729285,99.18786851073949,25.550715,75.1371088884742,0.2761689999999959,0.8121314892605049,0.0,0.0
REDLAT_CU575_Phonological.txt,101.8879116244411,31.71483200000002,21.55156000000001,67.95419884298929,22.150307999999978,69.84211046743039,1.8951399999999978,5.9755637362354515,8.268132000000012,26.07023742077526
REDLAT_CU614_Phonological.txt,239.44170141451616,17.371098999999997,16.793722,96.6762206582324,41.016278,236.11792207274857,0.5773769999999985,3.3237793417676023,0.0,0.0
REDLAT_CU408_Phonological2.txt,459.7154255791273,11.660780999999997,6.813985999999996,58.43507394573312,48.759614,418.15049952486044,0.640395,5.491870570247398,4.206399999999999,36.07305548401947
REDLAT_CU263_Fugu.txt,80.09102083415264,43.98883000000001,20.568347000000006,46.75811336650692,11.810619999999993,26.849134200659556,4.309449999999995,9.796691569200622,19.111033000000003,43.445195064292456
REDLAT_CU322_CraftDe.txt,25.550188156372556,16.065095,14.971751999999999,93.19429483610274,3.011318999999999,18.744482992475298,0.646414,4.023717257818893,0.4469290000000008,2.781987906078369
REDLAT_CU311_CraftDe.txt,49.457284622167556,18.623573999999998,18.15643,97.4916522467707,8.743569999999998,46.94893686893826,0.4671439999999961,2.508347753229301,0.0,0.0
REDLAT_CU298_Phonological2.txt,276.5886763404995,16.519271000000003,13.624113000000003,82.47405711789581,42.795275,259.06273345839526,1.5745459999999971,9.531570733357404,1.320612000000002,7.994372148746767
REDLAT_CU119_CraftIm.txt,62.28182543222578,33.285903,30.423896,91.40174445620418,17.869061000000002,53.68356988842996,1.7949640000000002,5.3925651348560395,1.0670429999999982,3.205690408939779
REDLAT_CU422_CraftIm.txt,6.432500899057292,49.796604,47.248747,94.88347237494348,0.6553100000000003,1.315973274000774,0.7719139999999993,1.5501338203705604,1.775943,3.566393804685958
REDLAT_CU424_Semantic2.txt,130.1976911363034,25.292787999999998,20.861081,82.47837684006998,28.498919,112.67606797637336,4.431707000000001,17.521623159930023,0.0,0.0
REDLAT_CU434_Phonological.txt,555.4974747018445,6.973038,1.3456739999999998,19.298245614035086,33.107686,474.7957203158796,3.720723999999997,53.35872255392839,1.906640000000003,27.343031832036523
REDLAT_CU069_Semantic2.txt,142.5186008503783,30.289341,18.871819000000006,62.30514886408392,31.750423,104.82374971446227,3.2597639999999934,10.762082938681278,8.157757999999998,26.93276819723479
REDLAT_CU549_CraftIm.txt,51.162043705329,15.553846999999998,8.504276999999998,54.676357559644245,0.9080960000000009,5.838401264973232,0.581942999999999,3.741473090226483,6.467627000000001,41.58216935012928
REDLAT_CU633_CraftDe.txt,185.14901371768815,3.8642079999999988,2.0357019999999997,52.68096334358814,5.326037,137.82997706127625,0.19024499999999867,4.923259824522871,1.6382610000000009,42.395776831889
REDLAT_CU281_Semantic2.txt,82.25975318501717,55.69475499999998,12.486575999999996,22.419662318291913,2.6061890000000076,4.6794155033090785,34.330943999999995,61.64125149666249,8.877234999999992,15.939086185045602
REDLAT_CU322_Semantic.txt,18.97599975435839,61.487954,49.82000000000001,81.02400024564162,0.0,0.0,6.087954,9.901051513276892,5.580000000000002,9.0749482410815
REDLAT_CU304_Semantic.txt,329.73895327185,14.142717000000003,13.214335000000005,93.43561778122267,45.705664999999996,323.17457105307267,0.9283819999999973,6.564382218777319,0.0,0.0
REDLAT_CU338_CraftDe.txt,99.36638339383458,15.137703000000004,12.033761,79.49529066596165,11.937845999999999,78.86167405979623,0.7155490000000029,4.726932481103657,2.3883930000000007,15.77777685293469
REDLAT_CU494_CraftDe.txt,43.25638217665333,23.583920999999993,21.234125999999996,90.03645322590761,7.8517560000000035,33.29283540256095,0.29567699999999775,1.253722822426338,2.054117999999999,8.709823951666051
REDLAT_CU491_CraftDe.txt,67.41852686185503,11.667772000000001,10.660766000000002,91.36933769360596,6.859234,58.78786455546097,1.007006,8.630662306394058,0.0,0.0
REDLAT_CU338_CraftIm.txt,76.48298489680828,49.401346000000004,26.77111200000001,54.191057871176234,15.153390000000009,30.674042767984513,10.054735999999995,20.353162037325852,12.575497999999996,25.4557800914979
REDLAT_CU421_CraftDe.txt,208.01031637160042,7.429744000000001,5.157555,69.41766768814644,13.182445000000001,177.42798405974688,2.272189000000001,30.58233231185355,0.0,0.0
REDLAT_CU429_Fugu.txt,28.380494323453735,22.440934000000002,21.349824,95.13785834404219,5.277737999999999,23.518352667495922,0.25867200000000046,1.1526792957904535,0.8324379999999998,3.7094623601673606
REDLAT_CU189_Semantic.txt,43.1694573682958,58.765807,38.03786000000001,64.72787823708438,4.640932999999997,7.897335605380177,3.126739999999996,5.320679081289559,17.601207,29.951442681626066
REDLAT_CU098_CraftDe.txt,49.05573256581482,65.222836,47.512828,72.84692128382764,14.285532000000002,21.90265384964248,2.068367999999979,3.1712328485685277,15.641640000000013,23.981845867603816
REDLAT_CU435_CraftDe.txt,57.13333333333337,12.000000000000002,9.591999999999999,79.93333333333331,4.448000000000002,37.066666666666684,2.408000000000003,20.066666666666688,0.0,0.0
REDLAT_CU629_CraftDe.txt,12.630091176949886,20.010868999999996,19.121738999999998,95.55676467623671,1.6382610000000015,8.186855853186595,0.889129999999998,4.443235323763291,0.0,0.0
REDLAT_CU122_Semantic2.txt,162.02887904319826,26.144772000000007,22.887636000000015,87.54192233919657,39.10494499999999,149.57080138239485,2.2597169999999918,8.643093158356827,0.9974189999999998,3.814984502446606
REDLAT_CU424_Phonological.txt,252.38387607393528,17.486039,16.177048,92.51407937498023,42.822952,244.89795544891555,1.3089910000000002,7.485920625019767,0.0,0.0
REDLAT_CU470_CraftDe.txt,89.84008901569493,19.441066,12.591019999999999,64.76506998124485,10.615824999999997,54.605158996939764,2.696891000000001,13.8721354065667,4.153155,21.36279461218845
REDLAT_CU299_Semantic2.txt,35.16806999200111,52.98616899999999,44.952352,84.83789798050886,10.600395999999996,20.005967972509954,7.226564999999994,13.638587458549788,0.8072519999999983,1.5235145609413627
REDLAT_CU398_Phonological2.txt,45.11302929500115,37.344699,27.993686999999998,74.96026946153724,7.496312999999999,20.073298756538374,9.351012000000003,25.039730538462777,0.0,0.0
REDLAT_CU369_CraftDe.txt,158.60643680417576,10.166628999999997,6.615255999999997,65.06833287611852,12.573555000000002,123.6747696802943,0.10018399999999983,0.9854200443431137,3.4511889999999994,33.94624707953837
REDLAT_CU359_CraftDe.txt,21.868524213151115,34.589426,31.88811700000001,92.1903618753315,4.8628879999999945,14.058886088482632,1.6523139999999925,4.776933852559427,1.0489950000000006,3.032704272109056
REDLAT_CU651_Phonological2.txt,257.3022895243203,18.776432999999997,8.497402000000001,45.25567768915428,38.033161000000014,202.55796721347457,1.519593999999998,8.093092015932942,8.759436999999997,46.651230294912764
REDLAT_CU591_Semantic.txt,1.945162987477243,59.861101999999995,58.97231,98.51524283665877,0.2756040000000013,0.4604058241360163,0.4167060000000009,0.6961214980639697,0.47208599999999734,0.7886356652772569
REDLAT_CU639_CraftDe.txt,51.666839247449836,22.327708,20.880499000000004,93.5183270938513,10.088811999999999,45.18516634130113,0.09651999999999816,0.43228798943446484,1.3506889999999991,6.049384916714242
REDLAT_CU288_CraftIm.txt,38.68196502741245,30.304249000000006,29.125259000000014,96.10948946466223,10.543288999999998,34.79145449207468,0.6375379999999922,2.103790791845698,0.5414519999999996,1.7867197434920743
REDLAT_CU549_Semantic.txt,141.31107879459944,21.282549999999997,13.422871999999993,63.069848302952394,22.21492300000001,104.3809270975518,2.027472999999999,9.526457120974692,5.832205000000004,27.40369457607291
REDLAT_CU307_CraftDe.txt,42.95208144124247,19.987809000000006,18.31482,91.62995303787422,6.912190999999994,34.5820344791167,0.26,1.3007928983111652,1.4129890000000027,7.0692540638146095
REDLAT_CU085_Fugu.txt,20.191185121148216,44.54488900000001,40.28859600000001,90.4449352202898,4.737847999999989,10.636120341438021,3.0427370000000002,6.8307208039063685,1.2135560000000016,2.7243439758038264
REDLAT_CU389_Semantic.txt,55.020960271842036,39.72658400000003,38.76474100000003,97.5788429229153,20.89610499999997,52.59980319475733,0.1626890000000003,0.4095217449353314,0.799154,2.0116353321493725
REDLAT_CU417_Fugu.txt,17.8014571904933,8.680677,7.667695,88.3306106194252,0.532305,6.132067809918514,1.0129819999999978,11.669389380574787,0.0,0.0
REDLAT_CU378_Fugu.txt,18.19679858073433,80.332246,78.42766499999999,97.62912019166001,12.713316000000006,15.825918772394347,1.1555620000000033,1.4384783913548282,0.7490190000000005,0.9324014169851551
REDLAT_CU555_Fugu.txt,18.879099373504683,21.923227999999998,19.622159999999997,89.50397268139527,1.8378400000000017,8.383072054899953,2.301068000000001,10.496027318604728,0.0,0.0
REDLAT_CU230_Semantic2.txt,144.12186553292173,24.56143199999999,10.739882999999999,43.726615777125716,21.576845000000006,87.84848131004746,10.23827699999999,41.68436514613641,3.5832720000000027,14.58901907673789
REDLAT_CU080_CraftDe.txt,23.054017252824917,44.14732099999999,37.144349000000005,84.13726622279077,3.174759000000005,7.191283475615669,6.002079999999989,13.59557015928552,1.0008920000000003,2.267163617923725
REDLAT_CU127_CraftIm.txt,80.10959456105019,36.47042299999999,11.115087000000003,30.476989532038075,3.860972000000003,10.586584093088264,15.67139499999999,42.9701487147544,9.683940999999994,26.552861753207516
REDLAT_CU408_Semantic.txt,44.5200028400631,43.407486000000006,41.511236000000004,95.63151388219075,17.428763999999994,40.15151672225383,1.8962500000000027,4.36848611780927,0.0,0.0
REDLAT_CU475_Phonological.txt,202.8242273334552,22.917453999999992,13.057677999999996,56.977001022888494,36.622373,159.80122835634367,0.5398270000000002,2.3555277999030797,9.319948999999998,40.667471177208434
REDLAT_CU235_CraftDe.txt,57.949227833055126,22.565198,22.36442,99.11023160532427,12.875579999999998,57.05945943837939,0.20077799999999968,0.8897683946757289,0.0,0.0
REDLAT_CU415_CraftIm.txt,36.43968361213148,24.31610299999999,23.73269599999999,97.60073807879495,8.277304000000008,34.04042169092642,0.5834070000000006,2.399261921205058,0.0,0.0
REDLAT_CU314_Fugu.txt,57.38888333414038,28.974209,17.202246,59.37089084985892,4.856012000000003,16.75977418399931,9.020221000000003,31.131897336696934,2.7517419999999966,9.497211813444144
REDLAT_CU314_Semantic.txt,30.638750533522874,36.907976999999995,33.469916999999995,90.6847779817355,7.870082999999999,21.32352851525837,3.438059999999999,9.315222018264505,0.0,0.0
REDLAT_CU436_Semantic2.txt,18.826240135983074,53.48429600000001,50.10760700000001,93.68657858000039,6.692392999999996,12.512818715983462,3.3766889999999963,6.313421419999612,0.0,0.0
REDLAT_CU546_CraftIm.txt,120.8929814464539,11.726761000000003,11.574965000000002,98.70555902009087,14.025034999999995,119.59854046654479,0.15179600000000093,1.2944409799091232,0.0,0.0
REDLAT_CU396_Semantic.txt,171.68449098419612,17.826862999999996,14.600452000000004,81.90140912621591,27.379547999999993,153.585900110412,3.2264109999999926,18.098590873784094,0.0,0.0
REDLAT_CU311_CraftIm.txt,56.73028732456815,27.117869,26.916912000000004,99.25894988282451,15.183087999999996,55.98923720739265,0.20095699999999933,0.7410501171755027,0.0,0.0
REDLAT_CU317_Semantic2.txt,12.825206004141165,59.80632200000001,54.652029,91.38169205590003,2.5159909999999934,4.206898060041199,0.12231299999999834,0.20451516814559892,5.031980000000008,8.413792775954366
REDLAT_CU390_Semantic2.txt,92.5191767421437,32.355209,26.245909000000005,81.11803264815877,23.825472999999988,73.63720939030246,1.7406819999999996,5.379912705864455,4.3686180000000014,13.502054645976791
REDLAT_CU367_Semantic2.txt,58.1298844184842,40.98440800000001,36.64352600000001,89.40845503978001,19.483306999999993,47.5383394582642,2.5877149999999975,6.313901130400608,1.7531670000000048,4.2776438298193895
REDLAT_CU023_CraftDe.txt,39.27703816714575,30.644052000000006,25.79278600000001,84.16898000303617,7.184809999999994,23.446018170181908,2.8188619999999913,9.198724763944373,2.032404000000003,6.6322952330194545
REDLAT_CU321_CraftDe.txt,57.54904460173784,33.969080000000005,17.502225999999993,51.52399181844192,3.082027000000002,9.073036420179767,9.211107000000016,27.11615092313367,7.255746999999995,21.35985725842441
REDLAT_CU392_Semantic.txt,69.23760219192567,49.991841,18.255513,36.51698484158645,2.8768240000000027,5.754587033512133,13.198665000000002,26.40163821932463,18.537663,37.08137693908891
REDLAT_CU238_Semantic.txt,16.906945101386416,60.83532499999999,57.205422999999996,94.03323315853083,6.65549300000001,10.94017825991726,0.2908180000000016,0.4780413353590231,3.3390839999999944,5.488725506110135
REDLAT_CU157_CraftIm.txt,92.31329390045634,52.903909000000034,39.510225000000005,74.68299743219349,35.44365699999999,66.99629133264986,2.9475660000000232,5.571546707446554,10.446117999999998,19.745455860359943
REDLAT_CU583_Semantic.txt,61.42170283402558,37.54126300000001,36.615441000000004,97.53385494782101,22.132661,58.955557781846586,0.2939240000000053,0.7829358324998421,0.6318979999999996,1.6832092196791555
REDLAT_CU239_CraftIm.txt,32.67121561652695,21.480269000000003,19.576439,91.13684283935177,5.114034999999999,23.808058455878736,1.3343039999999995,6.2117657837525195,0.5695259999999998,2.6513913768956976
REDLAT_CU545_Semantic2.txt,75.42180352940966,37.08059299999998,32.40681799999999,87.39563037732434,23.293077000000018,62.81743390673399,2.6336700000000004,7.102556315644687,2.040104999999997,5.5018133070309805
REDLAT_CU656_CraftDe.txt,95.23391183025502,10.654335,7.332950999999998,68.82598491599897,6.825156,64.05989674625398,0.05949100000000135,0.5583736572953765,3.2618930000000006,30.61564142670566
REDLAT_CU428_Phonological.txt,177.6158467274958,19.42568899999999,11.573275999999996,59.577171239588985,26.650689000000003,137.19301796708478,4.706377999999999,24.22759882545222,3.1460349999999977,16.195229934958803
REDLAT_CU090_Phonological2.txt,48.05328304907223,63.981849000000004,44.266602999999996,69.18618903933206,11.030132999999987,17.239472088404302,12.77198199999999,19.961883252232973,6.943264000000013,10.851927708434953
REDLAT_CU406_CraftDe.txt,64.34220332221402,2.9453250000000013,1.450119,49.23460059585952,0.3998809999999997,13.576803918073542,1.4952060000000014,50.76539940414049,0.0,0.0
REDLAT_CU575_Phonological2.txt,27.43763669779522,36.141768,31.244652999999996,86.45026164741026,5.019332000000004,13.887898345205482,2.6511000000000053,7.335280332716444,2.246015,6.214458019873295
REDLAT_CU226_Phonological.txt,136.26583570954682,28.416708999999997,24.182671999999997,85.10018524664486,34.488229000000004,121.36602095619169,1.184937999999998,4.169863582725213,3.0490990000000053,10.729951170629949
REDLAT_CU157_Fugu.txt,59.09940105593451,34.963532,16.40657,46.92480725345482,2.1062759999999976,6.02420830938933,2.9998080000000016,8.579819681833063,15.557154,44.49537306471211
REDLAT_CU356_Phonological2.txt,77.28813559322035,23.599999999999998,14.26,60.42372881355933,8.900000000000002,37.711864406779675,8.419999999999998,35.677966101694906,0.9199999999999999,3.898305084745763
REDLAT_CU023_Semantic2.txt,90.2417281551033,44.90180299999998,25.492516999999992,56.77392731868697,21.110877000000016,47.01565547379028,4.692679999999991,10.450983449372831,14.716605999999997,32.77508923194021
REDLAT_CU421_Fugu.txt,28.954107582857276,21.056812,14.96,71.04589241714272,0.0,0.0,6.096812000000001,28.954107582857276,0.0,0.0
REDLAT_CU434_CraftIm.txt,14.888221079676786,39.151568000000005,36.60129800000001,93.48616126945414,3.2787019999999956,8.374382349130935,2.5502699999999967,6.513838730545853,0.0,0.0
REDLAT_CU222_Semantic.txt,106.34444548879965,32.853871999999996,15.865117999999994,48.28994889856512,17.949514000000008,54.634394387364786,15.193386000000004,46.245343623424375,1.7953679999999963,5.464707478010496
REDLAT_CU023_CraftIm.txt,65.77034728063703,150.33778000000007,94.61765299999996,62.93671025340398,43.15755300000005,28.707057534041034,34.15533300000014,22.719061702254834,21.564793999999942,14.344228044341172
REDLAT_CU361_Phonological.txt,110.72134930245774,29.977682,28.642994,95.54772780630604,31.857006,106.26907710876377,1.3346879999999999,4.452272193693961,0.0,0.0
REDLAT_CU576_Phonological2.txt,80.50561854861135,23.314650999999998,12.881761999999995,55.251789958168345,8.336715,35.75740850677971,6.721366000000004,28.828936791719528,3.711522999999998,15.919273250112122
REDLAT_CU147_Semantic2.txt,252.39287494384976,17.673573,11.653367000000001,65.93667845205947,38.586633,218.32955339590922,6.020206,34.063321547940525,0.0,0.0
REDLAT_CU593_CraftIm.txt,79.48616385080527,4.049501000000001,3.7053540000000016,91.5014961102615,2.8746459999999994,70.98765996106678,0.34414699999999954,8.4985038897385,0.0,0.0
REDLAT_CU406_Phonological2.txt,381.2072222118456,13.438487000000006,8.920895000000002,66.38317989220064,46.710891000000004,347.59040210404623,0.4293780000000059,3.1951364763012813,4.088213999999997,30.421683631498063
REDLAT_CU307_Phonological2.txt,16.197692787161543,55.81010899999999,53.620667,96.07697953071549,6.850508000000002,12.274672317877041,1.2806169999999923,2.2945968444533813,0.908825,1.6284236248311217
REDLAT_CU402_Phonological.txt,188.63988401577134,21.72157400000002,9.026846000000015,41.55705290970169,28.28082399999998,130.19693692547304,4.612398000000001,21.234179438377698,8.082330000000006,37.20876765192061
REDLAT_CU280_Phonological.txt,197.78498443540133,21.66422699999999,14.301398000000004,66.01388547119642,35.485759,163.79886990659773,4.679985999999996,21.60236781123092,2.682842999999991,12.383746717572672
REDLAT_CU041_Phonological2.txt,119.38656960635026,30.918781000000003,21.974519,71.07175085589564,27.968609999999998,90.4583204622459,1.8273910000000042,5.910294458245311,7.116870999999994,23.01795468585904
REDLAT_CU023_Phonological.txt,69.62173684188333,56.68860299999999,23.90630100000001,42.17126500718321,6.685287999999996,11.793001849066552,16.153890999999994,28.49583539746075,16.628410999999986,29.332899595356032
REDLAT_CU404_CraftIm.txt,25.501338493306147,30.113337,29.091642999999998,96.60717110162848,6.657610000000001,22.10850959493463,0.29094700000000273,0.9661732274971808,0.730747,2.426655670874337
REDLAT_CU392_Phonological.txt,80.67110717262727,44.414158,18.119879,40.79752902216451,9.535114000000007,21.468636194791777,9.299272000000006,20.93762984316849,16.995006999999998,38.26484113466701
REDLAT_CU184_Fugu.txt,15.124916366391295,83.082628,80.169978,96.49427314696882,9.653528000000001,11.619189513360123,1.9161559999999973,2.306325697834206,0.9964939999999984,1.1994011551969666
REDLAT_CU377_CraftDe.txt,117.41717532115328,6.747868,4.5923560000000005,68.05639944349831,5.767644,85.47357476465159,2.155512,31.943600556501696,0.0,0.0
REDLAT_CU629_Semantic.txt,127.56781394828431,27.384557999999995,25.996414999999995,94.93092786087693,33.545739000000005,122.49874180916125,0.09029699999999996,0.32973692692063894,1.2978459999999998,4.739335212202439
REDLAT_CU389_Phonological2.txt,67.54907405523689,32.93339000000001,30.988595000000014,94.0947621851258,20.30140499999999,61.64383624036269,1.9447949999999956,5.905237814874191,0.0,0.0
REDLAT_CU477_Semantic.txt,59.45371188139447,38.29297999999999,37.643190999999995,98.30311195420153,22.116809000000003,57.756823835595995,0.6497889999999983,1.6968880457984685,0.0,0.0
REDLAT_CU398_Semantic2.txt,114.5758786221836,29.279024000000003,26.21966,89.55100415915501,30.487335,104.12688278133861,0.5463590000000025,1.8660423926699279,2.5130049999999997,8.582953448175047
REDLAT_CU122_Semantic.txt,120.57764865126993,42.86339099999996,24.63291899999999,57.46843267720003,33.45319700000003,78.04608132846994,1.6565879999999935,3.8648085495615483,16.57388399999998,38.666758773238435
REDLAT_CU546_Fugu.txt,32.516436935447416,72.294194,71.983349,99.5700277120456,23.196651000000006,32.086464647492996,0.31084500000000004,0.42997228795441034,0.0,0.0
REDLAT_CU583_Semantic2.txt,39.41402364555466,45.09820199999999,42.38945999999999,93.99368072367939,15.066274,33.40770436923406,2.0044759999999977,4.444691608769675,0.704266000000004,1.561627667550924
REDLAT_CU575_Semantic.txt,76.0277588622469,41.929096,21.930987999999996,52.30493879476914,11.879644000000003,28.33269765701603,7.09874000000001,16.93034354950083,12.899367999999996,30.76471765573003
REDLAT_CU097_Fugu.txt,97.95401165784223,33.63469799999999,22.880950999999982,68.027817582902,22.192789000000012,65.98182924074423,6.247487000000017,18.574529790634713,4.506259999999995,13.39765262646329
REDLAT_CU314_Phonological2.txt,118.83853593184526,24.372308000000007,20.644307,84.70394761136285,25.235693,103.5424835432081,3.728001000000006,15.296052388637158,0.0,0.0
REDLAT_CU272_Fugu.txt,148.81363187815873,12.17059,6.638503000000002,54.54544931675458,12.57941,103.3590811949133,0.0,0.0,5.532086999999999,45.45455068324542
REDLAT_CU006_Fugu.txt,38.79648104193528,68.623381,49.79171599999999,72.55794639439289,7.791792000000017,11.354427436328178,9.775172999999997,14.244668300444127,9.056492000000002,13.197385305162976
REDLAT_CU639_CraftIm.txt,51.33482201641264,17.535408999999998,14.486818999999999,82.61466270903632,5.953181000000002,33.94948472544896,2.9885900000000003,17.043172474619787,0.05999999999999872,0.342164816343883
REDLAT_CU474_Semantic.txt,18.75803827564623,56.804005000000004,52.732294,92.83200013801843,6.583605999999996,11.590038413664663,3.5276110000000003,6.210144865665723,0.5441,0.9578549963158408
REDLAT_CU367_Phonological.txt,76.70396195552982,33.032500999999996,29.737631999999994,90.02537228410286,22.042368000000007,66.72933423963268,3.2948689999999985,9.974627715897137,0.0,0.0
REDLAT_CU583_CraftIm.txt,65.05878437427495,10.792664,7.126598000000001,66.03187127849066,3.355509999999999,31.09065565276561,2.148173999999999,19.904019989874595,1.5178919999999998,14.064108731634747
REDLAT_CU090_Phonological.txt,121.07593479215986,29.837087,24.678681999999995,82.71143225208276,30.967127000000005,103.78736704424264,3.134213999999994,10.504423571912344,2.024191000000009,6.7841441760048795
REDLAT_CU488_Phonological2.txt,104.88833491612858,24.834755000000005,1.7879970000000043,7.199575755830907,3.0020029999999958,12.087910671959499,23.046758,92.8004242441691,0.0,0.0
REDLAT_CU545_Semantic.txt,175.95794514801642,21.266796999999997,20.903089,98.28978477577043,37.056911,174.24772992378686,0.36370799999999814,1.7102152242295736,0.0,0.0
REDLAT_CU299_CraftIm.txt,46.120050010217206,9.258908,5.201357,56.1767867225811,0.21266200000000124,2.296836732798309,2.4815700000000005,26.801972759638613,1.5759809999999996,17.021240517780278
REDLAT_CU389_Phonological.txt,61.76934788157673,37.872247,35.86812499999999,94.70820413692377,21.389318000000006,56.47755201850053,0.3615649999999999,0.9546964562203027,1.6425570000000036,4.337099406855906
REDLAT_CU263_Phonological2.txt,15.340840289766625,59.80675,52.10953,87.12984738344751,1.4776379999999985,2.470687673214141,1.1743880000000022,1.9636378836837014,6.522831999999999,10.90651473286878
REDLAT_CU443_Phonological2.txt,101.64147670961353,32.28799999999998,22.483999999999995,69.63577799801787,23.014000000000014,71.2772547076314,5.091999999999994,15.770564915758166,4.7119999999999935,14.593657086223972
REDLAT_CU643_CraftIm.txt,59.57347323693853,24.072956000000012,22.516311000000005,93.53363583599784,12.78445099999999,53.10710907293638,0.19740700000000544,0.820036392705596,1.3592380000000013,5.646327771296557
REDLAT_CU097_CraftDe.txt,49.411721244090835,55.78936800000002,33.769718,60.530741269555136,5.546837000000004,9.942462513645973,15.61620500000001,27.99136387420629,6.4034450000000085,11.477894856238569
REDLAT_CU290_Phonological.txt,151.4564518792066,25.619589999999985,14.426268999999987,56.309523298382196,27.609201000000013,107.76597517758883,0.44879099999999916,1.7517493449348698,10.74453,41.93872735668294
REDLAT_CU639_Phonological2.txt,107.02747105448324,27.90915800000001,16.738545,59.97509849634301,18.699852999999994,67.00256955082625,8.329011000000012,29.843290148703193,2.8416019999999995,10.181611354953807
REDLAT_CU546_CraftDe.txt,21.98186744501169,13.720735999999999,13.152331,95.85732864476076,2.4476689999999994,17.83919608977244,0.5684049999999994,4.142671355239248,0.0,0.0
REDLAT_CU308_Phonological2.txt,67.02122227082656,43.16031999999999,17.638615999999992,40.86766733888904,3.404870000000003,7.8888896097156,17.46519,40.46584918740177,8.056514,18.66648347370919
REDLAT_CU339_Fugu.txt,35.349509929204615,24.599201,21.576752,87.71322288069436,5.673247999999999,23.062732809898982,3.0224490000000017,12.28677711930563,0.0,0.0
REDLAT_CU226_Phonological2.txt,127.65169360983124,26.769683999999998,9.94582199999999,37.153303714754315,17.348093000000002,64.80499732458554,16.237777,60.65733536488515,0.5860850000000042,2.189360920360525
REDLAT_CU648_Phonological.txt,125.24524889153514,27.996151,27.996151,100.0,35.063849000000005,125.24524889153514,0.0,0.0,0.0,0.0
REDLAT_CU038_Fugu.txt,19.808361282691877,124.25151,123.29966099999999,99.23393365601753,23.660339000000015,19.042294938709407,0.9518490000000099,0.7660663439824674,0.0,0.0
REDLAT_CU184_Phonological.txt,84.91083858356234,33.900425999999996,28.736486000000003,84.76733006246,23.621196,69.67816864602233,3.4816219999999998,10.270142328004965,1.682317999999995,4.96252760953504
REDLAT_CU398_CraftIm.txt,27.716683733204366,27.027547999999996,26.488203999999996,98.00446566591982,6.9517960000000025,25.721149399124197,0.5393439999999994,1.9955343340801743,0.0,0.0
REDLAT_CU485_Phonological2.txt,57.83599441503423,55.916547,27.508122,49.19495833675137,3.9314659999999932,7.030952751785609,21.658013,38.732743994367176,6.750412000000004,12.072297668881458
REDLAT_CU342_Phonological2.txt,1.0440409252852036,60.979123,60.361238,98.98672698195413,0.018762000000002388,0.030767907239338924,0.6178850000000001,1.013273018045865,0.0,0.0
REDLAT_CU406_Semantic2.txt,121.82562915876005,31.852492999999992,15.242809000000001,47.85436731749696,22.194816000000007,69.67999647625702,7.767308999999997,24.385246705807297,8.842374999999993,27.76038597669575
REDLAT_CU311_Phonological.txt,133.2152096661086,18.623420000000003,6.1424359999999965,32.98232011091408,12.328244,66.19752977702268,8.351664000000005,44.84495328999724,4.12932,22.172726599088673
REDLAT_CU629_Semantic2.txt,45.04423089484984,48.054307,44.04430700000001,91.65527452097064,17.635692999999996,36.699505415820475,4.0099999999999945,8.34472547902937,0.0,0.0
REDLAT_CU417_CraftDe.txt,30.9169334091841,15.298461000000003,14.694323,96.0509883968067,4.125676999999999,26.967921805990798,0.6041380000000028,3.9490116031933065,0.0,0.0
REDLAT_CU421_Semantic2.txt,172.4896924217171,24.504786000000003,17.147453,69.97593449704068,34.91089699999999,142.46562691875778,2.775683000000003,11.327105651932659,4.581650000000003,18.696959851026662
REDLAT_CU572_Phonological.txt,158.46586612281538,19.365584999999996,9.76616199999999,50.43050339042168,21.08841900000001,108.89636951323708,3.314003999999998,17.11285251646154,6.2854190000000045,32.45664409311676
REDLAT_CU588_CraftIm.txt,79.32932441671481,8.853431,7.1950520000000004,81.26851612668581,5.3649879999999985,60.59784054340061,0.3984189999999994,4.500164964294626,1.2599600000000004,14.231318909019569
REDLAT_CU065_CraftDe.txt,47.40054175481812,76.14403900000002,44.936064,59.01455266905397,4.8847119999999915,6.415094423872091,12.638751000000015,16.59847726228446,18.569224,24.386970068661572
REDLAT_CU444_CraftIm.txt,24.803005587267247,9.666264,8.61437,89.1178846346427,1.3456300000000012,13.920890221909946,1.0518940000000012,10.8821153653573,0.0,0.0
REDLAT_CU317_Semantic.txt,67.2858205018579,33.61071,32.934245999999995,97.98735581604791,21.938778000000003,65.27317631790582,0.08948800000000001,0.2662484666345936,0.5869759999999999,1.746395717317486
REDLAT_CU038_CraftDe.txt,7.224518947054046,30.513741000000003,28.404635000000003,93.08801238104499,0.09536499999999748,0.3125313280990275,2.1091060000000015,6.911987618955019,0.0,0.0
REDLAT_CU404_Phonological2.txt,283.5667559169479,17.72057900000002,16.375454000000023,92.40924915602366,48.90454599999998,275.97600507297153,1.3451249999999977,7.590750843976352,0.0,0.0
REDLAT_CU547_Phonological.txt,69.66946998432879,50.881854,21.866368,42.97478625680582,6.433632000000003,12.644256241134615,29.015485999999996,57.02521374319418,0.0,0.0
REDLAT_CU317_Phonological2.txt,141.02697158951756,27.437759999999997,20.825725,75.90169532789848,32.08260700000001,116.92866691741605,0.3803669999999997,1.3862902802561132,6.231667999999999,22.7120143918454
REDLAT_CU334_Fugu.txt,36.566958162566614,38.27761100000001,34.445384000000004,89.98833286643725,10.164730999999996,26.555291029003858,1.2423420000000016,3.2456100773896295,2.5898850000000024,6.76605705617313
REDLAT_CU239_Phonological.txt,150.5194725261134,24.51708100000001,10.667050000000016,43.50864607413913,23.05294999999999,94.02811860025251,13.850030999999996,56.49135392586087,0.0,0.0
REDLAT_CU379_CraftDe.txt,49.569761863868536,9.676734000000002,4.880000000000001,50.430238136131464,0.0,0.0,4.796734000000001,49.569761863868536,0.0,0.0
REDLAT_CU372_CraftDe.txt,13.157029589875005,31.372825999999996,31.107547,99.15443065282038,3.8624530000000012,12.311460242695388,0.26527899999999716,0.8455693471796171,0.0,0.0
REDLAT_CU127_Semantic2.txt,68.78998058242435,49.767284000000004,28.218154000000013,56.70020891636363,12.685774999999992,25.49018949878798,3.423058999999995,6.878131022781944,18.126070999999996,36.42166006085443
REDLAT_CU184_CraftDe.txt,8.512943921746304,25.620056,24.281029,94.77352040136054,0.841993999999998,3.2864643231068578,0.482050000000001,1.8815337484039885,0.8569770000000005,3.344945850235458
REDLAT_CU307_CraftIm.txt,118.27193129555297,26.518690999999997,24.055832,90.71274294798339,28.90130899999999,108.98467424353636,0.0,0.0,2.4628589999999995,9.287257052016631
REDLAT_CU415_Phonological2.txt,46.57896664741531,43.325038000000006,41.095307999999996,94.85348402925807,17.950625000000002,41.43245067667338,0.4956630000000077,1.1440566999618271,1.7340670000000031,4.002459270780104
REDLAT_CU434_Fugu.txt,21.321240876587733,35.560570999999996,34.229307999999996,96.25635088930377,6.250692000000003,17.57759176589151,1.3312629999999999,3.743649110696226,0.0,0.0
REDLAT_CU452_CraftDe.txt,3.3441207659035244,43.99347699999999,42.801141,97.28974365904293,0.2788590000000002,0.6338644249464535,1.1923359999999903,2.710256340957071,0.0,0.0
REDLAT_CU008_CraftDe.txt,65.97150930238274,40.585247,28.099416999999992,69.23554512308374,14.28887,35.207054425466474,4.3741170000000045,10.77760349715256,8.111713000000005,19.9868513797637
REDLAT_CU421_Phonological2.txt,204.80710924151794,16.781312000000014,14.655996000000014,87.33522146540152,32.24400399999999,192.1423307069195,2.125315999999998,12.664778534598463,0.0,0.0
REDLAT_CU127_Phonological2.txt,38.29847920067327,48.779151,43.49832699999999,89.17401411926991,13.400848999999997,27.472493319943183,0.3,0.6150168542293818,4.980824000000009,10.210969026500706
REDLAT_CU065_CraftIm.txt,20.17524623271821,68.802392,57.32066999999998,83.31203077939497,2.399330000000006,3.4872770121131924,8.901721999999994,12.938099593979224,2.5800000000000125,3.7498696266257903
REDLAT_CU338_Phonological.txt,100.07598115878696,36.70252,18.601807999999984,50.68264522436058,18.629695,50.758626383147536,5.5522149999999995,15.12761249091343,12.548497000000017,34.189742284726
REDLAT_CU463_CraftIm.txt,28.517648627194355,33.005399999999995,30.356517999999994,91.97439812879105,6.763482000000004,20.492046755985402,2.6488819999999995,8.025601871208952,0.0,0.0
REDLAT_CU279_Semantic.txt,106.66785082585753,29.416090000000008,25.510752000000004,86.72380319750177,27.472172999999998,93.3916540233593,1.2582630000000028,4.277465155974171,2.647075000000001,8.998731646524064
REDLAT_CU591_CraftDe.txt,3.146732282265321,31.876973,31.596917,99.12144732186461,0.7230270000000019,2.268179604129921,0.17999999999999972,0.5646709303295508,0.10005599999999859,0.31388174780584904
REDLAT_CU302_Semantic2.txt,126.94758020021501,27.277670000000008,20.739935000000003,76.03264868297035,28.090607,102.98022888318538,0.5082770000000041,1.8633446331743286,6.029457999999998,22.104006683855317
REDLAT_CU547_Semantic.txt,37.95140758290342,48.134465,40.683379,84.52026837734668,10.816620999999998,22.4716759602501,7.4510859999999965,15.479731622653325,0.0,0.0
REDLAT_CU279_Phonological.txt,48.37054446423199,51.20949800000002,38.909393,75.98081316868208,12.47020799999999,24.351357632914088,4.509706000000007,8.806385877869776,7.790399000000006,15.212800953448134
REDLAT_CU172_Semantic2.txt,46.11440998438659,51.879160999999996,34.907696,67.2865469046425,6.952303999999996,13.400956889029096,16.971464999999995,32.71345309535749,0.0,0.0
REDLAT_CU307_Semantic2.txt,121.91195367295246,36.107287,12.752680000000002,35.318854058461945,20.664491999999996,57.23080773141442,10.97177899999999,30.38660589481561,12.382828000000005,34.294540046722446
REDLAT_CU471_CraftIm.txt,30.272842450790616,20.601303,19.467837999999997,94.49809072756221,5.103135,24.77093317835284,0.4844380000000008,2.351492039120054,0.649027,3.150417233317717
REDLAT_CU434_Semantic2.txt,138.20196685993162,12.874023000000012,6.948169000000007,53.970456631932386,11.866298999999987,92.17242349186402,4.440322000000005,34.4905551279503,1.4855319999999992,11.53898824011731
REDLAT_CU367_Phonological2.txt,45.73452085651453,51.396723,32.590339,63.40937144961557,4.699660999999999,9.143892306130098,12.706384,24.722167598117103,6.100000000000001,11.868460952267329
REDLAT_CU008_Phonological2.txt,105.11419506543866,25.309280999999995,24.482816999999997,96.73454176750418,25.777183000000004,101.84873683294286,0.8264639999999976,3.2654582324958095,0.0,0.0
REDLAT_CU314_Semantic2.txt,123.49326500687594,23.373669,11.316948999999996,48.41751203031067,16.808187000000007,71.91077703718662,7.721856000000004,33.0365592154146,4.334864,18.545928754274733
REDLAT_CU477_Phonological.txt,85.94710348201814,40.17667100000002,21.145451000000012,52.631167475274395,15.499464999999981,38.57827095729254,7.956135999999998,19.80287515608248,11.07508400000001,27.56595736864312
REDLAT_CU436_Fugu.txt,45.32096601241166,15.584189,14.623548000000001,93.83579729429617,6.102263999999998,39.15676330670783,0.7464529999999989,4.7898097231751935,0.21418800000000005,1.3743929825286387
REDLAT_CU419_CraftDe.txt,68.23237784134099,13.499083999999996,13.149168999999997,97.40786115561619,8.860831000000005,65.64023899695718,0.3499149999999993,2.592138844383807,0.0,0.0
REDLAT_CU572_Semantic.txt,56.81828232372599,52.394214999999996,25.914928000000003,49.46143004528268,3.290205999999994,6.279712369008667,11.194420999999991,21.365757650916215,15.284866000000001,29.172812303801102
REDLAT_CU381_Semantic.txt,141.68191109333594,25.521349000000008,11.347573000000006,44.46306110229519,21.985358999999992,86.14497219563114,13.726707999999999,53.78519763982693,0.447068,1.7517412578778648
REDLAT_CU231_CraftIm.txt,66.36465441540496,24.184338999999994,17.547242999999998,72.55622326498154,9.412757000000001,38.92087768038648,6.637095999999996,27.443776735018464,0.0,0.0
REDLAT_CU290_Phonological2.txt,181.9160190269158,25.965953,15.736944999999995,60.60607519392797,37.007220000000004,142.52209422084374,2.8931730000000027,11.142179145129019,7.335835000000001,28.25174566094301
REDLAT_CU549_Phonological2.txt,157.46994307836266,23.193991999999998,9.381084000000005,40.4461810627511,22.710658,97.91612414111378,6.944649999999989,29.941590046249864,6.868258000000004,29.612228890999035
REDLAT_CU298_Semantic.txt,17.209930246390854,45.033082,42.81146,95.06668897323082,5.528539999999996,12.27661921962169,2.221622,4.933311026769164,0.0,0.0
REDLAT_CU008_Phonological.txt,181.6613092459511,19.862791999999992,15.649891999999987,78.78999085324959,31.87010800000001,160.45130009920067,4.072900000000006,20.505173693607663,0.13999999999999968,0.7048354531427391
REDLAT_CU382_Semantic.txt,41.036339762051796,42.598848,41.938919999999996,98.45083134642515,16.82108,39.48717110847693,0.6599280000000026,1.5491686535748634,0.0,0.0
REDLAT_CU433_Fugu.txt,40.00521701149092,52.75817400000001,51.253940000000014,97.14881337629312,19.601787999999985,37.15403038778405,1.4999619999999965,2.8430893002475712,0.0042719999999998315,0.008097323459299085
REDLAT_CU436_Phonological2.txt,293.15492906652025,12.680190000000001,8.863794000000004,69.90269073255213,33.356206,263.05761979907237,3.8163959999999975,30.097309267447862,0.0,0.0
REDLAT_CU231_CraftDe.txt,120.3012339541329,26.26961500000001,17.049018000000004,64.9001441399122,22.382073999999996,85.20137809404511,6.801689000000005,25.89184881468572,2.418908000000002,9.208007045402077
REDLAT_CU359_Fugu.txt,14.819414822046314,27.702855,24.999589000000004,90.2419227187956,1.4021350000000035,5.061337540841922,1.7449899999999978,6.29895366380107,0.9582759999999979,3.4591236174033253
REDLAT_CU156_Fugu.txt,35.77371493193427,72.62276800000001,59.32034000000001,81.68284084131852,12.677433999999991,17.456555773252806,4.540201999999998,6.251761155675032,8.762225999999998,12.065398003006436
REDLAT_CU446_Phonological2.txt,314.3068985637916,14.409607999999999,14.409607999999999,100.0,45.290392,314.3068985637916,0.0,0.0,0.0,0.0
REDLAT_CU591_CraftIm.txt,44.580276369237254,34.192011,24.819215,72.5877603396887,5.870097000000001,17.168036708925953,6.852108000000001,20.040084802265653,2.520688,7.372154858045641
REDLAT_CU578_CraftDe.txt,11.645736797550486,12.782609,12.65699,99.01726634992903,1.3630099999999998,10.663003147479515,0.12561900000000037,0.9827336500709704,0.0,0.0
REDLAT_CU097_Phonological2.txt,450.3814696214047,9.199552999999995,5.115038999999996,55.60095148101216,37.348568,405.9824211024168,1.888120999999999,20.52405154902635,2.1963930000000005,23.874996969961494
REDLAT_CU399_Phonological.txt,244.0238565654079,15.609791000000016,14.918386000000016,95.57069662239553,37.40020899999999,239.59455318780343,0.0,0.0,0.6914049999999996,4.429303377604472
REDLAT_CU500_Fugu.txt,46.98725492544126,18.288006000000003,17.427487,95.29462643439638,7.732512999999997,42.281881359837676,0.8605189999999984,4.705373565603589,0.0,0.0
REDLAT_CU012_Semantic.txt,178.3251268472471,22.533599,21.905265,97.2115683784024,39.554735,175.5366952256495,0.6283340000000011,2.7884316215976024,0.0,0.0
REDLAT_CU653_CraftDe.txt,26.526779572089822,23.809248999999998,23.346711,98.05731797756411,5.853289,24.58409754965392,0.46253799999999884,1.9426820224358983,0.0,0.0
REDLAT_CU327_CraftDe.txt,71.09596866936575,2.419102,0.7805779999999998,32.267262810745464,0.0813600000000001,3.3632314801112186,1.1704620000000001,48.38415246649377,0.468062,19.34858472276076
REDLAT_CU410_Semantic.txt,21.8929892673815,50.010722,49.38094000000001,98.74070604299615,10.319059999999997,20.633695310377636,0.6297820000000018,1.2592939570038637,0.0,0.0
REDLAT_CU588_Fugu.txt,13.085043159778145,25.216302000000006,24.438369,96.91496001277268,2.5216309999999975,10.000003172550825,0.7779330000000028,3.0850399872273204,0.0,0.0
REDLAT_CU382_Phonological2.txt,275.90138921377945,15.72752899999999,15.72752899999999,100.0,43.39247100000001,275.90138921377945,0.0,0.0,0.0,0.0
REDLAT_CU356_Phonological.txt,171.20175051685337,19.713034999999998,18.361987000000006,93.1464231661944,32.39801299999999,164.34817368304778,1.3510479999999916,6.85357683380561,0.0,0.0
REDLAT_CU555_CraftIm.txt,51.12586508512972,11.897961999999998,11.677513,98.14717007837142,5.862487000000002,49.27303516350113,0.22044899999999912,1.852829921628588,0.0,0.0
REDLAT_CU639_Fugu.txt,56.572707353310236,13.994568,12.248731,87.52489537369071,6.171269000000001,44.09760272700094,1.7458370000000007,12.4751046263093,0.0,0.0
REDLAT_CU390_Phonological.txt,29.642629762232314,39.466549,33.358813,84.52427142793762,5.591187000000005,14.166901190169945,6.107735999999996,15.47572857206237,0.0,0.0
REDLAT_CU497_CraftDe.txt,9.483055951521186,21.695907,20.704235999999998,95.42922542947846,1.0657640000000015,4.912281380999659,0.9916709999999997,4.570774570521527,0.0,0.0
REDLAT_CU651_Phonological.txt,118.66712689833732,17.953277000000003,3.559467999999992,19.826285752734677,6.910829,38.49341265107199,12.804106000000012,71.31904665649624,1.589703,8.854667590769083
REDLAT_CU410_Semantic2.txt,12.995895887398412,56.43777899999999,53.34159199999999,94.5139814945588,4.238408000000008,7.509877381957232,3.0961869999999965,5.486018505441181,0.0,0.0
REDLAT_CU239_Semantic.txt,10.741312801248077,64.4195,57.5,89.25868719875193,0.0,0.0,6.919500000000005,10.741312801248077,0.0,0.0
REDLAT_CU317_CraftIm.txt,7.736214870317952,44.200762999999995,41.13071,93.05429863280868,0.3494129999999984,0.790513503126628,1.4701759999999973,3.3261326280725005,1.5998769999999993,3.6195687391188236
REDLAT_CU471_Fugu.txt,26.435059779425156,39.001546000000005,32.485732,83.29344688028519,3.794267999999999,9.728506659710357,6.515814000000004,16.7065531197148,0.0,0.0
REDLAT_CU547_Phonological2.txt,163.96316522133932,22.985451000000005,22.778889000000007,99.10133588416431,37.481111,163.0645011055036,0.20656199999999814,0.8986641158357002,0.0,0.0
REDLAT_CU576_Phonological.txt,448.4798392069031,11.158688000000001,10.377111000000003,92.99579843078327,49.262889,441.4756376376864,0.7815769999999982,7.004201569216723,0.0,0.0
REDLAT_CU406_CraftIm.txt,91.92141258162567,6.032416,5.303667,87.91945051534908,4.816333,79.84086309697476,0.7287489999999996,12.080549484650922,0.0,0.0
REDLAT_CU120_CraftIm.txt,56.30877652975011,34.319396000000005,24.35615,70.96905201944695,9.361585999999996,27.27782854919706,4.140982000000007,12.06601071883668,5.8222640000000006,16.964937261716376
REDLAT_CU322_Semantic2.txt,72.72691338564961,36.17727299999999,34.901883,96.47460990218916,25.035224000000003,69.20152328783877,0.3124969999999983,0.8637936861631289,0.9628930000000011,2.661596411647725
REDLAT_CU192_Phonological2.txt,242.9744247081301,14.914863999999996,7.677343999999999,51.47444857693641,29.001784999999998,194.44887328506655,6.456649,43.290029329131,0.7808709999999977,5.235522093932588
REDLAT_CU493_Fugu.txt,5.29494029697872,52.388805999999995,51.617425,98.52758430875481,2.0025750000000038,3.8225246057335305,0.7713810000000016,1.4724156912451902,0.0,0.0
REDLAT_CU189_Phonological.txt,301.37881168805217,15.561805999999997,12.530910000000002,80.52349450957044,43.86908999999999,281.9023061976226,3.0308959999999963,19.47650549042956,0.0,0.0
REDLAT_CU415_Semantic.txt,44.114784412101045,47.865001,36.01668799999999,75.24639558662076,9.267229000000004,19.36117999872183,3.9522300000000046,8.257035239589788,7.896083000000003,16.496569173789428
REDLAT_CU290_CraftDe.txt,69.88712652795293,15.277548999999997,9.994369999999996,65.41867416036433,5.393861000000005,35.305800688317255,0.051409999999999734,0.3365068572190457,5.231769000000001,34.244818982416625
REDLAT_CU475_Phonological2.txt,63.873517786561266,63.25,22.85,36.126482213438734,0.0,0.0,39.16,61.91304347826086,1.24,1.9604743083003953
REDLAT_CU550_CraftIm.txt,19.052530882923985,24.254341999999998,22.546637999999998,92.95918231877822,2.913362000000001,12.0117132017022,1.7077040000000014,7.040817681221785,0.0,0.0
REDLAT_CU643_Fugu.txt,85.7666917977977,22.707560000000004,18.445749000000003,81.23175277308526,15.213711999999994,66.99844457088297,1.3212720000000004,5.818643658763866,2.940539000000001,12.949603568150874
REDLAT_CU651_CraftIm.txt,19.576219826692512,73.025927,70.362794,96.35316782764018,11.632582999999997,15.929387654332684,0.8585099999999954,1.17562355627474,1.8046230000000065,2.471208616085088
REDLAT_CU279_Semantic2.txt,130.73387515173425,25.005057,13.76777000000001,55.05994247483623,21.452792999999993,85.79381762657046,5.4278499999999985,21.70700910619799,5.8094369999999955,23.233048418965794
REDLAT_CU460_CraftDe.txt,10.773259428663474,26.649827000000002,25.739386,96.58368889223932,1.960614000000002,7.356948320902804,0.9104410000000025,3.4163111077606714,0.0,0.0
REDLAT_CU069_Phonological2.txt,247.88799401628086,14.47394099999999,10.646140999999997,73.55385102094864,32.051362000000005,221.4418450372295,2.4253029999999924,16.756341621124434,1.4024969999999999,9.689807357926918
REDLAT_CU652_Semantic2.txt,77.82067809276644,44.46276600000001,14.315966000000005,32.1976505015455,4.454426,10.018328594311921,17.20719200000001,38.700228411340866,12.939607999999996,29.102121087113638
REDLAT_CU472_CraftDe.txt,18.13382714960859,22.002784999999996,19.971418999999997,90.76768690872542,1.9585810000000046,8.901514058334001,2.0313660000000007,9.232313091274587,0.0,0.0
REDLAT_CU148_Semantic.txt,138.62734684342013,30.724993999999985,19.098171999999998,62.1584238551845,30.966422000000012,100.78577069860462,1.3914159999999987,4.528612763927633,10.23540599999999,33.31296338088787
REDLAT_CU656_CraftIm.txt,18.424526228085618,19.433824,17.591067000000002,90.51778486827915,1.7378329999999993,8.942311096364767,1.4316569999999982,7.366831149649179,0.41110000000000024,2.115383982071672
REDLAT_CU393_CraftDe.txt,112.8988550304336,8.595949,5.086046999999999,59.1679522528577,6.194826000000004,72.06680728329128,0.18077500000000057,2.103025506549662,3.3291269999999997,38.729022240592634
REDLAT_CU428_Semantic.txt,134.6605230643566,31.027616,12.856057999999999,41.43424361059515,23.610391999999997,76.09476667495176,6.368007999999996,20.523678003492105,11.803550000000003,38.04207838591274
REDLAT_CU289_Semantic.txt,36.532625204926084,47.281067000000014,40.55018600000001,85.76410934211785,10.54213399999999,22.29673454704393,5.7032010000000035,12.062335649066469,1.0276799999999984,2.173555008815681
REDLAT_CU172_Semantic.txt,53.436261159471876,48.733825,36.148392,74.17515862955555,13.456101,27.611419789027437,8.479925999999997,17.40049339447498,4.105507,8.424347975969463
REDLAT_CU107_Phonological2.txt,62.00155094112733,40.36387899999999,37.506411,92.92072994272925,22.168763,54.92228088385659,1.8526419999999892,4.589851238033861,1.0048259999999996,2.4894188192368722
REDLAT_CU038_CraftIm.txt,26.91499834542511,34.94855500000001,31.615180000000013,90.46205200758659,6.073027999999994,17.377050353011708,0.8315829999999974,2.3794488785015493,2.501791999999999,7.158499113911858
REDLAT_CU475_Semantic.txt,106.7806360370805,28.57481199999999,25.681222999999996,89.87363766382786,27.618777000000005,96.65427370090839,2.893588999999993,10.126362336172129,0.0,0.0
REDLAT_CU392_Semantic2.txt,36.589661415329985,47.43693799999999,43.193194,91.053925107898,13.113271000000012,27.64358652322798,1.710208999999999,3.6052263744342,2.5335349999999934,5.340848517667801
REDLAT_CU172_Phonological.txt,154.9585344364777,26.625225999999998,13.31701399999999,50.016529437158546,27.949848,104.97506387363623,7.5650740000000045,28.413182295616963,5.743138000000004,21.570288267224488
REDLAT_CU411_Semantic.txt,203.34082356928445,20.14934300000001,14.494263000000007,71.93417174942131,35.31675999999999,175.27499531870578,2.866102999999998,14.224300018119683,2.7889770000000036,13.841528232459007
REDLAT_CU393_Semantic2.txt,94.98274851208002,33.03772999999999,32.14879299999999,97.30932785030933,30.49120700000001,92.29207636238937,0.8889369999999985,2.6906721496906685,0.0,0.0
REDLAT_CU127_Phonological.txt,79.9980482911902,50.72478000000001,25.98237600000001,51.22225468498829,15.83643,31.220302976178502,15.371210000000008,30.303157549426544,9.371193999999992,18.474587765585166
REDLAT_CU192_Semantic.txt,154.44504443172045,26.143147000000003,21.846453000000004,83.56474069476029,36.080101,138.00978512648075,1.5832479999999978,6.056072744417486,2.7134460000000002,10.37918656082223
REDLAT_CU280_Phonological2.txt,203.90444602891066,21.405034000000008,18.81130800000001,87.88263545855617,41.05208999999999,191.7870814874668,1.3771240000000031,6.433645468631363,1.2166019999999946,5.683719072812471
REDLAT_CU322_Phonological.txt,2.815172234038186,61.84666,60.952785,98.55469155488751,0.847215,1.3698637889257077,0.8938750000000013,1.4453084451124787,0.0,0.0
REDLAT_CU170_Phonological2.txt,77.01869246184563,13.830387999999994,9.476948999999998,68.52265460665313,6.298545000000001,45.54134706849875,3.7889329999999966,27.395710084200083,0.5645059999999997,4.081635309146786
REDLAT_CU319_Semantic2.txt,89.05815270890209,32.573805,31.552088000000015,96.86337841096555,27.98791199999999,85.92153111986761,1.0217169999999922,3.136621589034478,0.0,0.0
REDLAT_CU329_CraftIm.txt,229.69731465681224,16.012404000000004,13.625214999999999,85.09162646658176,34.392873,214.78894112339404,1.9952770000000033,12.460820998520914,0.39191200000000137,2.447552534897329
REDLAT_CU331_Phonological.txt,155.8588998924415,25.971915000000003,21.909709999999997,84.35923958629925,36.417336,140.21813947874077,3.349251000000003,12.895664412886005,0.7129539999999999,2.7450960008147254
REDLAT_CU393_Semantic.txt,126.1365400433198,29.264718999999992,26.58005899999999,90.82629154922006,34.22884400000001,116.96283159253987,0.7935629999999998,2.7116713473312353,1.891097000000002,6.462037103448704
REDLAT_CU030_Phonological.txt,88.40518769911324,33.30894799999999,21.940468999999986,65.86959456059672,18.078359000000013,54.27478225970998,8.457307000000007,25.39049567101312,2.9111719999999943,8.73990976839015
REDLAT_CU244_Phonological2.txt,119.68710759917332,21.91079100000001,16.895608000000003,77.11089937373778,21.20920899999999,96.79800697291111,0.0,0.0,5.015183000000004,22.8891006262622
REDLAT_CU419_Semantic2.txt,79.09490469940025,33.18006399999999,31.858161999999997,96.01597513494853,24.921838000000005,75.11087983434876,1.3219019999999941,3.9840248650514796,0.0,0.0
REDLAT_CU431_Semantic2.txt,82.9547385586933,31.783367000000002,30.808779,96.93365400840004,25.391221,79.88839256709335,0.9745880000000009,3.066345991599949,0.0,0.0
REDLAT_CU169_Semantic.txt,201.41287276473093,20.463980000000006,19.466398000000005,95.12518092765923,40.219508,196.53805369239015,0.6034880000000005,2.9490255561234924,0.3940940000000026,1.9257935162172877
REDLAT_CU424_CraftIm.txt,37.24079324603269,16.278077000000003,15.097097,92.74496612837005,4.881105,29.985759374402758,0.5491820000000018,3.3737523173038295,0.6317979999999999,3.8812815543261023
REDLAT_CU446_Phonological.txt,535.656567871743,9.347815000000004,9.347815000000004,100.0,50.072185,535.656567871743,0.0,0.0,0.0,0.0
REDLAT_CU439_CraftDe.txt,85.98400464491665,21.156892,18.616003,87.99025395601583,15.650654000000001,73.97425860093252,1.027546000000001,4.856790874576478,1.5133429999999972,7.152955169407668
REDLAT_CU310_CraftIm.txt,15.623580309886028,20.510638,17.758071,86.57980800012169,0.4519290000000007,2.203388310007717,2.752567000000001,13.42019199987831,0.0,0.0
REDLAT_CU428_Phonological2.txt,127.9686529178765,26.573828999999996,26.573828999999996,100.0,34.006171,127.96865291787648,0.0,0.0,0.0,0.0
REDLAT_CU338_Fugu.txt,83.95295182421994,33.34148400000001,25.447451,76.32369033124019,20.097127,60.27664215546013,5.1386110000000045,15.41206444200265,2.7554220000000003,8.264245226757152
REDLAT_CU184_Semantic2.txt,13.285715041648402,58.773073000000004,55.624515,94.64285626174421,4.659864999999995,7.9285713033926175,1.692937999999998,2.880465345073922,1.455620000000003,2.4766783931818623
REDLAT_CU148_Semantic2.txt,95.47003063430111,35.856865000000006,16.894315000000002,47.11598462386491,15.270009999999997,42.58601525816603,8.036875000000007,22.413769301917515,10.925674999999993,30.47024607421756
REDLAT_CU378_CraftIm.txt,37.25957288331079,21.051389999999998,19.313866,91.7462742365231,6.106134000000001,29.0058471198339,1.737523999999997,8.253725763476886,0.0,0.0
REDLAT_CU472_Semantic.txt,119.72888544658298,26.695283999999997,26.406659,98.91881652204937,31.673340999999997,118.64770196863236,0.28862499999999314,1.0811834779506118,0.0,0.0
REDLAT_CU230_Phonological2.txt,522.2030071935013,11.510666000000018,5.302652000000012,46.06729098038292,53.90103,468.27029817388427,0.911696000000008,7.920445263549533,5.296317999999999,46.01226375606755
REDLAT_CU228_CraftDe.txt,91.30696691803168,15.279109000000002,15.279109000000002,100.0,13.950891000000002,91.30696691803168,0.0,0.0,0.0,0.0
REDLAT_CU404_Semantic2.txt,3.001536261058439,58.990625,57.22,96.99846373894157,0.0,0.0,1.7706250000000048,3.001536261058439,0.0,0.0
REDLAT_CU170_Fugu.txt,17.207277356538132,58.008811,51.873537000000006,89.42354808823785,3.846462999999998,6.630825444775963,6.135274000000003,10.576451911762168,0.0,0.0
REDLAT_CU289_CraftIm.txt,15.039016736725857,42.593516,42.293935,99.2966511616463,6.106065000000003,14.335667898372144,0.29958100000000343,0.7033488383537143,0.0,0.0
REDLAT_CU148_CraftIm.txt,4.993310199893805,29.49266,28.02,95.00668980010619,0.0,0.0,1.4726600000000003,4.993310199893805,0.0,0.0
REDLAT_CU301_Phonological2.txt,197.53960442816046,20.446955999999993,19.918059999999993,97.413326462873,39.861940000000004,194.95293089103345,0.528896,2.586673537126994,0.0,0.0
REDLAT_CU546_Phonological2.txt,220.7090077921089,11.537954999999993,5.836398999999993,50.58434531942616,19.763750000000005,171.29335311153508,3.111705000000004,26.969293952004545,2.589850999999997,22.446360728569307
REDLAT_CU194_Semantic2.txt,71.46369348406057,43.163354000000005,23.509779,54.46698836239649,11.192551999999997,25.93068184645706,17.935906000000003,41.55355026395771,1.7176690000000008,3.979461373645803
REDLAT_CU546_Phonological.txt,125.68376068587153,20.244839000000006,16.270182000000005,80.36706046415088,21.469817999999993,106.0508211500224,3.9746570000000006,19.63293953584911,0.0,0.0
REDLAT_CU021_Fugu.txt,34.99426994553237,23.721414999999993,19.75454799999999,83.27727498549304,4.334269000000006,18.271544931025435,2.7156840000000018,11.448237805375449,1.2511829999999993,5.274487209131494
REDLAT_CU390_Phonological2.txt,327.6687353147771,14.672062000000002,11.681909999999998,79.62009702521702,45.08560799999999,307.2888323399941,0.2776700000000005,1.8925083604472261,2.7124820000000023,18.48739461433575
REDLAT_CU393_Phonological2.txt,40.14417863411978,46.310884,45.639880000000005,98.55108790408752,17.920119999999997,38.6952665382073,0.6710039999999995,1.4489120959124846,0.0,0.0
REDLAT_CU444_Fugu.txt,10.910967864253413,21.562001,20.324689,94.26160865125644,1.1153110000000002,5.1725765155098555,1.2373119999999993,5.738391348743558,0.0,0.0
REDLAT_CU292_CraftDe.txt,16.007399767310908,19.480072000000003,18.612706000000006,95.54741892124426,2.250886999999997,11.554818688555137,0.17095899999999986,0.8776096926130449,0.6964070000000007,3.5749713861427233
REDLAT_CU411_Phonological.txt,247.44039387527263,22.567144000000017,4.371799000000006,19.37240707109417,37.64488499999999,166.8128009463668,10.132029000000003,44.897258598606875,8.063316000000007,35.73033433029896
REDLAT_CU288_Fugu.txt,1.5537786429366074,89.9,88.503153,98.4462213570634,0.0,0.0,1.3800000000000103,1.5350389321468412,0.016846999999999834,0.01873971078976622
REDLAT_CU244_Semantic2.txt,108.0768383431985,21.860335999999986,16.353146999999986,74.80739088365337,18.11877100000001,82.88422922685187,2.979106999999998,13.627910385274955,2.528082000000002,11.564698731071672
REDLAT_CU408_Phonological.txt,710.0367156317209,7.660225000000001,4.569590000000002,59.65346970878794,51.299775,669.6901853405088,0.0,0.0,3.090635,40.34653029121206
REDLAT_CU008_Semantic2.txt,70.74724396843776,36.181008000000006,35.76197100000001,98.84183160402829,25.178028999999995,69.58907557246607,0.41903699999999344,1.1581683959717026,0.0,0.0
REDLAT_CU184_Phonological2.txt,72.49354382437603,36.49916199999999,34.799813,95.34414242168083,24.760187000000002,67.83768624605685,1.6993489999999978,4.65585757831919,0.0,0.0
REDLAT_CU331_Semantic.txt,109.20175116605944,29.23971700000001,29.23971700000001,100.0,31.93028299999999,109.20175116605944,0.0,0.0,0.0,0.0
REDLAT_CU239_CraftDe.txt,109.50927233379811,22.189721000000013,13.066079999999996,58.8834803285719,15.17616099999999,68.39275266237003,5.295882000000002,23.866374885921275,3.827759000000013,17.250144785506816
REDLAT_CU652_Semantic.txt,93.59951838357486,39.068435,21.299521000000006,54.518490438636725,18.798952999999997,48.11800882221158,4.587387999999997,11.741929258236214,13.181525999999998,33.73958030312706
REDLAT_CU023_Semantic.txt,109.99986916446582,32.942120999999986,22.07160599999999,67.00116850399523,25.365775000000006,77.00103766846105,3.107896000000001,9.434413770746584,7.762618999999997,23.564417725258192
REDLAT_CU443_CraftIm.txt,56.88338264842317,46.854150999999995,23.812875000000005,50.82340516638538,3.610949999999999,7.7067878148085525,5.845100999999991,12.475097457213538,17.196175,36.701497376401086
REDLAT_CU239_Semantic2.txt,296.3754615915558,15.447098000000004,13.938592000000007,90.2343728252388,44.272901999999995,286.60983441679457,0.0,0.0,1.508505999999997,9.765627174761217
REDLAT_CU338_Phonological2.txt,67.65145845569597,42.472802,29.188212999999998,68.72212716269577,15.448881,36.37358561839174,5.711683000000004,13.44786011528037,7.5729060000000015,17.830012722023852
REDLAT_CU226_Semantic.txt,35.835162054442044,54.68575800000001,35.631797999999996,65.15736327546195,0.5427699999999973,0.9925253299039893,13.108528000000007,23.97064332545231,5.945432000000004,10.871993399085742
REDLAT_CU474_Phonological.txt,165.26937549702146,19.892250999999998,4.5606230000000005,22.926631078604434,17.544171,88.19600657562586,11.776421999999993,59.201052711430165,3.5552060000000054,17.872316209965405
REDLAT_CU315_Phonological2.txt,11.066831929750572,64.41527300000001,57.286543,88.93316807024941,0.0,0.0,5.555273000000003,8.624155019881702,1.5734569999999977,2.4426769098688714
REDLAT_CU381_Semantic2.txt,91.38243561322848,32.590855999999995,31.384269,96.29777444323648,28.575731,87.68021005646493,1.2065870000000007,3.7022255567635316,0.0,0.0
REDLAT_CU192_Phonological.txt,218.76361106114527,17.306236999999992,12.079176999999994,69.79666925860313,32.632689,188.5602803197484,1.7889259999999958,10.336886060210528,3.438134000000004,19.86644468118636
REDLAT_CU392_CraftIm.txt,55.89368332578469,9.092158000000001,6.4288810000000005,70.70797713810076,2.418665,26.601660463885466,1.890823,20.796196018590962,0.7724539999999998,8.495826843308262
REDLAT_CU422_Fugu.txt,30.41933981509839,29.658690999999994,24.230081,81.69639381589701,3.5933680000000034,12.115733630995393,2.352059000000003,7.930420799758166,3.076550999999995,10.373185384344831
REDLAT_CU038_Semantic2.txt,101.4681967782892,32.258822999999985,30.813014999999993,95.51810058290101,31.28663800000001,96.98629736119022,0.8954609999999903,2.77586383111371,0.5503470000000021,1.706035585985274
TOTAL,80.12601129350381,16992.214114000017,13368.02335399999,78.67146249637928,9990.992640000004,58.79747378988326,1960.4567539999985,11.53738259680216,1663.7340059999995,9.791154906818388
